entity_id,primary_name,alt_names,lon,lat,state_fips,place_geoid,place_name
church_overture:0002970e-5284-4b36-a037-65a6ab221ca7,First Baptist Church,,-100.822309,34.00979173,48,4847004,Matador
church_overture:0011a533-83bb-4611-bb96-945390dccb88,First Baptist Church of Park Forest,,-87.6832562,41.4921116,17,1757732,Park Forest
church_overture:0013cd98-499d-4612-9f9c-b5b0984bf65f,First Baptist Church,,-80.50403451,41.21858456,42,4225360,Farrell
church_overture:00146e69-cdbc-4345-9b92-711023638150,First Baptist Church,,-78.97953141,39.44075117,54,5443492,Keyser
church_overture:0016c1dd-13d0-42be-9023-7f155e5bc2ee,First Baptist Church,,-78.8948706,42.65196867,36,3623404,Eden
church_overture:001ec4e6-1db9-4805-a92e-fe523aafe7e4,First Baptist Church,,-91.193768082288,32.40307896444029,22,2274690,Tallulah
church_overture:0022d044-12c1-40b4-827f-a70f550b347e,First Baptist Church of Blue Hill,,-68.5881146,44.41575823,23,2305665,Blue Hill
church_overture:002b4ce0-020a-47e2-9f00-20d74ecbb995,First Baptist Church,,-84.4520829,39.24139668,39,3943722,Lincoln Heights
church_overture:003360f3-ca59-418f-9266-a76c4c0ecba1,First Baptist Church,,-80.34154295,39.30474168,54,NA,NA
church_overture:003df040-d9df-4795-bd53-4a079307f6d5,First Baptist Church,,-98.59063134525732,36.059879944432,40,4011600,Canton
church_overture:005dabf8-5be5-4ead-a739-e1d7506b9716,First Baptist Church Kingston,,-94.03873995,39.64385026,29,2938846,Kingston
church_overture:00779521-c334-4bbd-9b78-e88e7898080e,First Baptist Church,,-92.24336727,34.73846436,05,0541000,Little Rock
church_overture:0095e51c-53f3-4788-ab5b-10e5e55185b7,First Baptist Church,,-82.83055428,38.57191974,21,2133004,Greenup
church_overture:00a258c0-bf28-4421-87e3-a786138e52b5,First Baptist Church,,-93.48164341,35.46219222,05,0514140,Clarksville
church_overture:00ad0454-0dae-40da-bd7f-8c97a48fee20,First Baptist Church,,-97.23562011,35.95448881,40,4017950,Coyle
church_overture:00b2fd22-0685-41f6-ac24-870a2a6b40db,First Baptist Church,,-81.54866501,30.72364385,13,1367984,St. Marys
church_overture:00c5f72d-9dae-47fa-9d5d-d36b2b5d49d7,First Baptist Church,,-90.44042334884028,41.492290870206475,17,1722073,East Moline
church_overture:00cafd3b-3bd0-4e44-b2ae-67952a035341,First Baptist Church,,-79.75106113,40.60178329,42,4276104,Tarentum
church_overture:00ccfa20-daa2-4039-8825-6b8770247a54,First Baptist Church,,-82.82092299,37.11577005,21,2182776,Whitesburg
church_overture:00e2c5d3-c2de-4ee2-b15f-cdceaa0ec21e,First Baptist Church,,-94.03111443,38.19201243,29,2901522,Appleton City
church_overture:00e875f9-58f5-46a3-a736-ba0f529a2055,First Baptist Church,,-82.85134062,39.95574891,39,3918000,Columbus
church_overture:00eb791c-8d19-4cad-b0ef-79d387b30f59,First Baptist Church,,-82.83036549,40.54930717,39,3952738,Mount Gilead
church_overture:01096f08-839a-4301-b156-a7c0d66d9652,First Baptist Church,,-89.07637518,41.92698632,17,1764746,Rochelle
church_overture:01143c7a-573d-4398-b26b-2d608cd9f08c,First Baptist Church,,-95.23698492,29.66758911,48,4869020,South Houston
church_overture:01197eab-734e-476d-90b1-8d2fac5e2daf,First Baptist Church of Eclectic,,-86.03509601,32.63308445,01,0122816,Eclectic
church_overture:01228907-ad8d-4081-a075-f9710fd8f7a3,First Baptist Church,,-84.131705,41.244319,39,3935854,Holgate
church_overture:01271c93-e29d-437d-94f6-048f167279a3,First Baptist Church,,-98.1931753,34.06554307,48,4811644,Byers
church_overture:0136d0be-bb2d-4211-9986-b849c1df9fdc,First Baptist Church of Birch Tree,,-91.53458553804744,36.887203058613316,29,NA,NA
church_overture:013a8ba1-0e99-4624-8a90-6df2b344aeac,First Baptist Church,,-83.42121947,31.13609436,13,1300576,Adel
church_overture:01432ce5-fc54-46d7-9852-b6119a868187,First Baptist Church,,-81.32174157,31.9552094,13,1365044,Richmond Hill
church_overture:0145d6d0-a02c-4fad-8588-e5a2189eb90d,First Baptist Church,,-92.35984011,36.34534545,05,0547390,Mountain Home
church_overture:01576e5a-4585-40cc-ba80-1607983c6343,First Baptist Church Avon Park,,-81.50206803,27.59752577,12,1202750,Avon Park
church_overture:01641392-8e54-4499-9cb1-8f87003b2e57,First Baptist Church Mount Vernon,,-95.22109258,33.18583956,48,4849860,Mount Vernon
church_overture:0169a2a3-66b1-415f-8e9e-5d003ccb44fd,First Baptist Church,,-96.781928,33.322292,48,4813684,Celina
church_overture:016d477e-96d5-4401-8ed2-77ab212889b8,First Baptist Church Of Malden,First Baptist Church of Malden,-71.0666806,42.4276787,25,2537875,Malden
church_overture:0172ec1c-e802-438e-9870-eb2d8e96effa,First Baptist Church,,-92.3031873,40.14797742,29,2933904,Hurdland
church_overture:018602b8-6fba-4bf4-8a51-b084e0253dde,First Baptist Church of Big Piney,,-110.12969455,42.54005562,56,5607060,Big Piney
church_overture:0193a55c-835c-4d05-967a-16db872be688,First Baptist Church Punta Gorda,,-82.05214551,26.92955872,12,1259200,Punta Gorda
church_overture:019e643f-d96b-4d9b-9d42-0ca840f706d9,First Baptist Church,,-76.28880468,36.76493355,51,5116000,Chesapeake
church_overture:01b26af6-68d6-441d-b167-9144ab3aaa5d,First Baptist Church,,-92.62884094133176,35.00202019110926,05,0505920,Bigelow
church_overture:01d1bfbb-9eec-4ce4-8fdf-8c3105bd8021,First Baptist Church of Elmwood Park,,-90.3753825,38.68529367,29,NA,NA
church_overture:01d3cc0c-7750-484f-afea-e46d382be147,First Baptist Church,,-77.6892205,36.4137991,37,NA,NA
church_overture:01f5a8af-1090-4a66-b80f-68d619757459,First Baptist Church,,-73.35034878,42.8991526,36,3635474,Hoosick Falls
church_overture:01f77a46-0575-496f-8f4d-22d0a8cba0fb,First Baptist Church,,-80.78089257,33.66918452,45,4562620,St. Matthews
church_overture:020f4f6e-e57c-47b9-8645-b7e0f515eeff,First Baptist Church of Altha,,-85.12837011,30.57039848,12,1201000,Altha
church_overture:022197fa-ccaa-4dcb-8353-5a3dc4d58afb,First Baptist Church,,-84.48546712,39.13187559,39,3915000,Cincinnati
church_overture:02431f28-96de-4ad9-9019-2164a35e4def,First Baptist Church of Toledo,,-123.93825152,44.628418,41,4174000,Toledo
church_overture:02610114-13b0-40aa-895a-842e2fe67eef,First Baptist Church,,-95.12361688,29.53674769,48,4876948,Webster
church_overture:0279ae7e-fa81-4f13-b20e-d5d4a0fb71f5,First Baptist Church of Keene,,-72.31747033,42.95290973,33,3339300,Keene
church_overture:027a12a0-6bc9-45c6-a21f-378117c7d5c0,First Baptist Church,First Christian Church,-93.70180861,38.04350561,29,2955388,Osceola
church_overture:027abe9a-e6ef-4d56-9c43-154ebd609c10,First Baptist Church of Nolanville,,-97.60462121,31.078119740000002,48,4851708,Nolanville
church_overture:02804558-a64f-4fa1-aa66-98135ed92b18,First Baptist Church,,-84.99628471597478,40.438208225897085,18,1861236,Portland
church_overture:02969327-479d-4672-bc83-ad171c962d87,First Baptist Church Oak Hill,,-82.53569266,38.88792504,39,NA,NA
church_overture:029a9d72-bb65-4edd-ac67-870db61f3097,First Baptist Church,,-93.55578098,38.76508241,29,2939188,Knob Noster
church_overture:029fd091-d1b6-484c-906f-5f77bf5a3dc8,First Baptist Church,,-101.94956310322635,34.18813330376707,48,NA,NA
church_overture:02b29730-0c88-44d6-a09a-f914f7801f3b,First Baptist Church Rialto,,-117.37271863,34.0906144,06,0660466,Rialto
church_overture:02b5d6b8-5071-42e6-92fc-a45226047e4d,First Baptist Church,,-88.63276742,37.68555973,17,1711397,Carrier Mills
church_overture:02be975d-3fdb-44a3-926b-ca49fc629844,First Baptist Church Frostproof,,-81.53241661,27.74829017,12,1224900,Frostproof
church_overture:02c75b66-549f-4aa1-aa69-dc35ac56643f,First Baptist Church,,-84.55994061,40.5488506,39,3912868,Celina
church_overture:02c9f0eb-493c-4071-8a55-edd26ff0981e,First Baptist Church,,-71.05567386,42.28795721,25,2507000,Boston
church_overture:02cafea5-8efb-44ea-9305-9a978d543aa6,First Baptist Church,,-78.29633444,36.10266916,37,3739360,Louisburg
church_overture:02d25aa5-5050-47bc-ab31-9f24ba4fe717,First Baptist Church of Pettus,,-97.79850359,28.6205199,48,4857116,Pettus
church_overture:02f2edce-4314-4df8-9d14-288a6421dec4,Lake Park First Baptist Church,,-80.070433,26.797996,12,1238600,Lake Park
church_overture:02f65874-df3e-453c-bc0c-3db8a9d028e2,First Baptist Church,,-89.19231949,36.26012161,47,4755240,Obion
church_overture:02fcb848-6539-407d-a5f1-993b41c4b89f,First Baptist Church,,-78.01227812,35.65005891,37,NA,NA
church_overture:030a4ca1-a436-4563-8e43-33e9eeabd846,Tinsman First Baptist Church,,-92.35455172,33.62698166,05,0569350,Tinsman
church_overture:0316bd71-c39b-4596-b9ba-737e3f87392a,First Baptist Church,,-92.360477,45.307118,55,5501725,Amery
church_overture:03308edd-2df6-4019-b887-fe58944ad111,First Baptist Church,,-86.84328931,34.98580966,01,0102260,Ardmore
church_overture:03347917-cbde-41b2-8fb2-c1e7fe3a777b,First Baptist Church of Homosassa,,-82.60828098,28.78273243,12,1232375,Homosassa
church_overture:033a06ff-fc9d-4d31-9b3e-d290d5434826,First Baptist Church,,-83.28876197,36.1092349,47,4780360,White Pine
church_overture:033dc7cd-1e35-45a2-aefc-e0719d77e087,First Baptist Church,,-78.4078922,40.51321982,42,4202184,Altoona
church_overture:033fbab5-9da3-4336-90de-0b0ae202f145,First Baptist Church,,-83.8719997,30.54490716,12,1246500,Monticello
church_overture:0348727f-258e-45ec-8909-9201bceab57d,First Baptist Church,,-91.33840213141995,34.29477595340405,05,0518790,DeWitt
church_overture:03538b0b-5239-48aa-a57e-22368f8ef36d,First Baptist Church,,-74.92670939,42.69789877,36,3618047,Cooperstown
church_overture:0359060d-3b1c-4946-9466-e14f61d76f95,First Baptist Church Inverness,,-82.35126799,28.82629586,12,1233950,Inverness
church_overture:036dd3f8-7e1e-45e1-8fd1-6d1ee2a1d336,First Baptist Church McGregor,,-97.40815904,31.43518844,48,4845672,McGregor
church_overture:038367fc-a06c-4765-bef7-725cfe1b1564,First Baptist Church,,-85.72360136,34.44149478,01,0127616,Fort Payne
church_overture:0387b369-4968-4151-bc9e-60cdc84cc099,First Baptist Church,,-84.1603323,36.73957747,21,2183334,Williamsburg
church_overture:03942454-e12c-432b-9f8f-745eb0da61b0,First Baptist Church,,-81.840662,38.42382162,54,5459068,Nitro
church_overture:0399509a-8e0d-43f8-a154-8ce12b2077c2,First Baptist Church,,-82.1133935,32.17719799,13,1317832,Collins
church_overture:039c8a33-c734-472e-8cff-2b9baabbe333,First Baptist Church,,-80.99435604863568,39.56519021519023,54,5474380,Sistersville
church_overture:039d4cc0-6f12-4552-a182-af10178c8522,First Baptist Church,,-73.90978237,40.66269103,36,3651000,New York
church_overture:03c14d89-a5a6-41c8-96c7-13a98c02e82b,First Baptist Church Sparks,,-119.74252422,39.58689925,32,NA,NA
church_overture:03c38812-2b4d-43e8-a5d6-1ef8c0411287,First Baptist Church,,-71.13303747,42.4531602,25,2580545,Winchester
church_overture:03d6ee10-9172-4aff-b2a8-ec3a0722e573,First Baptist Church Mauriceville,,-93.87084147,30.20961335,48,4847100,Mauriceville
church_overture:03dcbe2d-651b-4d18-ace9-541556c50e41,First Baptist Church,,-85.26617254,36.14737274,47,4749760,Monterey
church_overture:03f5c41f-50ef-49a5-960e-11bee303b81e,First Baptist Church,,-81.1305654932215,32.874939887164835,45,4531885,Hampton
church_overture:03fe957a-f14c-406a-bd4f-c5ba015ec961,First Baptist Church Chataignier ,,-92.32137166498792,30.566234049135886,22,2214450,Chataignier
church_overture:0406f077-a3fe-4b9c-8b50-73b9d0c57098,First Baptist Church,,-100.01041384,29.6621226,48,4812388,Camp Wood
church_overture:0432be54-fc98-4023-b72b-97ba55891c82,First Baptist Church Of Tellico Plains,,-84.2971922,35.3586362,47,4773260,Tellico Plains
church_overture:04565088-6a34-4c08-80a3-d9b469fac87e,First Baptist Church,,-122.23807961,48.46101995,53,5312840,Clear Lake
church_overture:046e3994-f354-413c-ad1e-ad4c1ed51a38,First Baptist Church,,-84.69684671,35.38068965,47,4762580,Riceville
church_overture:04717262-7f11-4f80-9d1b-75aa5b306d0d,First Baptist Church,,-75.54573172,37.83862546,51,NA,NA
church_overture:047684b5-6ce3-4c11-bd28-279d7de77a49,Edenton First Baptist Church,,-84.05841973,39.23000535,39,NA,NA
church_overture:048b9c0e-1971-48f7-ba7b-38c2339eac81,First Baptist Church,,-91.91179309,42.6796737,19,1958620,Oelwein
church_overture:048c5904-292b-473e-ba39-3edc31a95ebb,First Baptist Church of Winona,,-95.16850511,32.49148567,48,4879828,Winona
church_overture:049b37c7-facf-4d56-a409-5bdf52703523,First Baptist Church of Fitchburg,,-71.79728041,42.60083035,25,2523875,Fitchburg
church_overture:049f2a46-7d5c-4bb4-bb21-2673fb074b36,White Oak First Baptist Church,,-84.71296119,33.40420203,13,NA,NA
church_overture:04a46d50-b494-444f-a8a5-dadb8241a93a,First Baptist Church,,-92.4272486,30.78255781,22,2260495,Pine Prairie
church_overture:04b44eac-919d-45c3-b37a-9567be781ee2,First Baptist Church,,-99.92200737,35.65455656,40,4063100,Reydon
church_overture:04b8281d-7224-42bb-b1dc-7315fd685e8a,First Baptist Church Normandy,,-86.3337,35.53075,47,4778120,Wartrace
church_overture:04d1aaf1-d850-4685-ab85-c7c90f07afe8,First Baptist Church of Clinton,,-88.86237469,42.55650066,55,5515625,Clinton
church_overture:04ed6874-72fd-4200-b466-33875ef97165,First Baptist Church Denton,,-97.1485585,33.2250506,48,4819972,Denton
church_overture:04ee1c27-457f-498e-9536-1f2e6d6603a0,First Baptist Church,,-84.92226777,36.00414089,47,NA,NA
church_overture:04efeff8-0d32-4a6c-94fe-709fb5d90358,First Baptist Church,,-118.19186708,33.7798175,06,0643000,Long Beach
church_overture:04f5f0f5-7e6a-4ac6-a78b-e16e0560dde2,First Baptist Church,,-92.09472719071107,42.848640076218416,19,1976260,Sumner
church_overture:04f87f40-357c-4765-aa86-f045fd5a0369,First Baptist Church,,-102.05229025,46.90379472,38,3836860,Hebron
church_overture:0502d4af-bdcb-463f-acfe-e7996e1effff,First Baptist Church of Smithville,,-94.58135951076997,39.38476938180878,29,2968420,Smithville
church_overture:050b6ed2-31b0-4dc2-8159-da92d15e4aba,First Baptist Church Of Tampa,,-82.46342,27.945457,12,1271000,Tampa
church_overture:05101522-6a90-49ad-b3f9-4ba0fbc2bd8e,First Baptist Church,,-90.72531622,33.74453771,28,2814260,Cleveland
church_overture:052858b8-e5ba-4c48-8a82-8daffb2556ea,First Baptist Church,,-77.423633,36.129097,37,3759780,Scotland Neck
church_overture:053938c7-ab34-4f00-a3f8-3eda8a10a603,First Baptist Church,,-99.17311931,28.66873345,48,4820428,Dilley
church_overture:0544b605-6fa1-47e6-baa3-5a371d635dde,First Baptist Church,,-97.45099932,29.50105016,48,4830116,Gonzales
church_overture:054c8d4e-a6a6-46d0-b2cd-b8c0ca596546,First Baptist Church of Goose Creek,,-80.04234476,33.00174016,45,4529815,Goose Creek
church_overture:05575c71-5b9f-4ac4-878d-f6d463c6e08c,First Baptist Church,,-82.5741736,38.39887135,54,5443180,Kenova
church_overture:0559a124-4f86-49e5-898a-b64e70a4dc8d,First Baptist Church,,-88.39169544,35.6470832,47,4741980,Lexington
church_overture:0562639b-887a-4913-b129-a57ed1b1338d,First Baptist Church,,-81.87732585,37.7392236,54,5450932,Man
church_overture:0589ccfd-97a6-48c4-88a3-50144f56bede,First Baptist Church,,-87.40306127,31.43084033,01,0128312,Frisco City
church_overture:058f863a-d40b-4ad4-95cc-abc4a44d9df2,Huber Heights First Baptist Church,,-84.13015048,39.87852671,39,3936610,Huber Heights
church_overture:0594b811-f217-4fa2-b3d9-7ec3f7d05821,First Baptist Church,,-92.76565155,30.60964309,22,2257450,Oberlin
church_overture:059bf88c-b1d2-4ca2-925d-37b7945e3718,First Baptist Church,,-95.01047665802344,43.627306875022974,27,2731562,Jackson
church_overture:059d31c2-b0d5-43ef-aeb8-181e83b9bae6,Slaughter First Baptist Church,,-91.14552227,30.71786353,22,2270770,Slaughter
church_overture:05a1953a-9396-4fe7-8340-1d4a06041083,First Baptist Church,First Christian Church,-93.81767461,37.09943556,29,2950672,Mount Vernon
church_overture:05b57884-5d58-4a77-a982-c313d5f0d291,first baptist church,,-93.27797644445401,44.974859008715825,27,2743000,Minneapolis
church_overture:05b96408-1a32-4c15-82fe-5d864b8e4b79,Fultondale First Baptist Church,First Baptist Church of Fultondale,-86.800056,33.604218,01,0128552,Fultondale
church_overture:05c019a0-9f31-4138-8584-a0c18af605f9,Parkside First Baptist Church,,-91.09970733,40.77832238,19,1909550,Burlington
church_overture:05cfc435-e946-4510-a957-3ebc9b6b7cda,First Baptist Church,,-83.55827731,35.78986566,47,4758080,Pigeon Forge
church_overture:05edf34d-9619-453c-92c5-426f309893b0,First Baptist Church,,-98.7631425,38.00221071,20,2062275,St. John
church_overture:05fa7d14-e694-4151-8c3b-61ae8d505cc2,First Baptist Church Long Beach,,-89.1686314945568,30.373844996944015,28,2841680,Long Beach
church_overture:0615c58a-8788-46af-9030-39b621d7ca6d,First Baptist Church,,-96.43021441,31.04813209,48,NA,NA
church_overture:061a9eb3-3c70-4223-9bf1-b284c6d09433,First Baptist Church Westwego,,-90.14597642,29.90545216,22,2281165,Westwego
church_overture:06250b5f-0426-4592-9910-61cbc9f7bcc9,First Baptist Church of Marina,,-121.80070336,36.68289545,06,0645778,Marina
church_overture:0626f037-52b6-493c-873a-2b3802eb7de7,First Baptist Church,,-96.67086115,29.4912864,48,4867472,Sheridan
church_overture:063010f5-a6e0-4a15-afe1-bf71d5c79a10,First Baptist Church of Reynoldsville,,-78.88685278,41.09479888,42,4264376,Reynoldsville
church_overture:06435c1d-07db-4dcc-b1b5-4e789f2495d9,First Baptist Church,,-84.83449465779076,36.8618902719628,21,2153130,Monticello
church_overture:0646d3d6-cac3-4256-b778-f62858c3aa0e,First Baptist Church,,-95.92154908,40.81433412,31,3149635,Union
church_overture:064794b0-8675-4969-ab36-23c7145beb87,First Baptist Church,,-82.35971462,27.90008138,12,1254387,Palm River-Clair Mel
church_overture:064db5a3-affc-4cf4-81e4-787f14dccf3c,First Baptist Church,,-83.32225342,36.85107764,21,2134732,Harlan
church_overture:064eb8dd-4b5b-4198-ac4e-e2a3f1f43f6b,First Baptist Church,,-79.68267,34.6172,45,4505680,Bennettsville
church_overture:0652024e-a983-4efb-8e17-c9042079a53d,First Baptist Church,,-70.10044379,43.86258822,23,2326490,Freeport
church_overture:0652d9ee-76f8-4502-b91e-77f44ca15d2f,First Baptist Church,,-98.75560238,33.3701978,48,4854000,Olney
church_overture:0652f3d3-aa40-445b-ab8e-d8d523c02672,First Baptist Church Of Bellbrook,,-84.09385130679587,39.63877935406433,39,3905102,Bellbrook
church_overture:0662509d-3923-424d-9171-4b1b1e65d22d,First Baptist Church,,-81.74424459314794,31.710496267330914,13,1347784,Ludowici
church_overture:0691c387-5dc4-47d9-9a5f-4693e5de3792,First Baptist Church,,-106.67095974,46.27028881,30,3027700,Forsyth
church_overture:06a84086-938f-4005-8be0-98ec8725e660,First Baptist Church of Seaman,,-83.58072,38.94114,39,3971206,Seaman
church_overture:06b1128c-1e16-4ec5-a7c4-60428dc95677,First Baptist Church,,-81.24398524,34.99179945,45,4579630,York
church_overture:06d4aabb-b90b-4b60-9ba9-c24481513c53,First Baptist Church of Delaware,,-75.58085065,39.6651498,10,NA,NA
church_overture:06d8a239-311a-4a31-905b-8ac2d63beaf9,First Baptist Church,,-85.08069,31.8861,13,1332528,Georgetown-Quitman County
church_overture:06df217a-68af-46c9-9036-3f707b1bd779,First Baptist Church,,-89.01009637,42.24658245,17,1765000,Rockford
church_overture:06e0adbc-ffb7-4b49-a892-398c0fab5769,First Baptist Church,,-96.13456509,32.90949168,48,4860140,Quinlan
church_overture:06e1261d-8af9-41c1-911c-2c76903dfcb2,Williams First Baptist Church,,-86.64748046,38.80906798,18,1884338,Williams
church_overture:06e1adea-63cd-4414-995f-f5767edc7529,First Baptist Church,,-97.7871293,26.40655786,48,4845228,Lyford
church_overture:06e90716-a371-445d-98d0-3c21bacdfed8,Bayfield First Baptist Church,,-107.05078125,37.718590325588,08,NA,NA
church_overture:06ecc3b3-05d6-42b2-b1e5-48fb0ade1d1c,First Baptist Church,,-91.55521764,31.63266068,22,2225440,Ferriday
church_overture:06ef1cd0-ec17-4761-a306-1b810b60cd0f,First Baptist Church,,-123.32519248181484,42.44145964242621,41,4130550,Grants Pass
church_overture:0707b469-84a9-4fb0-90a3-192b19fc7f4a,First Baptist Church Austell,,-84.633511,33.8084,13,1304252,Austell
church_overture:070e8d75-62f4-4915-8281-0360f55a33ea,First Baptist Church of Noble,,-97.39385587,35.13779577,40,4052150,Noble
church_overture:0717df48-2be3-4615-b656-f29fd303d46f,First Baptist Church,,-93.58110257821757,36.61018754928499,29,2967232,Shell Knob
church_overture:0737751f-1a08-4677-b66f-9864a979fe2f,Wallace First Baptist Church,,-87.228219,31.20948595,01,NA,NA
church_overture:0748020c-209e-430e-8b6b-70c70659421f,Strang First Baptist Church,,-95.13024964,36.41151408,40,4070750,Strang
church_overture:074d733b-73cb-471c-b678-427be9908519,First Baptist Church Hitchcock,,-95.032279,29.350011,48,4834220,Hitchcock
church_overture:075b0366-1906-4340-a10b-c17c11dc6083,First Baptist Church,,-71.26847138,41.77152943,25,NA,NA
church_overture:076738fa-e108-4d6c-a000-be6e1eb40c0b,First Baptist Church,,-75.02088949,39.54757577,34,3451390,Newfield
church_overture:076ad8df-9b63-45bf-b984-61dd1cc4f9f7,First Baptist Church,,-98.43851072,35.0990109,40,4027100,Fort Cobb
church_overture:07795ec5-ae3d-464d-a937-4145dfe7bbb4,First Baptist Church of Pine,,-111.45462345,34.38995575,04,0455700,Pine
church_overture:077d7240-6b13-40bc-91e7-05e63a148c47,First Baptist Church-Jordan,,-76.47611742,43.0654889,36,3638825,Jordan
church_overture:07945e11-0500-444c-b578-a847aa2d5d8e,First Baptist Church of Boynton Beach,,-80.06486112,26.52943223,12,1207875,Boynton Beach
church_overture:07a4a307-94c6-4392-9e53-72c9630065d4,First Baptist Church of Dunnellon,,-82.47018539,29.05988323,12,1218675,Dunnellon
church_overture:07a624da-6096-4e9b-aab4-62b993dcc970,First Baptist Church,,-96.28756470922171,44.26897775709157,27,2734100,Lake Benton
church_overture:07b299fe-39b7-4c2b-bfc6-5b4bebda5fc8,First Baptist Church,,-86.88820811,40.98656073,18,1825288,Francesville
church_overture:07d4241c-9b69-4b82-8ccb-fbdeb270b789,First Baptist Church,,-122.9942245,44.40415283,41,NA,NA
church_overture:07def9ba-49af-48a7-b7b5-f95c9e737f2f,First Baptist  Church,,-102.40022924298236,34.819269473900945,48,4833320,Hereford
church_overture:07e30a66-afa9-4d02-bf7b-50fdb57d6c5e,First Baptist Church Broken Arrow,,-95.79186525,36.07737916,40,4009050,Broken Arrow
church_overture:07f1e067-e305-4a65-810f-9ed2aab9b4b4,First Baptist Church,,-93.99626663751863,31.972371622107694,22,2245040,Logansport
church_overture:07fa7a40-0d47-42ee-8c13-1d65824569db,First Baptist Church,,-91.56329846,33.98406438,05,0527730,Gould
church_overture:0801733d-35d4-41c7-8919-fdf11a785f45,First Baptist Church,,-82.708181,27.839592,12,1256975,Pinellas Park
church_overture:08143386-0264-494e-9c5c-ca2c998c833f,Valley Hi First Baptist Church,,-98.63661899,29.36800761,48,4865000,San Antonio
church_overture:0816d943-5da8-4dce-a094-bfca03ec2640,First Baptist Church,First Baptist Carrollton,-96.8892,32.981081,48,4813024,Carrollton
church_overture:0819527f-cd78-46eb-8980-dffc41b248a4,First Baptist Church of Tallmadge,,-81.41771368,41.08430983,39,3976106,Tallmadge
church_overture:082fa5fa-ed33-4c53-8deb-f975ab5e0394,First Baptist Church,,-82.55637,39.741464,39,3941720,Lancaster
church_overture:0830800b-d642-4988-bf9d-a329d7053011,First Baptist Church Lake Charles,,-93.214752,30.227717,22,2241155,Lake Charles
church_overture:08336a3b-c6ff-42b5-b635-8f8c36306952,First Baptist Church,,-93.93790041707793,39.23699612417879,29,2931654,Henrietta
church_overture:0837595b-1239-40e9-855c-318db86b25ee,First Baptist Church,,-106.9532495,39.63782487,08,0833695,Gypsum
church_overture:08392570-3d93-4e15-bfa4-6ae90c4c2006,First Baptist Church of Leland,,-78.012728,34.240104,37,3737680,Leland
church_overture:0849358d-1749-4284-9d16-d3f5ae8e892d,First Baptist Church,,-87.49760747,39.27595338,18,1861686,Prairie Creek
church_overture:085aff05-6004-42ea-8891-49a1c0785745,First Baptist Church,,-81.21187747,35.57493909,37,3740660,Maiden
church_overture:086762ac-7e7e-41a3-bdd2-c8b3aebdd3dc,First Baptist Church,,-86.17031797,31.22029567,01,0140096,Kinston
church_overture:08688dfa-39ff-4b49-988a-19884150ed13,First Baptist Church of Dayton,,-94.886048,30.044924,48,4819432,Dayton
church_overture:0880dcfb-2558-49aa-9d20-5ef42c12212a,First Baptist Church Fostoria,,-83.407829,41.163443,39,3928014,Fostoria
church_overture:08882090-0ef8-4795-9fb6-a7d8a34602da,First Baptist Church Eaton,,-84.63205956340612,39.758809770248114,39,3924234,Eaton
church_overture:0892277e-47e3-474c-bd82-3966b00b6b9a,First Baptist Church Of Fond Du Lac,,-88.42066105,43.7915645,55,5526275,Fond du Lac
church_overture:08949447-4c65-4f0f-8e75-c1650c428b2c,First Baptist Church,,-94.453262,32.24432,48,4807108,Beckville
church_overture:0899ba92-db4e-4dd0-a83d-fb3b161aa41c,First Baptist Church,,-98.1785885,28.45866888,48,4872872,Three Rivers
church_overture:089dd2e4-e4ce-4f2b-92ef-794bfad75960,First Baptist Church,,-100.12105292,32.4896858,48,4873580,Trent
church_overture:08a6fae6-f6c5-4dc8-b974-9bab6def32e4,First Baptist Church of Gretna,,-90.04520283,29.90395558,22,2231915,Gretna
church_overture:08b3712b-ab49-46f8-b716-1590c4e97b62,Blackgum First Baptist Church,,-94.99013448,35.60965354,40,4006500,Blackgum
church_overture:08b4a844-8117-4a89-83a8-b7b3b120652b,First Baptist Church of Krebs,,-95.55328605519749,34.93122334422893,40,NA,NA
church_overture:08b4f066-9b1d-4601-9da2-eadcb843d403,First Baptist Church,,-84.4343303,39.01589191,21,2116372,Cold Spring
church_overture:08b5bf13-e183-4d17-9cda-fc8b15e848c5,First Baptist Church of Harrah,,-97.165623,35.490088,40,4032750,Harrah
church_overture:08cd5898-9cb8-4c4d-9e20-d20b36084230,First Baptist Church,,-95.31042126,34.9211317,40,4081000,Wilburton
church_overture:08d12820-5a92-4943-a7a6-470de96373ac,First Baptist Church of Hicksville,,-73.50727472,40.78082261,36,3634374,Hicksville
church_overture:08d3e9d3-bda3-46d7-a130-ec969f66d8ed,First Baptist Church of Moore,,-81.99279546,34.83450842,45,NA,NA
church_overture:08d7e392-48f3-4af1-a26f-dcce23b9f0e4,Micro First Baptist Church,,-78.20217323,35.56366189,37,3742620,Micro
church_overture:08db571a-5917-45e3-bae8-175ee495a6f6,First Baptist Church of Dillsboro,,-85.04746147,39.01857818,18,1818190,Dillsboro
church_overture:08deb462-a033-4cf4-bfe2-f67318d86317,First Baptist Church,,-74.26534628,43.78041919,36,NA,NA
church_overture:08e014be-ecdd-4777-92fb-c607d5c0df07,First Baptist Church of Indianola,,-96.5617505,28.56466446,48,4801594,Alamo Beach
church_overture:08e0d8db-f8d2-4746-8b71-c27157409df6,Rochester First Baptist Church,,-89.53072165,39.74798292,17,1764759,Rochester
church_overture:08f33503-641b-4c54-b45d-b7948d832f52,First Baptist Church,,-78.54526836,42.64332828,36,3635111,Holland
church_overture:08f86959-c0e3-470c-8da8-adfd5b32c10e,First Baptist Church of Greensboro,,-79.9125475,39.7904715,42,4231192,Greensboro
church_overture:090d3844-6408-4841-bafc-41339b428a8f,Trimble First Baptist Church,,-89.18934298,36.20336298,47,4775160,Trimble
church_overture:09213766-651d-435e-955c-5ff4d7f5060a,Elkville First Baptist Church,,-89.23465818,37.91620018,17,1723373,Elkville
church_overture:0922fd88-716a-4158-a8d0-7c26994802d1,Walkertown First Baptist Church,,-80.15027,36.177,37,3770660,Walkertown
church_overture:092c3fb9-cf3d-49fe-a3c1-c913bae5dae5,First Baptist Church,,-98.94379444,31.2712923,48,4861880,Richland Springs
church_overture:09314ffa-a080-40be-b2f4-186b03481668,First Baptist Church,,-72.22425847,41.78708309,09,NA,NA
church_overture:0932dc3d-0dd6-409b-84e6-7ba7970e16c6,First Baptist Church,,-94.373729,35.594521,05,0512520,Cedarville
church_overture:0934d848-4930-44c5-9352-dca027e69c04,First Baptist Church of Gardiner,,-69.77357629,44.22854345,23,2327085,Gardiner
church_overture:09359dc0-22e3-4f05-88f9-27141374bdb4,First Baptist Church,,-95.34563150264732,36.1889299764461,40,4014300,Chouteau
church_overture:095b1457-4188-4e05-86ea-1f2298a37b59,First Baptist Church East Camden,,-92.73786466931465,33.6078137444213,05,0520440,East Camden
church_overture:0963c981-5c6f-41d6-ab66-27504d21ed10,First Baptist Church,,-98.602781,34.463742,40,NA,NA
church_overture:09663759-9d31-4675-9938-f1fc373d76b5,First Baptist Church-Youngstown,,-85.43881712,30.36507986,12,NA,NA
church_overture:096c27cc-76b3-4822-b6ec-2bea391f79bb,First Baptist Church,,-74.34991567,40.6530545,34,3479040,Westfield
church_overture:0971aa0b-a263-4589-988e-fe8581a58076,First Baptist Church East Brewton,,-87.055441,31.100776,01,0122216,East Brewton
church_overture:09783e9b-21b7-47db-bc74-32883a993f6e,Huntingdon First Baptist Church,First Baptist Church,-88.42900794469595,35.99983385621752,47,4736580,Huntingdon
church_overture:097dcae3-abbc-41fc-bf74-8ab551f68781,First Baptist Church,,-102.27683817,33.1793165,48,4810720,Brownfield
church_overture:097eb510-feed-4a55-90b3-0bbdf26bc0eb,First Baptist Church of Riddle,,-123.36481,42.94995,41,4161850,Riddle
church_overture:098e4d56-46fb-4e79-a1c9-4166ff9f1f45,First Baptist Church Of San Luis Obispo,,-120.64861251935622,35.27613184707382,06,0668154,San Luis Obispo
church_overture:0991b07c-3296-446f-9277-ce4ba8bebe40,First Baptist Church,,-88.0805562,38.73018683,17,1755912,Olney
church_overture:0997b0a2-58f7-4c92-85fc-a44ff54063fd,First Baptist Church of Marks,,-90.26983061,34.25594261,28,2845240,Marks
church_overture:09ae752b-788a-4384-bf4b-7b3d83f218fc,First Baptist Church Rowlett,,-96.560414,32.904034,48,4863572,Rowlett
church_overture:09b0466c-d25b-47bc-b17e-9ade174dc104,First Baptist Church,,-103.65454788,41.23172982,31,3125475,Kimball
church_overture:09b3ed88-4715-441d-9acc-42e86287a7c1,First Baptist Church,,-92.68529691,47.85521236,27,2713006,Cook
church_overture:09c1bb51-01fe-41de-8206-e40e3b6ad706,First Baptist Church of Seabrook,,-95.02568695,29.56748,48,4866392,Seabrook
church_overture:09cbceea-c4ea-47a6-964a-43c98aec327f,First Baptist Church of Shepherdsville,,-85.715977317131,37.98866234796,21,2170086,Shepherdsville
church_overture:09d2c3b6-8790-4eaf-bfac-0ebfed17a360,First Baptist Church,,-98.46805297,38.8230161,20,2079675,Wilson
church_overture:09d5e0f3-d1bd-4872-ba90-5c21ffc990d5,First Baptist Church,,-71.87498599,42.05560462,25,2573930,Webster
church_overture:09d9fa4e-b189-428c-a54a-bd0a4853e8cd,First Baptist Church of Groves,,-93.91733783,29.94852799,48,4831328,Groves
church_overture:09dd42ee-9438-4d0e-b67b-5a961b3aadc0,First Baptist Church,,-95.64646019,29.14240466,48,4877416,West Columbia
church_overture:09f10352-75ed-4f7e-a9e7-8ae5b712f470,First Baptist Church,,-77.635414,36.439228,37,3756900,Roanoke Rapids
church_overture:09f36843-916a-4509-a7f8-33bf7f7d81cf,First Baptist Church,,-84.992423,45.21763,26,2609820,Boyne City
church_overture:09f4166c-65c1-4ef1-8ab2-cc658aca1456,Ball Ground First Baptist Church,,-84.37769275,34.34142543,13,1305036,Ball Ground
church_overture:0a105c39-695b-4e38-99b8-3c6511d77bb7,First Baptist Church,,-85.44468133,43.49275345,26,2655540,Morley
church_overture:0a1ab3c6-0034-41d2-99f0-df3485ea7425,First Baptist Church,,-93.34038587,31.25171129,22,2201920,Anacoco
church_overture:0a1d6786-e070-40da-8a64-60beec3a91da,Stockton First Baptist Church,,-87.85722402,30.99296653,01,0173272,Stockton
church_overture:0a21ad06-f39e-40f9-808f-5bc463ebe65b,First Baptist Church of Shelburne,,-73.22144,44.389035,50,5064225,Shelburne
church_overture:0a39e1a9-bbef-4930-b75f-d85ed02f11bb,Killian First Baptist Church,,-90.58329982,30.35155041,22,2239685,Killian
church_overture:0a3b79f2-8583-4e0c-8e00-17c80ee361fb,First Baptist Church,,-87.66125238,41.67953623,17,1714000,Chicago
church_overture:0a44a03e-8a3c-4fd1-adcd-2a3254960757,First Baptist Church,,-106.7724348,34.6598762,35,3506480,Belen
church_overture:0a56e3d9-452e-481d-a5b0-72f0be46467e,First Baptist Church,,-89.92925152,35.75586875,05,0542170,Luxora
church_overture:0a5d5ef4-4111-4962-807d-71e2eb9885c6,First Baptist Church,Eastern First Baptist Church Of Magee,-89.73391966,31.87414216,28,2844600,Magee
church_overture:0a728b48-d275-43e0-b76e-3e7a9adf6418,First Baptist Church,,-93.9838,29.95614,48,4858820,Port Arthur
church_overture:0a72c62d-2b17-4f85-b01c-0ba5b3ff11f1,First Baptist Church,,-89.05358392,38.10207473,17,NA,NA
church_overture:0a8ec062-a385-4cf4-8293-7d0b8c7649a8,Spokane First Baptist Church,,-93.29744656,36.86746264,29,2969518,Spokane
church_overture:0a91d681-1883-42e5-9e8d-0ce5aa3d8461,First Baptist Church,,-86.45347181255549,37.00525575272958,21,2108902,Bowling Green
church_overture:0a92f46c-7050-4246-8d06-b1670a03d830,First Baptist Church Jasper,,-93.18351,36.01211,05,0534900,Jasper
church_overture:0a9760a9-1a53-4a8b-9b20-9ef293fab5c2,Dunkerton First Baptist Church,,-92.1610944,42.57110801,19,1922845,Dunkerton
church_overture:0aa300b1-c9aa-4fd4-83d9-4d26e59fe81d,First Baptist Church Pensacola,,-87.21629651,30.41911452,12,1255925,Pensacola
church_overture:0aa46f60-7354-4d8c-9b16-0456f8e0a321,First Baptist Church of Crandall,,-96.45282007,32.63035746,48,4817504,Crandall
church_overture:0aba2396-175f-46f0-af9a-2a6d0ef856d9,First Baptist Church,,-75.59997070018973,41.946112906645006,42,4275568,Susquehanna Depot
church_overture:0add83de-0c95-44ff-8d36-d62c271d42e3,First Baptist Church Round Rock,,-97.68111889,30.50983133,48,4863500,Round Rock
church_overture:0ae3282d-9644-464d-96f7-14e6d866d8f8,First Baptist Church,,-85.48611358,39.33744402,18,1829718,Greensburg
church_overture:0ae3928d-2558-4045-81b4-e0660587f129,First Baptist Church of Richland,,-90.16237316,32.25340568,28,2862400,Richland
church_overture:0aeb5f1d-dafe-4491-8753-28a5116fd0ea,First Baptist Church,,-78.00091678,39.5101601,54,NA,NA
church_overture:0aee2d8d-c994-4472-a7f4-e5db49ce600c,First Baptist Church,,-149.9043799,61.21252173,02,0203000,Anchorage
church_overture:0afc5adc-fe3a-4df3-ac72-edca74489412,First Baptist Church,,-119.49030835,47.38613885,53,5365345,Soap Lake
church_overture:0b0ec9aa-9e8f-4f72-ab6f-d65c77fcbc52,Unity First Baptist Church,,-83.78008519,31.18511246,13,1353060,Moultrie
church_overture:0b1882c8-0fe0-46af-bce2-3a470b3699b1,Pamplico First Baptist Church,,-79.57246892,33.99550211,45,4554340,Pamplico
church_overture:0b21af8c-e675-4d6c-9605-871f8cc92325,First Baptist Church,,-92.11990309,35.87047804,05,0547540,Mountain View
church_overture:0b25bf7b-d310-4344-b09e-11a8f8e88971,First Baptist Church Almyra,,-91.41273906,34.40500162,05,0501030,Almyra
church_overture:0b2792cd-255c-44c7-a4a0-af2d1fc64397,Albany First Baptist Church,,-85.13653021,36.69095535,21,2100694,Albany
church_overture:0b27a4f9-3b00-414d-84ed-42c7c6139080,First Baptist Church,,-94.9324361,33.14236341,48,NA,NA
church_overture:0b401194-dec4-41d2-822d-6bcae4487e4d,First Baptist Church,,-87.70181799993594,39.39213591743782,17,1747163,Marshall
church_overture:0b42b73b-3cfb-4799-8291-10c9a9f4af5b,First Baptist church,,-81.63610602712704,32.749191261209845,13,1375160,Sylvania
church_overture:0b48bc0c-3ec4-4e26-9598-f013b538a7be,First Baptist Church,,-97.721026148738,33.663463974403,48,4849032,Montague
church_overture:0b554e45-7b46-4c5c-b967-c8415567d145,First Baptist Church,,-134.49499988,58.34390066,02,0236400,Juneau
church_overture:0b5ec169-c7ad-49c3-bdfd-be2ac72c1f9b,First Baptist Church,,-79.39171316,35.17106175,37,3763120,Southern Pines
church_overture:0b645a15-a843-4b6f-ab3b-3f6598e0b1c3,First Baptist Church,,-93.55021201,37.06764777,29,2905626,Billings
church_overture:0b6bdde9-2599-4ac5-96aa-a533582dafd9,First Baptist Church,,-93.938784,36.527173,29,2966530,Seligman
church_overture:0b701a1e-1217-4f3f-9e8e-c7c391968a5d,New Jerusalem First Baptist Church,,-84.41301069,30.61962651,12,1229150,Havana
church_overture:0b7ed74a-be32-489e-9b0c-f7a5a7e247e8,First Baptist Church of Chuluota,,-81.12700174,28.62930636,12,NA,NA
church_overture:0b80e4c9-78d1-448f-a769-ae5105ee2430,First Baptist Church of Covington,,-97.24967201,32.16455727,48,NA,NA
church_overture:0b835de4-081b-4dfc-a45f-0cb24f820ad3,First Baptist Church of Pulaski,,-87.033147,35.195551,47,4761040,Pulaski
church_overture:0b861716-64a0-4cd7-ad47-da92d9ae4717,Weogufka First Baptist Church,,-86.30577578,32.99874588,01,NA,NA
church_overture:0b8c1708-82a2-464f-b8f1-94553c1ac576,First Baptist Church,,-78.67239284,41.48981338,42,4238248,Johnsonburg
church_overture:0b9a63d1-e00b-48ec-aab2-8b03328049c9,First Baptist Church,,-95.942649,33.425442,48,4840180,Ladonia
church_overture:0b9bb048-af0d-4e9e-9290-c04033285538,Toledo First Baptist Church,,-122.846731,46.446455,53,5371785,Toledo
church_overture:0bb8b369-61a1-4a72-9b00-bd23ed3df1ed,First Baptist Church,,-102.48648971900691,33.458373475347464,48,4871060,Sundown
church_overture:0bd1ad71-67ea-487a-9d62-b17a46edc96c,"Calvary First, Baptist Church",First Baptist Church,-90.135722,32.367225,28,2836000,Jackson
church_overture:0bd329cf-1202-425c-8784-626283c1bceb,First Baptist Church,,-108.39107243,43.03355586,56,5666220,Riverton
church_overture:0bd68751-a207-45b2-b605-9b12bb453808,First Baptist Church- Huttig,,-92.18664,33.04529,05,0534090,Huttig
church_overture:0be2cf4d-0803-485d-859b-b1cadcf71809,First Baptist Church of Babylon,,-73.332637,40.693118,36,3603408,Babylon
church_overture:0be54e8a-67d2-4966-b607-9f03fec0af14,First Baptist Church,,-86.29936252,34.35188294,01,0132416,Guntersville
church_overture:0bed3bcc-d404-4470-9bbd-d25c849aa3bf,Ethridge First Baptist Church,,-87.30110678,35.32132529,47,4724460,Ethridge
church_overture:0bf2c4d7-87b8-4ad7-92a4-c04e3928942c,First Baptist Church,First Christian Church,-96.2771863,32.73962964,48,4872284,Terrell
church_overture:0bf9ebda-3dfb-4649-9e62-19d67abcb5cc,First Baptist Church,,-85.02611046,33.03090664,13,1344340,LaGrange
church_overture:0c081c80-5bec-4b59-9865-47af9d712ab1,First Baptist Church,,-89.99240028,38.40204075,17,1770252,Smithton
church_overture:0c0f3e15-34b7-499b-82f9-4dfc323bcab3,First Baptist Church of Opa-Locka,,-80.2400489,25.9087054,12,1251650,Opa-locka
church_overture:0c248c52-7280-423f-b731-77de52f2e9b2,First Baptist Church,,-88.82655973,36.2354681,47,4767540,Sharon
church_overture:0c29e742-76af-4279-88d2-bc676af13c6b,First Baptist Church,,-89.18773313,35.04742761,47,4730280,Grand Junction
church_overture:0c2ef22e-48e0-4078-b6bb-79988a7db934,First Baptist Church,,-86.94048192,39.03399654,18,1805716,Bloomfield
church_overture:0c3361b5-bb95-4ba6-8153-84e8dbd45688,First Baptist Church,,-80.17013655,25.92441262,12,1249475,North Miami Beach
church_overture:0c4cc6ec-dbe0-4f8d-979e-13dcd501ce26,First Baptist Church,,-78.08656666,42.82678644,36,3683371,Wyoming
church_overture:0c4d36c1-82f7-46e1-932c-244dbfc9d948,First Baptist Church,,-112.075163,33.538649,04,0455000,Phoenix
church_overture:0c4da105-c453-433c-b7a7-d9485a7c446a,First Baptist Church,,-121.46865147913732,45.71593708455219,53,5306085,Bingen
church_overture:0c533df1-b139-43c9-815b-f9c200fc3027,First Baptist Church,,-104.23137916,32.42102248,35,3512150,Carlsbad
church_overture:0c545946-5fb3-4970-8af4-ceec254abaf6,First Baptist Church,,-100.78232383,41.13302512,31,3135000,North Platte
church_overture:0c5799e3-08df-4043-a4dc-5dfd4ee85a48,First Baptist Church,,-86.86323166,41.72892951,18,1848798,Michigan City
church_overture:0c6596ed-fbc5-4340-a346-3c425262f43a,First Baptist Church of Arcola,,-88.30570303,39.68406348,17,1701881,Arcola
church_overture:0c6e74c2-9e7b-4b75-bafe-9465cf93ffb7,First Baptist Church,,-87.76296739,35.31669657,47,4778600,Waynesboro
church_overture:0c7358dc-b0f5-45de-8984-e67224c4b8e3,First Baptist Church,,-91.851083,36.726738,29,2978928,West Plains
church_overture:0c97199f-f868-4aef-8397-e54dabf09146,First Baptist Church Of Temple,,-97.342212457526,31.100393526531526,48,4872176,Temple
church_overture:0c972de7-d175-460a-8f8d-63860360618d,First Baptist Church,,-86.389769,35.845198,47,4751560,Murfreesboro
church_overture:0ca53425-15bc-4b3d-b550-1058b23e9afe,First Baptist Church of Marion,,-114.65202864,48.10150433,30,3047875,Marion
church_overture:0ca94fe8-7ef2-47e7-80d0-575e386b8461,First Baptist Church Hackensack,,-74.04229783354765,40.89182099719023,34,3428680,Hackensack
church_overture:0cb64e7a-3c7f-4cae-a32d-f60a208d8aad,First Baptist Church,,-102.61889,38.073749,08,0843110,Lamar
church_overture:0cb82d09-ef75-4d15-bc6b-7f151bf678cf,First Baptist Church Of Greentown,,-85.9630329,40.481802,18,1829772,Greentown
church_overture:0cbdf6ba-1e2f-4492-bf5b-1d7888e84642,First Baptist Church,,-76.59736658,39.29694094,24,2404000,Baltimore
church_overture:0ccd0ed8-b83a-4319-8ac4-713ee21ddab1,First Baptist Church,,-96.99313127,37.80278041,20,2071125,Towanda
church_overture:0cd25b52-6d10-4681-918a-4b0921a101b2,First Baptist Church Des Arc,,-91.496741,34.975806,05,0518550,Des Arc
church_overture:0ce35f2a-af07-4da8-89c8-d28c736c27d9,First Baptist Church of Hueytown,,-87.004843,33.455665,01,0136448,Hueytown
church_overture:0ce7f8fd-673c-43a5-8850-b2a0d07634a5,First Baptist Church,,-95.73985782,39.4573143,20,2032825,Holton
church_overture:0ceb56f5-3fe6-4260-aee8-d732bd0cb09c,First Baptist Church of Whitman,,-70.936822,42.080221,25,NA,NA
church_overture:0cf1e704-f664-4aab-b445-1e0e1adbc8d2,First Baptist Church of Tangerine,,-81.61892575,28.74915707,12,NA,NA
church_overture:0cfe4ea9-c65e-429c-9612-627934447945,First Baptist Church,,-79.51945962,40.81632237,42,4240040,Kittanning
church_overture:0d10c4b0-211c-4383-8a09-4e3fb326e70e,First Baptist Church,,-82.05299476,39.00186322,39,3949756,Middleport
church_overture:0d150c56-930f-4ef2-8975-b6870b18429f,First Baptist Church,,-86.35829000168121,35.0165861268476,47,NA,NA
church_overture:0d1f6565-52c5-4944-8a29-7689b52c99d4,Narcissa First Baptist Church,,-94.9274077,36.79784163,40,4050200,Narcissa
church_overture:0d1f681c-8442-419d-8902-8e238ef1c6fb,First Baptist Church,,-90.67524811,42.06928469,19,1949215,Maquoketa
church_overture:0d206651-246d-47d8-9407-c550f46a9fd9,First Baptist Church,,-109.38639563,34.51190875,04,0462350,St. Johns
church_overture:0d23f5b5-dacb-4d4b-bd6e-df7ac31f5482,First Baptist Church Of Wellington,,-80.245364,26.667882,12,1275812,Wellington
church_overture:0d2d414f-aa59-48eb-9c44-7764b3287254,First Baptist Church of Pooler,,-81.11855,32.085057,13,1369000,Savannah
church_overture:0d378cca-1f03-474b-abc9-6a4bcb498c8b,First Baptist Church,,-101.23465896,44.99861996,46,4617620,Eagle Butte
church_overture:0d3c63a6-b763-4184-a2f1-b0c615e52ac7,First Baptist Church,,-84.87985159,39.82677438,18,1864260,Richmond
church_overture:0d58cf33-c276-4c47-a055-fa1fb11c0fc5,First Baptist Church,,-79.69852493,34.88744604,37,3729160,Hamlet
church_overture:0d5ce572-f210-4c2e-a65b-55c847b8492a,First Baptist Church Carthage,,-94.31472914,37.17379582,29,2911656,Carthage
church_overture:0d772fb4-0591-4d63-8b6d-072dff1f813d,First Baptist Church,,-93.63673431138994,34.55432357207833,05,0547690,Mount Ida
church_overture:0d7920ad-7456-4eed-8754-32dafdfa0480,First Baptist Church,,-94.05380606,35.50046004,05,0548200,Mulberry
church_overture:0d7a33b8-5e7d-4e47-9e5c-e70b11c2d580,First Baptist Church,,-91.25628477773859,35.00438065185528,05,0515550,Cotton Plant
church_overture:0d900152-ffb2-4bd9-993c-3176b53ebfd6,First Baptist Church,,-122.63761532,47.57409937,53,5307695,Bremerton
church_overture:0d982cce-2b48-4d9d-9fc2-7e65ca1f9a0f,First Baptist Church of Pegram,,-87.051706,36.102016,47,4757480,Pegram
church_overture:0da242cb-3691-44e1-86a6-eded5fee4c32,First Baptist Church,,-77.18341961,39.28390943,24,2421475,Damascus
church_overture:0da96259-e697-4dfe-996a-67bc0664fa1a,First Baptist Church,,-86.45270013,37.78338802,21,2134552,Hardinsburg
church_overture:0dc16ece-c86f-45a1-924d-2a3c343bdd90,First Baptist Church,,-108.3600828,36.74578768,35,3536230,Kirtland
church_overture:0dd274ca-e1e8-496e-865c-d6f9d1c75b42,First Baptist Church Leander,,-97.84116678,30.5836682,48,4842016,Leander
church_overture:0dd3589e-98ce-4951-b8e1-5178cd689d54,Elon First Baptist Church,,-79.51344856,36.09766569,37,3721095,Elon
church_overture:0dd87e5f-9cdc-49fb-9e12-36758de8224d,First Baptist Church,,-88.47177952,39.71471143,17,1702414,Arthur
church_overture:0ddb2883-1aa0-41d5-9649-8e65fd60657c,First Baptist Church,,-94.17716647,35.99370844,05,0528660,Greenland
church_overture:0df38dfa-a80a-4a70-a1cb-52ed77cdf389,First Baptist Church,,-82.68243398,38.53466222,39,3937464,Ironton
church_overture:0dfb43bf-1ff0-4ab5-970d-2e4f963751c6,First Baptist Church,,-86.27708,37.87598,21,2139664,Irvington
church_overture:0e0310b8-91b2-4c66-8093-f3619af3e659,First Baptist Church of Caseyville,,-90.037321,38.63475,17,1711644,Caseyville
church_overture:0e068b8c-13e8-4fa5-af57-b5c23619172a,First Baptist Church,,-94.930578,30.712198,48,4843132,Livingston
church_overture:0e14027c-a960-429b-a986-bc0ad54d1d74,First Baptist Church,,-122.20879207230949,47.680706465401066,53,5335940,Kirkland
church_overture:0e175c4b-8d0c-4291-8232-46a6f7a49aa5,First Baptist Church,,-73.35063635436354,40.68955216167722,36,3679246,West Babylon
church_overture:0e1cd0db-fd3e-4224-8b97-6089dba29946,First Baptist Church,,-112.29808696,33.57943519,04,0470320,Sun City
church_overture:0e205ff1-a6bb-47d4-8373-16be23ab290e,First Baptist Church,,-96.06990986,28.96037803,48,4846716,Markham
church_overture:0e2567ba-d97c-4e76-bfee-713bb86439fd,First Baptist Church,,-98.54604968,41.1179801,31,3112140,Dannebrog
church_overture:0e40e930-7ece-4c00-94fc-35a90f8fa1f4,First Baptist Church,,-90.35337598,38.60141547,29,2978154,Webster Groves
church_overture:0e510aa8-971a-417c-8bdd-60f37e54ba2c,First Baptist Church,,-85.77791273,39.52274536,18,1869318,Shelbyville
church_overture:0e55371a-d5e6-444e-b43d-f72e5856f65b,First Baptist Church,,-73.92804745117,41.705116103529015,36,3659641,Poughkeepsie
church_overture:0e5c6e9a-9810-4d33-8fe8-30f48f3874de,First Baptist Church,,-122.93225735,40.72557776,06,0683794,Weaverville
church_overture:0e5ce4e7-df83-44bc-ae7c-b3927043c319,First Baptist Church,First Christian Church,-86.8888223,40.4211033,18,1840788,Lafayette
church_overture:0e5d1e40-09a0-4d38-a5c2-240325add571,First Baptist Church of Bellwood,,-87.86371649,41.88865885,17,1704975,Bellwood
church_overture:0e609242-3064-45dc-b3b6-8f7943c26e2a,New Hope First Baptist Church,,-78.11155029,35.94153093,37,3764160,Spring Hope
church_overture:0e650959-1419-4bad-a5dd-d07c05a6cacd,First Baptist Church of Rockport,,-97.05303111,28.03984768,48,4862804,Rockport
church_overture:0e655f04-0dca-4997-a9e7-08f85f6c7493,Tylertown First Baptist Church,,-90.154214,31.117802,28,2875160,Tylertown
church_overture:0e717e38-78f3-4c63-bcc4-177d550f0ada,First Baptist Church,First Christian Church,-89.65767102,36.18818114,29,2911692,Caruthersville
church_overture:0e817ed0-5f6b-4bb8-9bfd-a26f1411fc44,First Baptist Church of Wildwood,,-74.81037121,38.99032117,34,3481170,Wildwood
church_overture:0e84b5dc-c71f-45c1-9e37-ef23066954fe,Auburn First Baptist Church,,-84.08919545,43.60060963,26,2604080,Auburn
church_overture:0eade3e8-1b63-4709-872b-528a1cabac89,First Baptist Church of Winter Park,,-81.35325994,28.60712024,12,1278300,Winter Park
church_overture:0eb085cf-4f83-48ed-88c1-3c8d006b6d4c,First Baptist Church,,-93.11823797,40.68215991,19,1971760,Seymour
church_overture:0eb31554-e9e0-4504-afd1-4e1e6604d9e5,First Baptist Church,,-86.80460787,33.39309666,01,0135896,Hoover
church_overture:0eb66244-5c77-4864-a109-ab430b1c8eca,First Baptist Church,,-88.238055,36.037392,47,4708960,Bruceton
church_overture:0ed4d708-ecf0-4622-abbc-dbd604f88ce9,First Baptist Church,,-93.51726763,31.81750783,22,2261055,Pleasant Hill
church_overture:0edc0dd2-01b2-4c4d-a2a7-c15ac8e09a6f,First Baptist Church Pickett,,-96.1219378,35.90095681,40,NA,NA
church_overture:0edeb6ba-b681-4e57-830e-ceb6820235ea,First Baptist Church,,-120.47816411,46.56083677,53,5373290,Union Gap
church_overture:0ee4bf6c-4d9f-40a9-b046-3dc441be8448,First Baptist Church,,-88.81172477,36.17846263,47,4731000,Greenfield
church_overture:0ee81d7c-6985-4645-825e-5778b073a68b,First Baptist Church of Belfast,,-78.11035732099366,42.34349104433789,36,3605562,Belfast
church_overture:0efdc898-76ca-4f83-8fb0-1920bdcd0475,First Baptist Church Gresham,,-122.43425768,45.49700885,41,4131250,Gresham
church_overture:0efe2c5c-4b55-49a4-a14e-e8a3e9e1aa81,First Baptist Church,,-73.56730691,40.7616781,36,3650067,New Cassel
church_overture:0f02b8c6-e921-4903-845f-34bb11cca0f3,First Baptist Church Woodland,,-85.86054208,43.71707887,26,NA,NA
church_overture:0f0a1ee2-2d95-447e-b885-da1adb8d48d3,First Baptist Church,,-86.13424495,40.48940782,18,1840392,Kokomo
church_overture:0f1ab035-be78-4a11-b13e-14e76b3af9ac,First Baptist Church,,-90.5573236,39.83423827,17,1748424,Meredosia
church_overture:0f1bb2b5-880c-4dea-8de9-577b5ed3f7f7,First Baptist Church,,-80.865521,33.528923,45,4553080,Orangeburg
church_overture:0f3872d7-5202-485d-821d-8edb331d70b7,First Baptist Church,,-113.77849485663918,42.606081438558356,16,1661210,Paul
church_overture:0f3d0f2e-c282-463a-8d1a-099fb27a4871,First Baptist Church,,-88.37374748,40.45818736,17,1729125,Gibson City
church_overture:0f478d62-bea6-43e2-b617-89a755163116,First Baptist Church,,-76.07280938,38.76502135,24,2424475,Easton
church_overture:0f4dfbe2-1389-44ab-a3d4-d47fd1e4f237,First Baptist Church of Elkton,,-75.809255,39.603191,24,NA,NA
church_overture:0f5653fa-926e-4dcf-b92a-366f99b5b055,First Baptist Church Maryville,,-89.93388485,38.73660774,17,1747397,Maryville
church_overture:0f5d8cc4-ffd6-4130-bee0-520c0988df07,First Baptist Church of Westminster,,-105.03454544,39.83529788,08,0883835,Westminster
church_overture:0f63dbab-89ed-4aef-9337-269c5da3e0ee,First Baptist Church,,-104.81949716,38.83507893,08,0816000,Colorado Springs
church_overture:0f761fd8-90f1-4a6d-967b-a64af1b71ab9,First Baptist Church of Clara,,-88.69617402,31.58073547,28,2813700,Clara
church_overture:0f8c4cdb-7fac-4e25-a11e-57a686a9efe3,First Baptist Church of Hypoluxo,,-80.059004,26.56514,12,1263435,San Castle
church_overture:0fa74ceb-b644-4923-a6ac-7a030698b026,First Baptist Church of Bloomfield,,-92.40634483,40.7550589,19,1907030,Bloomfield
church_overture:0fad64a5-7475-4a7d-a8e7-a1161c1c911c,First Baptist Church,,-100.96772462,35.53477311,48,4854912,Pampa
church_overture:0fb393ad-ee5d-4d20-a7eb-cbdd53f98ebd,First Baptist Church,,-89.52281728,34.36651216,28,2854840,Oxford
church_overture:0fb8f5eb-05e6-4ad4-bba8-bde735478b03,First Baptist Church Of McLouth,,-95.20852604,39.19394662,20,2043900,McLouth
church_overture:0fbb00bf-75b1-4e83-91e7-26ac3fa7248a,First Baptist Church of Westboro,,-71.61448,42.267773,25,2575050,Westborough
church_overture:0fbd08f1-83b3-467c-a41f-bf7afc979a22,First Baptist Church of Lindale,,-85.17426076,34.18969898,13,1346580,Lindale
church_overture:0fbdbfe4-e75c-40e0-a19f-c2341b0bd906,First Baptist Church Bartow,,-81.84039887,27.89822148,12,1203675,Bartow
church_overture:0fc582f2-cc74-48d4-bfb9-c910b234e18a,First Baptist Church,,-81.50526338,28.67239582,12,1201700,Apopka
church_overture:0fd030ca-3ad2-4e4b-a377-f3590c819708,First Baptist Church of Bienville,,-92.97400337,32.35731752,22,2207205,Bienville
church_overture:0fd69e75-58eb-4da3-8039-581b7bb5a441,First Baptist Church,,-71.33070686,41.99091288,25,2546598,North Attleborough Town
church_overture:0fe1fce1-4097-41f0-903f-db9e43770d26,First Baptist Church,,-82.36743059,28.59505101,12,NA,NA
church_overture:0fe698c0-ea9e-4efa-9b59-0f0af5f808bf,Thompsonville First Baptist Church,,-88.76422318,37.91801943,17,1775159,Thompsonville
church_overture:0febe4be-ede8-423e-bb76-f83fe4fa9652,First Baptist Church,,-108.44623842769923,39.08939273771865,08,0815165,Clifton
church_overture:0fee7c70-e23b-437b-99d9-278f16af6b03,First Baptist Church,,-80.55789752,37.13889992,51,5165392,Radford
church_overture:0fef0292-9c01-40db-9fdf-5269b6bfa42c,First Baptist Church of Houston,,-95.47212741721103,29.7835275859813,48,4835000,Houston
church_overture:0ff26372-d7ea-4c97-971c-710630f37ff1,First Baptist Church,,-92.040784753751,39.808004287016395,29,2967196,Shelbyville
church_overture:0ff2aefb-80c5-486c-81b6-e26d47743966,First Baptist Church,,-82.6626998,33.4037588,13,1380592,Warrenton
church_overture:10033321-90ee-495f-847f-22e6728a3937,First Baptist Church,First Christian Church,-91.96595439,41.00795762,19,1926445,Fairfield
church_overture:1011a147-36f0-4497-9f91-7b0762d20de8,First Baptist Church,,-95.9651368137482,32.90873957397769,48,4822276,East Tawakoni
church_overture:101b12e9-70dd-43b2-b517-6895f52fb9d8,First Baptist Church,Smyer First Baptist Church,-102.163314,33.587884,48,4868504,Smyer
church_overture:10206279-350a-4fb2-b0db-52d4b825a683,First Baptist Church,,-89.90379554241362,35.92123200805427,05,0507330,Blytheville
church_overture:1020aec7-76c3-4d7b-b663-97fd9de5fead,First Baptist Church,,-89.97888598,42.09724005,17,1750881,Mount Carroll
church_overture:10227b1c-7e51-467e-81cc-ed3354d51aed,First Baptist Church Of Burney,,-121.673423,40.882374,06,0609122,Burney
church_overture:102fb7d4-5039-42bc-a7fa-e6ffee3989c2,First Baptist Church,,-74.310589770000007,40.72290462,34,NA,NA
church_overture:10397064-f9dd-446d-a9a7-05f2065aa091,Mount Olive First Baptist Church,,-79.88459764,40.29561328,42,4213704,Clairton
church_overture:10458a8f-7a2b-468f-af62-f113acd48d64,Kingsland First Baptist Church,,-81.6872129,30.79784504,13,1343640,Kingsland
church_overture:104acb83-731f-43bd-8bbd-82234f5b9430,First Baptist Church,,-99.96325848,31.96139583,48,4879876,Winters
church_overture:104c7070-06fa-4707-9198-57388e148800,Conway First Baptist Church,,-92.44748344,35.08780442,05,0515190,Conway
church_overture:104cf940-3b36-4645-913a-9051f926e231,First Baptist Church,,-92.10667,31.67317,22,NA,NA
church_overture:105d8eda-f6e1-4670-8d4c-3e2a36eb007f,First Baptist Church of Newfane,,-78.70792054,43.28430661,36,3650221,Newfane
church_overture:1074df6b-7309-4396-b300-9ef66f3a5893,First Baptist Church,,-93.164816,32.25054184,22,2213260,Castor
church_overture:108c44bd-b765-4f4e-9a12-98d4811e154f,First Baptist Church,,-93.68981107,34.0589729,05,0548290,Murfreesboro
church_overture:1091ffae-6da6-4579-b7b9-ca25a02a9ecd,First Baptist Church of Killeen,,-97.72105184,31.08101942,48,4839148,Killeen
church_overture:1092176e-4b2a-4929-bb98-69b403aad9d6,First Baptist Church,,-87.28063607,38.49225465,18,1859364,Petersburg
church_overture:109a2164-dede-4c60-8545-82c4873da0a1,The First Baptist Church of Beaufort,,-76.66443437,34.71836886,37,3704260,Beaufort
church_overture:109d7fc1-618f-4ad5-8efb-8993bbc2af07,First Baptist Church,,-121.88752877413557,45.698737312620274,53,5367875,Stevenson
church_overture:10ab4a9c-a6db-4d35-a05e-a571fd524187,First Baptist Church,,-96.08432415,30.38795277,48,4850472,Navasota
church_overture:10b5ec64-965a-4c22-99e3-7c279faf04d0,Mill Spring First Baptist Church,,-82.16326239,35.2965496,37,NA,NA
church_overture:10c0997b-5ac5-46b8-b0a8-ec1bce005942,First Baptist Church Waldo,,-93.29624758,33.35040228,05,0572350,Waldo
church_overture:10c2802d-a46b-4afc-a6ac-9eac931b4776,First Baptist Church,,-94.82518993,33.89247234,40,4036750,Idabel
church_overture:10c9677e-1163-4039-9f0d-790572d851ab,First Baptist Church,,-83.31662715846436,42.419793776483495,26,2649000,Livonia
church_overture:10d04a57-f2e5-496f-9149-b0da2510cf64,First Baptist Church,,-83.40971619,44.68481475,26,2647560,Lincoln
church_overture:10d28480-4e00-4114-8c03-a432e3feaf13,First Baptist Church,,-77.57390507583905,40.59985593091742,42,4243000,Lewistown
church_overture:10d73d65-2a4e-425b-b5b9-3d89b1b115fa,First Baptist Church,,-92.58184922,36.38276401,05,0509790,Bull Shoals
church_overture:10d8783b-83ff-4407-a636-f556e3954051,Waleska First Baptist Church,,-84.53499544,34.33330908,13,NA,NA
church_overture:10db5fa3-db0f-4a1b-929c-d8b4217b9b31,First Baptist Church Bevil Oaks,,-94.27060665,30.15309761,48,4808128,Bevil Oaks
church_overture:10f0c3ce-860b-43be-987d-dc2540aa7bb8,Hampshire First Baptist Church,,-87.28996968,35.59771909,47,NA,NA
church_overture:10fc1063-0c3c-4891-91e8-dc8f9479ecaf,First Baptist Church,,-78.76761436,39.50469075,54,5428444,Fort Ashby
church_overture:110577b9-7539-47af-885a-5ea8d22e18b5,First Baptist Church of Kasson,,-92.75262033,44.03304342,27,2732498,Kasson
church_overture:1106e553-ca58-4f2f-8155-08285252f61f,First Baptist Church of Bristol,First Baptist Church Levittown Fairless-Hills,-74.8602416,40.14497646,42,4242928,Levittown
church_overture:1110c2b0-a6a9-41fa-b382-1f39282dc64e,First Baptist Church,,-79.17195,34.81054,37,3755660,Red Springs
church_overture:1114c730-8c2e-4902-8aa7-9c1a4c94df28,First Baptist Church,,-91.06184155,33.40969748,28,2829180,Greenville
church_overture:111e9c64-06ac-47c9-baf2-4ea48ba8a74f,First Baptist Church,,-83.81067045,39.91663336,39,3974118,Springfield
church_overture:1126960e-7b63-4b63-b912-7ee031e14203,First Baptist Church,,-86.90043240486959,37.93859696266518,21,2145136,Lewisport
church_overture:112ae267-3ca9-405f-b804-620380f1492d,First Baptist Church of Gautier,,-88.61634499,30.38364109,28,2826860,Gautier
church_overture:113259be-8b57-4e25-87e9-0ccbe5437b44,First Baptist Church,First Christian Church,-87.69647758,39.60979228,17,1757628,Paris
church_overture:1139838f-76b3-481e-b37a-d15a54118a0e,First Baptist Church,,-83.923638,39.70451,39,3986772,Xenia
church_overture:114edaa9-89ed-43e1-b011-fde22b304f6d,First Baptist Church of Leroy,,-87.979295,31.504647,01,0142304,Leroy
church_overture:115e2fbb-4e14-4d88-96af-7e9c46619e0b,First Baptist Church of Alton,,-86.41954175,38.12316902,18,1801270,Alton
church_overture:116c70c7-c45e-4015-9ec6-73ec7ae749d0,First Baptist Church,,-91.96082964,33.12597314,05,0516240,Crossett
church_overture:116d9043-c23c-4304-9813-84a663851c5b,First Baptist Church Ruidoso,,-105.66576277,33.33978943,35,3565210,Ruidoso
church_overture:116d9191-f2a9-48e1-b3b7-fcc862b5a15f,First Baptist Church of Halls,,-89.395713,35.8776607,47,4731820,Halls
church_overture:116e097e-abfa-496b-b515-7a253b67b0a2,First Baptist Church,,-100.76172829,32.63884734,48,4833356,Hermleigh
church_overture:117bb013-4c37-49f5-a8ac-cc504d3e4b1d,First Baptist Church,,-90.62436157,37.77044673,29,2905878,Bismarck
church_overture:1180b0fd-8b6c-497e-a58f-10ca85b60a54,First Baptist Church,,-71.76101209,42.52681544,25,2535075,Leominster
church_overture:11a206ae-615d-42eb-a588-756d76d10738,First Baptist Church,,-112.84183585,34.15950685,04,0415220,Congress
church_overture:11a5efac-f5a8-482c-99c7-a7dc17431b34,First Baptist Church,,-87.90384659,30.51665676,01,0125240,Fairhope
church_overture:11c3ae4c-9c16-4daf-b055-82d949231345,First Baptist Church,,-81.06522108,39.52316826,39,3948286,Matamoras (New Matamoras)
church_overture:11c7192a-73f2-4abf-8ff3-ab64b84a81bb,First Baptist Church,,-71.543968,42.105984,25,NA,NA
church_overture:11d54fd5-1db3-43b3-91b6-53cebe79d1e0,First Baptist Church,,-121.54732125,39.51298496,06,0654386,Oroville
church_overture:11ecb827-e895-4121-b6e3-9021004141f1,First Baptist Church,,-81.58445496,37.43322508,54,5485228,Welch
church_overture:11f001c2-2c8b-493b-9642-faf9f53d9ce9,First Baptist Church,,-98.738489,37.645251,20,2057625,Pratt
church_overture:11f59d9a-63c6-47cc-8e26-59cdd7a7c491,Cardwell First Baptist Church,,-90.29203866,36.04800304,29,2911350,Cardwell
church_overture:11fe6f11-ffcf-4a3b-a001-88847dd3e5d7,First Baptist Church,,-102.64670049,32.71843839,48,4866764,Seminole
church_overture:11ff7f91-50f1-4d8a-bab9-ece40b81523a,First Baptist Church Of Niagara Falls,"First Fruits - First Baptist Church Niagara Falls, NY",-79.0587235,43.0927292,36,3651055,Niagara Falls
church_overture:120175aa-010f-4876-b98f-cafd9e05d9a6,First Baptist Church of Elkhart,,-85.9653338,41.6608179,18,1820728,Elkhart
church_overture:12023f4b-c4b7-4c88-b8eb-bec5dbba2278,First Baptist Church,,-80.89050708,36.68469522,51,5130208,Galax
church_overture:121e6984-ef0f-4f65-bf5d-b404a0fbdc0b,First Baptist Church,,-80.2992786,39.39589561,54,5473636,Shinnston
church_overture:1242a8c0-e7e9-4aaf-8d76-4bcfaa8c6990,First Baptist Church,,-93.9242194,35.14112123,05,0507720,Booneville
church_overture:1243647e-5a80-4f68-b5c5-d77ebd2b2b53,San Simon First Baptist Church,,-109.17258140000268,32.23230945000878,04,NA,NA
church_overture:12452ce7-77ea-4b30-9ee2-1cac654f29c4,First Baptist Church,,-89.0768832,37.7583878,17,1711514,Carterville
church_overture:124812dd-4de2-4997-8610-9f939bfe19ae,First Baptist Church,,-82.18303705,28.23272795,12,1279225,Zephyrhills
church_overture:12570738-2716-4cdb-9645-89180bdd12f4,First Baptist Church,,-84.63447818,41.92038805,26,2638460,Hillsdale
church_overture:125e6698-f6b9-4e02-ae90-32804b4cbc98,First Baptist Church,,-97.21437992,38.91958762,20,2000125,Abilene
church_overture:126acaff-c3bb-4d8f-a26c-04c809b473fe,First Baptist Church,,-88.97431873,37.07724373,21,2143336,La Center
church_overture:127515a2-1148-44e9-a509-136628723323,First Baptist Church,,-83.96263798,37.69421062,21,2139646,Irvine
church_overture:12791a75-8c7f-4f53-934a-ccbf1b0ed6d8,First Baptist Church of St Elizabeth,,-92.30092687,38.22933352,29,NA,NA
church_overture:127a0008-2012-45e1-b878-5aed1868f2d0,First Baptist Church,,-96.41359592,34.87888169,40,4001400,Allen
church_overture:127fd639-0a2a-49e3-9f2c-43b388c48913,First Baptist Church,,-110.85496972,33.40851434,04,0413960,Claypool
church_overture:128d307b-03de-4903-8521-1a4901391797,First Baptist Church,,-74.98582817149234,43.02720081637014,36,3634121,Herkimer
church_overture:12a9f52e-abb6-4ee0-8c2a-ecea5348d833,First Baptist Church of Ontario,,-77.287577,43.222436,36,3655002,Ontario
church_overture:12b8c253-bc7e-4224-b6e2-f14db81b1536,First Baptist Church Lloyd,,-82.6341106,37.5503799,21,2106220,Betsy Layne
church_overture:12c4bfd8-01a5-434e-90de-0c474265a1e0,First Baptist Church,,-92.38866951174741,43.68915367598728,27,2762104,Spring Valley
church_overture:12d63fdd-66d8-4ebc-b57d-0bc110d7b6bf,First Baptist Church,,-91.798829,36.357161,05,NA,NA
church_overture:12de0f2f-b08a-46a1-b237-831373f8eab1,First Baptist Church,,-85.49090868,43.87551293,26,NA,NA
church_overture:12e53d2b-c724-470b-978c-a0130eb3fe41,First Baptist Church,,-97.34724339,38.04905265,20,2050475,Newton
church_overture:12ecd194-eec4-4dd0-af4b-650303510069,First Baptist Church,,-90.98258539497947,31.961296033890292,28,2859560,Port Gibson
church_overture:12f30e9e-58e5-4f49-a480-66d31aace01b,Pooler First Baptist Church,,-81.25009088,32.11712347,13,1362104,Pooler
church_overture:12fecf75-4d4d-48d0-bef1-e7da76f8158e,First Baptist Church,,-97.72786962,33.79255966,48,4851648,Nocona
church_overture:130a665a-469e-4d8b-bbd8-7c2da0c0c58a,First Baptist Church,,-95.613128662109375,43.6083984375,27,2771734,Worthington
church_overture:1316c07f-c57d-4b9c-b595-c19a01dc9537,First Baptist Church of Pecatonica,,-89.35800004,42.30911639,17,1758408,Pecatonica
church_overture:13223d3f-5748-4e03-be96-1820a65ca187,First Baptist Church,,-91.43836943,38.69524799,29,2931762,Hermann
church_overture:1328bdae-a141-48fe-8754-c42efd12e578,First Baptist Church of Pimlico,,-76.68160229,39.34900196,24,2404000,Baltimore
church_overture:132d98a4-d704-4d95-9fc5-19260eb28364,First Baptist Church-cheswold,,-75.5726517,39.2111032,10,NA,NA
church_overture:1338bf93-f7a0-4bc9-be56-4ac70a861d38,First Baptist Church of Kerens,,-96.22932924,32.13028103,48,4838992,Kerens
church_overture:13461f2e-3c6d-4698-ab6e-cbdbee5019d0,First Baptist Church of Copan,,-95.92312496,36.89891557,40,4017100,Copan
church_overture:13478b7b-320c-48d9-bc2c-ad233ceb39ea,First Baptist Church,,-97.728286,31.125259,48,4839148,Killeen
church_overture:13553eef-cc21-4db1-abc9-e5c85eea820c,First Baptist Church,,-87.82624750153613,41.097378303546904,17,NA,NA
church_overture:13645252-7b6f-479d-b302-02c3cc1e0e2c,First Baptist Church,,-73.9802719,40.784143,36,3651000,New York
church_overture:136deb1e-4e4b-4d70-85dc-9da6be7ba4db,First Baptist Church Moffat,,-97.46690898,31.19917051,48,NA,NA
church_overture:137a5bf1-2a5a-4aa1-b175-4e34da5d86ed,First Baptist Church,,-85.86672669,42.22141837,26,NA,NA
church_overture:137dba20-05e2-4d8f-9adb-017d5e1568b4,First Baptist Church Gulf Breeze,,-87.19467837,30.35968794,12,1228000,Gulf Breeze
church_overture:138334cc-546d-4eb8-b5c4-8220f83d44d1,First Baptist Church,,-89.99033961729768,34.84907267265144,28,2831780,Hernando
church_overture:138405a5-83cb-4d09-8118-4856ffee6791,First Baptist Church,,-105.93695971,35.66223081,35,3570500,Santa Fe
church_overture:13880176-785a-43d5-9d83-35486d768146,Jay First Baptist Church,,-87.15180448,30.95015792,12,1235425,Jay
church_overture:13a960f8-7537-4991-ae03-b63d5b65480f,First Baptist Church,,-95.01135757,41.4031045,19,1903520,Atlantic
church_overture:13aa3946-b4db-4feb-8fa9-8864d03fb827,First Baptist Church,,-75.09119059,39.65378907,34,3413360,Clayton
church_overture:13acc38c-e317-44b2-b41d-3916f183264d,First Baptist Church Canton,,-90.02988154,40.55603706,17,1711007,Canton
church_overture:13b05d8c-276f-4436-ba0d-e54f8368272f,First Baptist Church Of Watertown,,-88.69889156,43.19399457,55,5583975,Watertown
church_overture:13bf036e-18a7-46f5-a733-b426cf2b12d0,First Baptist Church of Bethel,,-94.75272985,39.14321997,20,2036000,Kansas City
church_overture:13c86f16-660f-479c-b909-1e9deebef9ea,First Baptist Church of Zellwood,,-81.59652452,28.72626397,12,1279200,Zellwood
church_overture:13c9394a-533a-4330-81f4-624a110030db,First Baptist Church,,-76.55088467,38.78584217,24,2422050,Deale
church_overture:13cc702b-da68-48bd-92db-b28fe31acd38,First Baptist Church,Life Cafe First Baptist Church Wallace NC,-78.002247033414,34.734071825157,37,3770720,Wallace
church_overture:13d2c80d-b163-4fd7-abb0-a10376b3e8a7,First Baptist Church of Beaverton,,-122.81306438723934,45.47850443999567,41,4105350,Beaverton
church_overture:13d467f8-304c-4e17-9558-c64fea945dbc,First Baptist Church,,-85.66777393,38.45041927,18,1812124,Charlestown
church_overture:13d5a33c-e240-4ef0-baee-c1d86d28f454,First Baptist Church,,-99.34815392,31.12002272,48,4809916,Brady
church_overture:13d938ac-3139-4e6c-84d4-f4062b32c287,First Baptist Church,,-80.66886744,26.68832392,12,1205200,Belle Glade
church_overture:13e53d0b-5ff6-4d1f-b873-5e6d8acd2651,First Baptist Church of Tyrone,,-84.59699454,33.47863301,13,1378044,Tyrone
church_overture:13e7ce49-03da-4baf-a26a-74fa93070903,First Baptist Church,First Christian Church,-102.1245948,38.05345394,08,0837215,Holly
church_overture:13e9a23f-5aa9-4788-a52b-1225c5af8fa1,Norwood First Baptist Church,,-92.3918,37.11707,29,NA,NA
church_overture:13f766ab-f2f2-4758-9353-4aad473fd9e0,First Baptist Church Callaway,,-85.57062606,30.15279155,12,1209725,Callaway
church_overture:13fc248b-4336-400b-8626-7c863c56a87e,First Baptist Church,,-81.17316704,39.98265557,39,3903926,Barnesville
church_overture:13fd3658-21e1-4916-a8d0-e448b290b49f,First Baptist Church Georgiana,,-86.7443849,31.6450454,01,0129560,Georgiana
church_overture:1406ca05-538f-4005-9109-00770743b3df,First Baptist Church,,-90.32866988,39.11855948,17,1738414,Jerseyville
church_overture:1409d02e-dbe0-4c19-acf0-862520215922,First Baptist Church,,-85.37282433,33.15095229,01,0165040,Roanoke
church_overture:1412c413-6772-40ae-9c59-fc625528493e,First Baptist Church,First Baptist Church Of Dawson,-96.7174091,31.89678102,48,4819420,Dawson
church_overture:1420dbd4-4e2e-4126-8c46-bbf93124394d,First Baptist Church,,-111.85869823,48.5120379,30,3067450,Shelby
church_overture:142294fe-d8d0-499d-83f6-214d57ad60ce,First Baptist Church,,-108.21225239,43.6434941,56,5676515,Thermopolis
church_overture:14258194-4415-4287-9e64-1b0f45ce2152,First Baptist Church,,-104.36592489,33.00146438,35,3537840,Lake Arthur
church_overture:1431e944-d4dc-4d16-8e95-159c1b14e504,Auburn First Baptist Church,,-85.48004101,32.60836984,01,0103076,Auburn
church_overture:14332402-8b02-4b20-b65e-9fe7a691bd56,First Baptist Church,,-99.91654554,34.68189198,40,4035500,Hollis
church_overture:1437183d-6613-43cd-8c13-7531dd76cb01,First Baptist Church of Lowell,,-87.42187,41.296412,18,1845144,Lowell
church_overture:143ecdf7-575e-4d95-b844-afdffeaa814a,First Baptist Church,,-90.785967,37.938573,29,2959330,Potosi
church_overture:144650f9-2b41-4492-aaf7-27141b66b1ec,Tylertown First Baptist Church,,-88.4059307,33.5122975,28,2815380,Columbus
church_overture:144e5298-dbaa-4cdb-a564-3abf52edbe8e,First Baptist Church,,-78.38924448,43.22013837,36,3646415,Medina
church_overture:144fdae2-eb9e-4fa8-a000-ee77d7c51a98,First Baptist Church,,-89.77392415,40.41256788,17,1746383,Manito
church_overture:1451404f-6c03-4825-b74a-d1e09ab3dc09,First Baptist Church,,-83.6906674,43.12449198,26,2655960,Mount Morris
church_overture:145c9231-4691-411d-8966-10d54615188d,First Baptist Church of Worcester,,-71.810679,42.245694,25,2582000,Worcester
church_overture:145e2cc5-3d2c-4047-af8a-857431289a3f,First Baptist Church,,-77.551116105241,43.112414642277,36,3608257,Brighton
church_overture:146a85d7-a6f6-4d69-8688-8353a4354eb3,First Baptist Church,,-84.54361262,38.91372968,21,NA,NA
church_overture:14795c53-160c-4aa3-bffb-47be2aeb0f3a,First Baptist Church,,-75.92731618,38.5994029,24,2424450,East New Market
church_overture:1479f83e-0177-4b7c-9c38-4303944715ee,First Baptist Church,,-97.12734816,30.87559228,48,4811020,Buckholts
church_overture:149032d3-c7bc-4fd9-83a3-df3e9285755c,First Baptist Church Marrero,,-90.09141144,29.89999335,22,2248785,Marrero
church_overture:14a76fd3-6256-4245-ae73-4dfae8d1dddb,First Baptist Church of Fairmont,,-80.14865594,39.47737143,54,5426452,Fairmont
church_overture:14a96571-52e2-4ed3-b12f-7ce55fd0c806,First Baptist Church of Anguilla,,-90.82812686,32.97369088,28,2801500,Anguilla
church_overture:14ac5f2b-516c-4c32-802d-b03ea0d3ca05,First Baptist Church,,-97.12559935,32.01116054,48,4834088,Hillsboro
church_overture:14b1afb2-ec88-449d-bea1-7deaff93e275,Miller First Baptist Church,,-93.8407745,37.21288167,29,2948242,Miller
church_overture:14ba8945-630b-41a3-a363-aef05615788d,First Baptist Church,,-74.85653583,40.07832339,34,3408920,Burlington
church_overture:14bea848-02e7-43ee-af1e-11df4003971c,First Baptist Church,,-84.32595297,34.86316596,13,1308928,Blue Ridge
church_overture:14c95a62-385f-460f-aa35-eb14b27cf700,Charleston First Baptist Church,,-87.67302145,37.22346703,21,NA,NA
church_overture:14cb560a-62d9-4ffd-aa7d-5397ef54a756,First Baptist Church of High Shoals,,-81.19888,35.22648,37,NA,NA
church_overture:14fc4060-d291-458c-b783-9890d056cbb7,First Baptist Church Jonestown,,-97.94350344918672,30.481234314095722,48,4838020,Jonestown
church_overture:15028090-d223-4673-baa1-7ff9bb384d65,First Baptist Church,,-122.05438963,37.68378239,06,0623350,Fairview
church_overture:15144ba2-8c37-4214-a6fb-f610b8ad35dc,First Baptist Church,,-75.88197298,43.05425222,36,3615561,Chittenango
church_overture:151d7477-a43a-432e-83b0-163b10604e43,First Baptist Church of Herndon,,-77.38319366,38.96925841,51,5136648,Herndon
church_overture:151dedba-da2d-4471-8738-1956f448dfb7,First Baptist Church,,-91.66012801080485,41.999958818987515,19,1912000,Cedar Rapids
church_overture:15344b6a-219c-47f2-b20a-24834fb28c76,First Baptist Church Red Springs,,-94.18574004,33.4063532,48,NA,NA
church_overture:1548546a-4105-41ee-a697-463d89c96345,First Baptist Church,,-105.20172818,31.93567354,48,4819708,Dell City
church_overture:154c0c19-1bc7-4d7f-aca2-0fa2f20ab2f7,First Baptist Church,,-85.17302611,40.7375525,18,1806220,Bluffton
church_overture:155289a8-9ea3-408e-9b88-be392f3eb7e9,First Baptist Church,,-87.90769942,39.00071246,17,1755106,Oblong
church_overture:1556a148-a0c5-464a-8b4b-6c01760d16e2,First Baptist Church,,-75.27584637,42.761382,36,NA,NA
church_overture:156749b3-61e8-422e-916e-280279e5b5ea,First Baptist Church Enid,,-97.8833666,36.3953527,40,4023950,Enid
church_overture:1573922b-ba21-470b-ada7-89dc78b8a0e5,First Baptist Church,,-93.58426117,37.31370777,29,2902188,Ash Grove
church_overture:1583330d-c608-42b2-a6ad-bedd279c38d2,First Baptist Church of Lancaster,,-96.75510161,32.59472683,48,4841212,Lancaster
church_overture:1588e275-40c7-4cae-9aa7-2ae9d91e6baa,First Baptist Church of Flagler Beach,,-81.12861786,29.4821256,12,1222550,Flagler Beach
church_overture:158c3b08-ae48-45cf-8af1-dbc7fdfa6ff8,First Baptist Church of Napoleon,,-84.24591925,42.16058561,26,2656620,Napoleon
church_overture:158f7332-eeef-492d-8bdf-004360ebf81c,First Baptist Church of Grayson,,-82.95046859,38.33284846,21,2132572,Grayson
church_overture:15a025cd-2cb9-4551-b6f5-a0adc92fb44f,First Baptist Church,,-79.3411891,36.40603423,37,3776000,Yanceyville
church_overture:15b4a2eb-5604-42dc-a6e1-689687f07a3e,First Baptist Church Yantis,,-95.57500896,32.93148021,48,4880440,Yantis
church_overture:15b79056-50e1-40f9-a525-c4d9490fa564,First Baptist Church,,-93.60416484,40.08740317,29,2973816,Trenton
church_overture:15b9b7e1-cbd3-4cae-bc89-d564a515611f,First Baptist Church,,-92.39974083,34.29179474,05,0563710,Sheridan
church_overture:15d64393-e0b1-43cb-949b-df28e6bf0f30,First Baptist Church of Burleson,,-97.32577944,32.54150787,48,4811428,Burleson
church_overture:1616cf09-1ed0-4129-9ee9-eaffe560ff97,First Baptist Church,,-84.90058461,42.86790808,26,2665860,Portland
church_overture:161f3ad1-2772-42b1-8782-b502694a718d,First Baptist Church,,-96.05923849,35.87768764,40,4049550,Mounds
church_overture:162018a0-a61f-457a-8837-c6be08c4cabc,First Baptist Church Van Horn,,-104.83232659,31.04203755,48,4875032,Van Horn
church_overture:1637828b-fa2f-4b2e-9f67-ae914f419683,First Baptist Church,,-71.01915562,42.46458701,25,2560050,Saugus
church_overture:16442f47-3216-4fe9-bd13-d5ca594b64b4,First Baptist Church,,-98.49074274279273,33.89416887453202,48,4879000,Wichita Falls
church_overture:164b4420-bcfe-4416-9cff-5c30abaa6604,Eccles First Baptist Church,,-81.26393561,37.78547857,54,5423644,Eccles
church_overture:164c3adb-3798-4c75-beb6-d58d1305fcf9,First Baptist Church,,-76.28428274,43.21870463,36,NA,NA
church_overture:165540c8-18ce-4a34-9f88-bc3a57dbd62f,First Baptist Church of Ely,,-114.87063408,39.24761458,32,3223500,Ely
church_overture:165cf6e0-4422-4a4d-87cd-be185077e7e8,First Baptist Church,,-94.62171291,39.11767096,20,2036000,Kansas City
church_overture:166ba325-e13c-4a01-baf4-bd42e4d72fde,First Baptist Church,,-91.97525628560518,33.11649211375669,05,0516240,Crossett
church_overture:168e9eec-6c62-4f22-b59b-3fca0a4adbb4,First Baptist Church,,-85.95453717,32.94319337,01,0101132,Alexander City
church_overture:1695b407-2620-420a-9d5f-79478451b649,First Baptist Church of Davenport,,-81.60206499,28.15669128,12,1216450,Davenport
church_overture:16a1d72a-dfb3-4caf-bdfb-5369b4eca207,Jamestown First Baptist Church,,-85.06591256,36.98344267,21,2140114,Jamestown
church_overture:16a3cefd-0b23-4d3c-ae6b-c4b3019dc4d1,First Baptist Church,,-122.3097635399602,37.9767523836788,06,0660620,Richmond
church_overture:16a56327-f6f7-45d6-bb96-740aac18fd5d,Otter creek First Baptist Church,,-92.43177169428475,34.65804327265979,05,0541000,Little Rock
church_overture:16aea6ab-e971-4d91-983f-161fab4a7132,Laurel Hill First Baptist Church,,-86.45826,30.965277,12,1239650,Laurel Hill
church_overture:16af6eb5-0ac8-498e-921c-e20911ce4540,First Baptist Church,,-121.28825333,38.61283069,06,0659444,Rancho Cordova
church_overture:16b53414-9898-4b83-864a-9024c6de86f2,First Baptist Church,,-76.86970887,42.38068426,36,3678696,Watkins Glen
church_overture:16e2e1d8-bfed-4d1e-9c8c-fbe339df3baa,First Baptist Church,,-95.80363723,32.68474334,48,4827804,Fruitvale
church_overture:17006c56-c9ef-495d-a91d-239a7d07ac5c,First Baptist Church,,-111.8766914,40.86920994,49,4907690,Bountiful
church_overture:1702eb9a-371c-4e53-9bbb-3b240bee9231,First Baptist Church Barling,,-94.30261003,35.32538781,05,0503640,Barling
church_overture:17086bfa-4ba5-424b-ae54-44653e656c4a,First Baptist Church of Marion,,-88.64849415,32.42022938,28,2845160,Marion
church_overture:171ca09b-2d37-4538-be6c-6b532ba5d838,Coalton First Baptist Church,,-82.77291054998784,38.36138475000134,21,NA,NA
church_overture:171fa8b0-6693-4cf1-8864-96970d119968,First Baptist Church of Floyd,,-91.96819602,35.1990435,05,0524130,Floyd
church_overture:1732c1b8-6c84-4636-b1c5-feb05a95bc8f,First Baptist Church of Tucker,,-84.214191,33.85565,13,1377652,Tucker
church_overture:17624d4b-0714-4deb-abf4-bd5842748054,First Baptist Church,,-89.770887,30.699885,28,NA,NA
church_overture:176d1a54-1dba-4ca8-86bf-9d1a7474ee87,First Baptist Church,,-94.87254643212275,39.7526119244644,20,2020950,Elwood
church_overture:1772e592-b214-492e-8775-e721fa61b62c,Macedonia First Baptist Church,,-85.06130671,30.49314493,12,NA,NA
church_overture:177c5b39-a793-45d5-bffb-d2111b8cca86,First Baptist Church,,-100.23356622,46.26971244,38,3846980,Linton
church_overture:177e57ae-bc82-450a-bf79-1413a10862b5,First Baptist Church Of Kenosha,,-87.86696852,42.60379955,55,5539225,Kenosha
church_overture:1789e731-d217-418e-9cb0-3f6ac21ecb50,First Baptist Church,,-84.41928421,41.50377244,39,3975140,Stryker
church_overture:178d4a37-06f3-4d21-8f4e-58d6daad4357,First Baptist Church Of Helena,,-88.5040071,30.4872045,28,2831460,Helena
church_overture:178d8271-3497-44df-bd1c-d77165b4f171,First Baptist Church,,-119.289681,36.545052,06,0654372,Orosi
church_overture:179e8854-a809-4d0b-8b98-811c65ba56f2,First Baptist Church,,-79.54894267,34.66906239,45,4543630,McColl
church_overture:17a357e5-e243-436f-8525-f1bea244a914,Clyde First Baptist Church,,-82.91069129,35.53125353,37,3713280,Clyde
church_overture:17b86df0-cda1-4963-8ebf-e66ff09f68b3,First Baptist Church of Tarrytown,,-73.85864335,41.07465328,36,3673176,Tarrytown
church_overture:17be9da1-671f-49d3-82da-4ed4fefca321,First Baptist Church of Butler,,-84.2395981,32.55744899,13,1312120,Butler
church_overture:17c33c03-b06d-4d57-aaad-35d5c07e2d55,First Baptist Church,,-88.54013648,37.73979248,17,1733136,Harrisburg
church_overture:17c44097-4815-45f1-9b26-c4a225bf438a,First Baptist Church,,-98.45214,45.4528,46,4600100,Aberdeen
church_overture:17e3e4d0-1364-468d-acf9-ed76aedf1c45,First Baptist Church,,-103.04599140613254,34.39048744360148,35,3577250,Texico
church_overture:17f01ce4-57fa-4fa4-808d-eb15a6b042f4,First Baptist Church of Cadillac,,-85.39646524,44.24824574,26,2612320,Cadillac
church_overture:17f7cf91-02b5-48c7-b13f-4a39a3840347,First Baptist Church,,-73.6555760421506,43.55818576708667,36,3607245,Bolton Landing
church_overture:18079e6d-93a1-4ae0-a572-51a309f72605,First Baptist Church,,-77.40376523,37.22323764,51,5161832,Petersburg
church_overture:18092fe3-3957-45aa-8a8f-438fa83bd98f,First Baptist Church,,-83.32199837,34.58078301,13,1376756,Toccoa
church_overture:1815241d-aee2-412b-b216-3b96ea3a7301,Pleasant View First Baptist Church,,-87.03335716,36.39685247,47,4759560,Pleasant View
church_overture:1823db90-65f3-49b5-87bd-be1766ef68fc,First Baptist Church,,-84.84052293,33.92164401,13,1321324,Dallas
church_overture:18316a00-c45c-4c83-978c-4438cc6bd559,First Baptist Church,First Christian Church,-94.339769,32.153543,48,4813108,Carthage
church_overture:18375b73-a732-436e-9ef1-9086107c5641,First Baptist Church,,-84.63729878,39.76142628,39,3924234,Eaton
church_overture:18430efb-5c45-4faa-96a2-62458a2784f3,First Baptist Church,,-98.38676646,33.16108699,48,4810960,Bryson
church_overture:1844eb8a-0406-434b-940e-50dcd5a9c04e,First Baptist Church,,-102.88845431147821,30.898247713923194,48,4826808,Fort Stockton
church_overture:184898a0-520c-42ad-ab8b-863bffaf609b,First Baptist Church,,-89.95800984,41.80330433,17,1750530,Morrison
church_overture:184ce63d-ea90-41f9-916b-d48f220a76e8,First Baptist Church,,-101.44127334,35.83628267,48,4870340,Stinnett
church_overture:184dceca-e1be-4d93-8911-36920b117c42,First Baptist Church of Conyers,,-83.9780319,33.67801103,13,NA,NA
church_overture:18564983-7e94-459f-bd81-e2a94d5b80f1,First Baptist Church Of Elk Park,,-81.979760527611,36.156583713418,37,3720700,Elk Park
church_overture:185fef51-e744-42d7-8aaa-6c5ed510f269,First Baptist Church,,-82.70303693,38.38960864,21,NA,NA
church_overture:1860ab53-7e28-4df4-bf82-19d1b94a57e2,First Baptist Church of Rice,,-96.627657,32.326338,48,4824348,Ennis
church_overture:18650b27-b82f-4caa-905d-dc528b45e836,First Baptist Church,,-77.60051167,36.42784317,37,3771780,Weldon
church_overture:187c8305-342d-403a-8620-271bb990d530,First Baptist Church,,-79.12141285,38.99314342,54,5462956,Petersburg
church_overture:18804240-d3ad-4e23-91ce-4eb70e558836,First Baptist Church Of Sharon,,-89.0982128,31.7908915,28,2866840,Sharon
church_overture:188e2c5a-323c-4e92-aadf-de6d98f0df99,First Baptist Church Millsap,,-98.00850588506161,32.75015943666243,48,4848564,Millsap
church_overture:1892c691-503f-4079-97eb-817f648ad6b3,First Baptist Church,,-104.974041,39.578963,08,0812815,Centennial
church_overture:189d7e5e-aa38-43bc-b187-c82d70b41790,Elgin First Baptist Church,,-98.289825439453125,34.778892517089844,40,4023450,Elgin
church_overture:18a6637d-da4e-4988-a80d-feec07fe6d13,Greencastle First Baptist Church,,-86.89068574958004,39.64507066673464,18,NA,NA
church_overture:18a743d7-4a98-4c95-ac77-d1aba897db79,First Baptist Church,,-94.42401318,35.95135589,05,0539970,Lincoln
church_overture:18a91c10-7af8-496e-88d0-921d3e3d30f0,First Baptist Church of Elton,,-92.69399248,30.47917004,22,2223620,Elton
church_overture:18a9fc83-1950-449d-a933-ca5bcdde683c,Creola First Baptist Church,,-88.037351,30.893558,01,0118304,Creola
church_overture:18b22e15-b1b7-436f-bbda-2c8dd4debd99,First Baptist Church,,-76.74943763,35.8643476,37,3753040,Plymouth
church_overture:18b88884-221c-4f0f-a717-18623fa08571,First Baptist Church,,-91.52278399813858,39.79590708372594,29,2956036,Palmyra
church_overture:18ba82df-e9ea-49e8-8878-55be3bb4e6ce,First Baptist Church of Milford,,-84.21093833,39.19966069,39,NA,NA
church_overture:18bb6474-b183-4d24-baf1-01c601fab0fb,First Baptist Church Bronxville,,-73.81259,40.932578,36,3621809,Eastchester
church_overture:18c0dbd6-4940-402d-8a3d-639bf754679d,First Baptist Church,,-80.35015498,27.38312199,12,1277275,White City
church_overture:18c99636-91ae-4487-bfd6-87ab59b974c6,First Baptist Church - Pacolet,,-81.76405714875986,34.90075698136486,45,4553845,Pacolet
church_overture:18dcfc24-a14e-43ee-b859-c3a42faa9739,First Baptist Church,,-81.08564793,35.35614093,37,3764500,Stanley
church_overture:18e052a2-fbc8-4f75-9eaa-8a2b966fd8a7,First Baptist Church,,-99.78326904,30.91415023,48,4847628,Menard
church_overture:18f2c334-073a-4f40-8312-c3ceeef80bf8,First Baptist Church,,-84.55345212,40.85377666,39,NA,NA
church_overture:18f53b18-c8f8-4d41-9258-55b579f6f33d,First Baptist Church,,-91.72334961,38.28805271,29,2904150,Belle
church_overture:18f542b5-9bbd-4344-a960-276567bdd55d,First Baptist Church,,-83.92039189921609,42.01528911915841,26,NA,NA
church_overture:18f78f77-6b89-4d1e-ac5e-a67e1b15bb96,First Baptist Church,,-95.95273162,33.14914695,48,4812112,Campbell
church_overture:190955be-4dee-4fc1-ab0a-d180d8f58027,First Baptist Church of Blanding,,-109.483327655307,37.6231855625194,49,4906370,Blanding
church_overture:19116e2c-a886-47f2-8a4a-2a17da847ed7,First Baptist Church Riverton,,-94.7062049,37.07741624,20,2060200,Riverton
church_overture:19143afc-b5aa-4d9d-a104-a6fe36b02d21,First Baptist Church of Saucier,,-89.169015,30.61346,28,NA,NA
church_overture:19418cf5-5268-4640-8112-17deda8696bf,First Baptist Church,,-79.388618,36.599631,51,5121344,Danville
church_overture:19504654-961f-44be-ae26-67c02e6c6a0e,First Baptist Church,,-81.68028095,36.7982134,51,5116480,Chilhowie
church_overture:19569e4c-2c97-44b3-8581-40efe029c99c,First Baptist Church of Archer,,-82.52206113,29.52830433,12,1201775,Archer
church_overture:1961f951-f264-47ae-9a1e-2a0d4045eebe,First Baptist Church,,-83.22910559,33.07677574,13,1351492,Milledgeville
church_overture:19740111-d514-4327-8995-ea4df72cd60d,First Baptist Church of Scottsdale,,-111.92926999810061,33.48700101092238,04,0465000,Scottsdale
church_overture:1976d088-a079-4ab2-aaf7-2239c73a6c27,First Baptist Church,,-99.51605705,34.25420761,48,4814680,Chillicothe
church_overture:1981ae58-c735-4645-b29f-85761a4867a9,First Baptist Church,,-91.6743100601822,39.42953777598908,29,2957080,Perry
church_overture:198cbde9-07d0-483f-bbf4-4ebde536173b,First Baptist Church,,-91.906393,36.061064,05,0545080,Melbourne
church_overture:1991c4de-9774-4f7f-a04d-098189937ef6,First Baptist Church of Saint Albans,,-81.8363122,38.38681732,54,5471212,St. Albans
church_overture:19a06aa5-af88-418e-8d58-e66d17def21a,First Baptist Church of Niagara Falls,,-79.05105204,43.12210425,36,3651055,Niagara Falls
church_overture:19a2aa72-8d2a-480d-8c9e-fc8e3475c910,First Baptist Church,,-83.302234,30.850287,13,1378800,Valdosta
church_overture:19a76d30-a038-4485-8f71-6ad0d7702af7,First Baptist Church of Endicott,,-76.04619931,42.10247586,36,3624515,Endicott
church_overture:19b29efd-8fb0-4b27-a36d-490ab1a6db58,First Baptist Church,,-103.542778,37.984095,08,0842110,La Junta
church_overture:19c48336-02f4-4384-947d-48f4fd835881,First Baptist Church,,-88.99104204,36.66446147,21,2115742,Clinton
church_overture:19e209bf-ccd1-4c64-8ac3-98c42ab8188a,First Baptist Church,,-81.64911493,28.96416396,12,1201050,Altoona
church_overture:19ec5ab5-819f-4f4d-a83e-5b5c84ab7a2a,First Baptist Church of Gilmanton,,-71.35361965,43.38098928,33,NA,NA
church_overture:19fa4db8-b3bc-4afb-ad26-111ce4a536a1,First Baptist Church,,-85.94593615,37.99858568,21,2181930,West Point
church_overture:19fd5ea4-1c37-42e9-aa91-05b36960d162,First Baptist Church,,-118.62673499,38.52952183,32,3231300,Hawthorne
church_overture:1a08a0c7-23af-492e-b3be-db11e2a29d22,First Baptist Church,,-74.36830765,42.99600427,36,3638781,Johnstown
church_overture:1a18fb53-12f8-4e32-9925-ac8cd0cee6a7,Colcord First Baptist Church,,-94.68787387,36.26382398,40,4016100,Colcord
church_overture:1a1ad82d-0dd3-4f02-82c1-f70a9bba1955,First Baptist Church of Felsenthal,,-92.161436,33.058672,05,0523320,Felsenthal
church_overture:1a313ab3-28f1-4a10-a6b9-ba987acfd0fb,First Baptist Church,,-82.444453,29.387572,12,1277825,Williston
church_overture:1a35c98b-01e5-42eb-b446-4fda5bafa890,First Baptist Church,,-87.83790407,42.47837667,17,1782686,Winthrop Harbor
church_overture:1a461a15-94b5-46b2-9f67-210abe4bc9fd,First Baptist Church,,-82.01902795,34.49841557,45,4540615,Laurens
church_overture:1a4c9b14-a2a0-4fa1-9047-ea3444e5ad53,First Baptist Church,,-91.37955594,31.55539746,28,2850440,Natchez
church_overture:1a5a09c4-3fee-4dc4-b5ac-bd3a56a0d6a4,First Baptist Church,,-91.63965372,35.27315119,05,0536040,Judsonia
church_overture:1a629241-31de-4b45-b60f-e037abb673d9,First Baptist Church of North Liberty,,-86.4327760998407,41.533770055660845,18,1854918,North Liberty
church_overture:1a67d6f3-a487-4fbd-8906-0f88ab247726,First Baptist Church Sumner,,-90.3669961,33.9707865,28,2871520,Sumner
church_overture:1a6a1eb6-2b48-4a72-8027-d05f8bce95f8,First Baptist Church,,-75.56631092,38.07369884,24,2462475,Pocomoke City
church_overture:1a6f85dd-5119-4bc0-aa58-fbbd59e1f2d5,First Baptist Church,,-94.33688389,30.05280673,48,4814704,China
church_overture:1a784251-a4ed-433e-bfcb-02e73b47b90a,First Baptist Church,,-85.52470832,38.26817589,21,2148006,Louisville/Jefferson County metro government (balance)
church_overture:1a7cd52d-38f3-40b7-8ddf-54172e7cf9cc,First Baptist Church,,-74.48357232,40.79826262,34,3448300,Morristown
church_overture:1a8bb251-f592-4508-bc90-cacc6ccdd994,First Baptist Church,,-98.014022,33.631706,48,4807396,Bellevue
church_overture:1a8f02a9-bc02-42b7-80b4-752a0de063e1,First Baptist Church,,-82.58983432,32.38260032,13,1371772,Soperton
church_overture:1a9815ca-c576-41f6-bfe6-5363eb21bdb9,First Baptist Church,,-122.2370387,40.1761711,06,0659892,Red Bluff
church_overture:1a98efa9-7d29-45ba-aac1-f4389cc87a18,First Baptist Church,,-90.61924967,40.23228922,17,1744056,Littleton
church_overture:1a9c6969-15b8-48f1-ad22-eadd91d5992d,First Baptist Church,,-118.09033886,33.94325227,06,0669154,Santa Fe Springs
church_overture:1aa9acf9-5be8-444a-9420-0820d584d37f,First Baptist Church of Valley Falls,,-81.97418043,35.0192797,45,4573465,Valley Falls
church_overture:1aefc501-4b0f-43c8-aa4d-645c8e4792fe,First Baptist Church Prattville,,-86.47107327,32.46142873,01,0162328,Prattville
church_overture:1af7f9a6-7324-4d50-bf90-199a21084cb3,First Baptist Church,,-76.55589278,40.79032174,42,4269600,Shamokin
church_overture:1b2f36af-7eee-49bd-89a6-3a0cbff6bad5,First Baptist Church Staunton,,-79.07732026,38.1500457,51,5175216,Staunton
church_overture:1b36a905-b153-49ec-86f5-6ce12e74b808,First Baptist Church,,-83.79441434,32.09259243,13,1379444,Vienna
church_overture:1b3c9821-69f6-441d-96c2-82e008bfd289,First Baptist Church of Pawtucket,,-71.3765657,41.88041079,44,4454640,Pawtucket
church_overture:1b41aed5-fc1f-453d-981a-fe3410899114,First Baptist Church of Gilbert,,-81.38974072292201,33.92417708957526,45,4529050,Gilbert
church_overture:1b62aca8-b64c-4cbc-b8cc-1151e2824fc4,First Baptist Church,,-95.45006288,29.18122909,48,4803264,Angleton
church_overture:1b74b6e2-5dff-4f66-8c20-1e8262d0e540,First Baptist Church of Linden,,-78.768337,35.254391,37,NA,NA
church_overture:1b7a8cb1-ec5a-4a89-a670-f02e003e5a24,Tremont First Baptist Church,,-88.26395703,34.23575097,28,2874400,Tremont
church_overture:1b7e0c30-87f5-469b-912b-b6fb5e0b176d,First Baptist Church of Laramie,,-105.57668883,41.31986444,56,5645050,Laramie
church_overture:1b7f7861-d0fe-4338-82a6-bb7d55e92e84,First Baptist Church,,-89.15963728,32.3207819,28,2851720,Newton
church_overture:1b98a092-ee8f-4e05-a36a-9eae0444907f,First Baptist Church of Honolulu,,-157.84437821,21.30320515,15,1571550,Urban Honolulu
church_overture:1b9c1c85-7c6c-457a-bd3f-e4441e02108d,Ellinwood First Baptist Church,First Baptist Church,-98.57256786,38.28972832,20,NA,NA
church_overture:1b9f866b-3e25-423d-8faa-7ccba20a9d4a,Barton First Baptist Church,,-87.89426627,34.73504878,01,NA,NA
church_overture:1ba38974-c54f-4d17-a378-e9bff2a1457a,First Baptist Church,,-83.3808892,33.95927678,13,1303440,Athens-Clarke County unified government (balance)
church_overture:1bb5d20c-ce33-4ca1-8203-47735654dca3,First Baptist Church,First Christian Church,-93.563604,36.365879,05,0505560,Berryville
church_overture:1bb71ccc-a27b-40c9-a2b6-2f1e6027973b,First Baptist Church of Pinch,,-81.46787848,38.4157791,54,NA,NA
church_overture:1bb791a7-067a-4b81-992e-78ad81ceb0b3,First Baptist Church,,-98.83202591,26.37952768,48,4862168,Rio Grande City
church_overture:1bb83604-544e-4dd5-9e49-9993ae2d886d,First Baptist Church,,-98.37146369,48.76397138,38,3844780,Langdon
church_overture:1bbd0ebe-9932-49f8-80c3-3b6370dc6174,First Baptist Church of Petoskey,,-84.94088673,45.36206169,26,2663820,Petoskey
church_overture:1bd2f16a-3f73-4397-b8a1-5689740d999f,First Baptist Church Hempstead,,-96.07241395,30.09516563,48,4833200,Hempstead
church_overture:1be8d807-4133-4553-8519-1cf42cf3b97f,New Hope First Baptist Church,,-91.05350131,33.41374988,28,2829180,Greenville
church_overture:1c00444a-11d3-48c2-a476-a8aa2b445c76,First Baptist Church,,-83.43500498,38.18231635,21,2153418,Morehead
church_overture:1c06aa9f-76da-4492-82db-2c9c80ac5db4,First Baptist Church,,-97.39979346,37.26475557,20,2076475,Wellington
church_overture:1c1a54d1-21fc-4367-84ef-c30dd704346d,First Baptist Church,,-88.948136488158,38.996634666074,17,1708992,Brownstown
church_overture:1c22de8b-a388-446a-8dbe-7dbd7c7368d0,First Baptist Church,,-98.35659307168392,36.7520176318379,40,4013750,Cherokee
church_overture:1c260b71-aad6-41c0-9925-87cd0d14c028,First Baptist Church,,-86.06727472,40.75441572,18,1859328,Peru
church_overture:1c28c506-f8ad-45d3-a0a3-16e3849fd344,Crossville First Baptist Church,,-85.99814905,34.28683985,01,0118856,Crossville
church_overture:1c2b818e-5a3c-4c2b-816b-1f1a99fef19f,First Baptist Church Ludowici,,-81.75433159,31.72049465,13,NA,NA
church_overture:1c2fca3a-db47-4541-a12e-a687e5b3979f,First Baptist Church,,-75.28702428,43.07222049,36,3650298,New Hartford
church_overture:1c3fc3f5-dfb1-4233-92c9-2685e99678f4,First Baptist Church,,-83.451012,39.886192,39,3944674,London
church_overture:1c42bbbd-135a-4529-89b1-43a401c79f81,First Baptist Church,,-88.56530531669148,34.65590072248141,28,2807780,Booneville
church_overture:1c4ee523-d397-41f3-8b70-ce086bd7e047,First Baptist Church of Hempstead,,-73.62170117,40.71157903,36,3633139,Hempstead
church_overture:1c4f8f17-fbd2-404f-967d-69884c298aa7,Warrenville First Baptist Church,,-81.80449665,33.55187711,45,4574725,Warrenville
church_overture:1c541e94-182b-41a0-86a7-14affceacf90,First Baptist Church North Myrtle Beach,,-78.68417735,33.82626715,45,4551280,North Myrtle Beach
church_overture:1c5526a7-12c1-4495-8679-1df2308d0f95,First Baptist Church,,-96.165452,36.545549,40,4004250,Barnsdall
church_overture:1c6ab272-2481-479c-8b48-ff77be5dc850,1st Baptist Church of Gravois Mills,,-92.826529,38.1967929,29,2940916,Laurie
church_overture:1c6b1b48-e56c-429b-91ea-08f3cffa5b20,First Baptist Church,,-94.68205461889599,33.20479093995403,48,4850316,Naples
church_overture:1c71ceb9-0fdd-4019-81cd-092853f72f98,First Baptist Church of Waynesville,,-92.20153716,37.83033704,29,2977992,Waynesville
church_overture:1c7c8fa0-b0f1-4143-a6dd-76e6f03f067e,First Baptist Church Of Iva,,-82.6611,34.30584,45,4536160,Iva
church_overture:1c81193d-32d1-4975-a579-d66db2035ede,First Baptist Church of Alton,,-86.637093782881,33.578984260364315,01,0137864,Irondale
church_overture:1c9641bb-ea5e-4e62-b0d1-144b3612adbc,First Baptist Church,,-87.04466074,40.75924489,18,1885058,Wolcott
church_overture:1ca6dce5-d6ce-4ab6-86c3-6a64003b4975,First Baptist Church,,-104.45064154,42.7625085,56,5648530,Lusk
church_overture:1caad4fa-4cb1-44eb-8c51-83a5e0d9bac7,First Baptist Church,,-82.59469,32.17797,13,1353508,Mount Vernon
church_overture:1cacf5ef-62c5-4f3b-9d23-73981302ee9f,First Baptist Church,,-81.97288024,27.89686318,12,1247200,Mulberry
church_overture:1cb0f1b6-642a-403b-a206-655810272bf8,First Baptist Church,,-90.40505433286926,39.437084152827154,17,1781256,White Hall
church_overture:1cc7bd80-01b1-44f0-9ad0-5e3cf75f9847,First Baptist Church of Jacksonville,First Baptist Church - Children's Building | First Baptist Church - Grand Lobby | First Baptist Church Hobson Auditorium,-81.65880085,30.33147097,12,1235000,Jacksonville
church_overture:1ccff110-1be2-4dba-971d-5a997d4b3ef6,First Baptist Church of Estero,,-81.81337207,26.44345547,12,1221150,Estero
church_overture:1cd37f87-057d-455f-9e38-79bcd3c10194,The Woodlands First Baptist Church,,-95.46418874,30.13495883,48,4872656,The Woodlands
church_overture:1cd4b921-c9f7-4141-8121-6f99c370755c,First Baptist Church of Odem,,-97.58732019,27.94763456,48,4853376,Odem
church_overture:1cd524b0-82f2-4110-aa79-ba424750b5e4,First Baptist Church of Ovett,,-89.03170121,31.48439945,28,2854680,Ovett
church_overture:1cd5578c-2ef2-446b-b801-a8658a26292e,First Baptist Church of Sargent,,-95.66451309,28.84003416,48,4865864,Sargent
church_overture:1cdab035-f671-4394-bbe0-f85068bcdfe9,First Baptist Church of Sun,,-89.89617089,30.64892897,22,2273955,Sun
church_overture:1cdcfb8a-02e0-491d-97a8-d35f42365d34,First Baptist Church,,-86.21162183110705,32.88998140058047,01,0165472,Rockford
church_overture:1cde66e3-61a4-4599-a23c-d91d7b1e8499,First Baptist Church,,-101.20056931,30.71160402,48,NA,NA
church_overture:1ce6d9bf-6ace-4311-a3a4-138ecdfd54e2,First Baptist Church,,-122.400078,40.585802,06,0659920,Redding
church_overture:1cfd8daa-946c-4fef-a006-ba7c0a359033,First Baptist Church,,-96.309542,32.58724,48,4838488,Kaufman
church_overture:1d067e40-bb5c-4f98-8bfc-8cd2a96bcc25,First Baptist Church,,-81.71404368,27.87049264,12,1201100,Alturas
church_overture:1d0a1571-e766-4aeb-b02b-a01ca4c10d94,First Baptist Church,,-80.53417177,38.22558439,54,5468116,Richwood
church_overture:1d20d4f7-0f88-4775-b652-f818f265d982,First Baptist Church,,-93.68093945401954,41.47643345850603,19,1957675,Norwalk
church_overture:1d22e481-5fa3-42d1-8b3b-436b1d7ee7ca,First Baptist Church,,-82.35932722,41.34656583,39,NA,NA
church_overture:1d23cc46-82a0-4ea6-be20-75ccbaf5e82e,First Baptist Church of Maryville,,-83.96961003,35.75256258,47,4746380,Maryville
church_overture:1d4f27ba-527f-46ca-bfda-5f5a740bfaf2,First Baptist Church,,-85.18058198,42.31695563,26,2605920,Battle Creek
church_overture:1d565961-fd4b-4f46-b7c9-a4ff89254561,First baptist church,,-83.7895048,31.1514685,13,1353060,Moultrie
church_overture:1d59378d-6b02-4788-8a04-16956d8a24d1,First Baptist Church,,-82.74624869378002,39.89426793301351,39,3962498,Pickerington
church_overture:1d67ffc4-f8bf-4181-a0f9-acd2035ceec6,First Baptist Church,,-81.51522597,33.92269679,45,4504300,Batesburg-Leesville
church_overture:1d7048a9-9e19-4ff3-8b59-9b7474587414,First Baptist Church of Huntington,,-82.44455409,38.4176589,54,5439460,Huntington
church_overture:1d99232e-5d02-420b-8294-a12f00b7f1bc,First Baptist Church of Trinidad,,-96.08752,32.145574,48,4873652,Trinidad
church_overture:1d9a321d-7706-45f2-98e6-08adf19b2b9c,First Baptist Church,,-81.59368621,31.84930682,13,1338964,Hinesville
church_overture:1d9f1f4e-7731-4172-bf5d-4bcdcbc98d50,First Baptist Church of Troy,,-76.79050627,41.78313986,42,4277584,Troy
church_overture:1db453b5-ea75-480c-be56-082ac25c9931,First Baptist Church,,-79.89967164,39.73666049,42,4261864,Point Marion
church_overture:1dbdc4f9-a5c9-43e4-a398-c4ab61e62b17,First Baptist Church,,-98.26691358,36.54708095,40,4033450,Helena
church_overture:1dd2496e-c2c0-4e91-9f53-8595259ccaf6,First Baptist Church,,-101.44133219,34.12131872,48,4843252,Lockney
church_overture:1dd608e6-b4e8-4542-96c8-4c94862dd951,First Baptist Church,,-82.080609,26.500549,12,1262675,St. James City
church_overture:1de2815a-70fc-4d9e-a439-0184ad79efeb,First Baptist Church,,-97.49610218,25.92166939,48,4810768,Brownsville
church_overture:1de8aa19-ea85-4df3-8396-405aafe2a55d,First Baptist Church,,-99.3334557,34.6350529,40,4001700,Altus
church_overture:1df48b53-d0cd-46e3-a55e-c62402139e63,First Baptist Church,,-75.76057259,38.4598845,24,2450525,Mardela Springs
church_overture:1dfe42f5-008a-4773-9a9d-52580fb2320d,Albion First Baptist Church,,-95.09865241,34.66354201,40,4001050,Albion
church_overture:1e04d7f0-ad0a-4d0f-86eb-7b387c7e08fa,First Baptist Church,,-97.185973,34.918148,40,4064000,Rosedale
church_overture:1e120987-63cb-4cf8-a01d-1c90f4457f13,Pottsville First Baptist Church,,-93.04976535,35.25065268,05,0556990,Pottsville
church_overture:1e41e68f-e3b6-4ad9-90fd-7190d861b78b,First Baptist Church,,-111.55186819,45.88788603,30,3073975,Three Forks
church_overture:1e4f7243-5d45-44e3-b0ec-bcc34cacf227,Norman First Baptist Church,,-93.679303500739,34.454809006022,05,0550030,Norman
church_overture:1e507110-9477-4f0c-84ef-a91c63c2aa32,First Baptist Church,,-89.47718996,36.37805942,47,4774540,Tiptonville
church_overture:1e53e076-05cf-4843-9420-3fbfd3018cd8,First Baptist Church of Keller,Church,-97.24991208,32.93598471,48,4838632,Keller
church_overture:1e552f34-fbe6-4c9c-9285-b341d3b05c4f,First Baptist Church,,-95.60010789,38.39452457,20,2076050,Waverly
church_overture:1e58ae79-91a3-4505-9e96-4e9dd950972a,First Baptist Church,First Baptist Church Parsonage | FIrst Baptist Church - Bishop,-97.796926,27.583265,48,4808392,Bishop
church_overture:1e593514-097e-4a34-bf20-4fabe7308c76,First Baptist Church of Woodbridge,,-77.262734,38.672244,51,5143432,Lake Ridge
church_overture:1e596a25-3ee8-4a63-b0b5-b8c47efab3b5,First Baptist Church,,-82.83052583,36.16539443,47,4730980,Greeneville
church_overture:1e5b20ae-6c29-4749-9ec8-9870e208e572,First Baptist Church,,-75.91266884,40.40701854,42,NA,NA
church_overture:1e882423-5923-4546-9bd0-9a5357218c32,First Baptist Church,,-94.68200818,29.76958366,48,4803144,Anahuac
church_overture:1e89c2c7-d354-4878-bcf8-f81b9a4dc067,First Baptist Church,,-116.3177557,34.13037071,06,0637554,Joshua Tree
church_overture:1e8b940f-f47a-4aa7-a992-84c71eb1dedd,First Baptist Church,,-103.31816218,33.25172053,35,3576620,Tatum
church_overture:1e8e73b2-163e-4b39-9c72-e5d39ad442c1,First Baptist Church,,-97.93115539,38.06188438,20,2033625,Hutchinson
church_overture:1e96b855-7ee5-43b5-a72d-532322fd7386,First Baptist Church,,-75.01674961,43.1884523,36,3650573,Newport
church_overture:1e9842cd-0bf2-4898-82e8-72592a88e913,Sasser First Baptist Church,,-84.34508831,31.71923117,13,1368796,Sasser
church_overture:1e9e367e-6818-44d6-a7e1-f5ea6d11ce82,First Baptist Church,,-96.48910305,31.02702778,48,4827288,Franklin
church_overture:1ea34d4b-3feb-4d1d-a40a-c2778ffd1690,First Baptist Church of Morrisville,,-78.82831210126092,35.8239069632047,37,3744520,Morrisville
church_overture:1ecbdcd2-3d75-4b71-a750-f530a8ea7ae6,Anamosa First Baptist Church,,-91.26980926,42.10536877,19,1901990,Anamosa
church_overture:1edac622-c61d-4129-9ae6-36002f8ef333,First Baptist Church,,-84.2663082,35.7922996,47,4741760,Lenoir City
church_overture:1ef30a76-1e7f-407c-9d56-b4f00cc5129f,First Baptist Church,,-99.18557695000001,35.64081425,40,4010450,Butler
church_overture:1eff58da-6732-4af3-abf2-05e4e8734a23,First Baptist Church of McAlmont,,-92.1971479,34.79942307,05,0542350,McAlmont
church_overture:1f14333d-751d-4915-9381-da5a95662b45,First Baptist Church,,-84.3881619086659,38.96014388669057,21,2100802,Alexandria
church_overture:1f1754ae-72d6-459c-93d6-cdd0a128a38f,First Baptist Church,,-90.98223391,38.34327858,29,2964136,St. Clair
church_overture:1f289627-99e8-457b-b1b4-485e9b6249e3,First Baptist Church,,-93.05828628,37.11758845,29,2962894,Rogersville
church_overture:1f2c8c7e-8c5e-42e3-b349-b3fba20fbb2a,Deep Run First Baptist Church,,-77.70674495,35.13829606,37,3716720,Deep Run
church_overture:1f330055-3d5b-4371-b410-87fea396e701,First Baptist Church,,-78.87942826,35.06089144,37,3722920,Fayetteville
church_overture:1f330a54-a7f3-4076-aea3-5688e41adc7f,First Baptist Church of Lowell,,-85.36563499,42.93168259,26,2649540,Lowell
church_overture:1f3cc859-e8ba-45b9-b3e6-fe340e66a572,First Baptist Church,,-84.44864624,39.04094049,21,2136604,Highland Heights
church_overture:1f40899f-7303-4a8f-b07c-8b8759b32ee4,Waleska First Baptist Church,,-84.576483,34.341803,13,NA,NA
church_overture:1f49f4ad-3fdd-4f0d-b9b0-a4c8f0866d40,First Baptist Church,,-92.40339528527767,34.85800605992334,05,0544600,Maumelle
church_overture:1f53a41b-68a6-4bb6-9cff-12ba12ccd68a,First Baptist Church,First Baptist School,-90.410376,36.761123,29,2959096,Poplar Bluff
church_overture:1f547cad-c920-4304-98e4-1ea672fbb7eb,Gloverville First Baptist Church,,-81.82986194,33.52646219,45,4529410,Gloverville
church_overture:1f5f2ec7-461e-43fd-80de-f1b2a42fd0c8,First Baptist Church,,-89.429352,31.491307,28,NA,NA
church_overture:1f634010-4e32-4854-8810-ea84f962d036,First Baptist Church,,-86.0358088,40.2868711,18,1875986,Tipton
church_overture:1f7012ba-90fc-4d5a-a3e2-077f0b283da1,First baptist church of evergreen,,-105.33821580079567,39.64109656416676,08,0825390,Evergreen
church_overture:1f7c09f4-3c3d-4e9f-81db-fa43e86e0846,First Baptist Church,,-81.72867546,28.80298195,12,1271225,Tavares
church_overture:1fa686e4-e593-4bd0-9960-cf0f5040cc1e,First Baptist Church Jarrell,,-97.60729403,30.82676202,48,4837396,Jarrell
church_overture:1fab40c9-3608-4592-abc2-491d85865ea7,First Baptist Church,,-88.476486,33.992428,28,2801260,Amory
church_overture:1fb9bced-c673-41b5-ab82-03857c402783,Biggersville First Baptist Church,,-88.56727168,34.82981116,28,2806100,Biggersville
church_overture:1fbfe734-3d61-47c4-b05c-92ae243b6a6e,First Baptist Church,,-83.18281728,42.46918005,26,2659920,Oak Park
church_overture:1fc44a22-cff7-44fd-9175-9321bc3cd165,Cohutta First Baptist Church,,-84.951647,34.960727,13,1317496,Cohutta
church_overture:1fc58ec9-c84f-4401-9120-1c80ddf63cab,First Baptist Church Lake Dallas,,-97.0302765,33.11936454,48,4840516,Lake Dallas
church_overture:1fd3df8b-0584-41b6-9443-7dc9cc91e3e4,First Baptist Church,,-76.98708591,42.87114777,36,3628640,Geneva
church_overture:1fdbffc1-3bec-4b8d-8015-66c1bd3fcddf,First Baptist Church Of Malvern,,-75.512762,40.034338,42,4246792,Malvern
church_overture:1fddf00d-ec67-4a46-89df-23cd685e7cdc,First Baptist Church,,-91.27022728,33.09008837,05,NA,NA
church_overture:1fdef6fc-2aae-463f-8260-cba6bdf19adf,First Baptist Church,,-87.43334263,36.66541995,21,2157090,Oak Grove
church_overture:1fe9fbf3-833e-4787-b8ce-fd9c2ab0109b,New Hope First Baptist Church,,-84.79035542,33.95698306,13,NA,NA
church_overture:1fee8ff5-cfb9-4f41-8514-430c77d6f372,First Baptist Church,,-92.72405,33.368139,05,0564730,Smackover
church_overture:1ff6a380-288d-4954-a92a-95f26938644c,First Baptist Church,,-86.11269333,30.6442401,12,NA,NA
church_overture:20002fe1-fb1d-4c88-a2a2-f6d745225166,First Baptist Church,,-94.36389009,33.01206277,48,4842844,Linden
church_overture:200421e0-2605-48f8-ab54-2ff92a68b522,First Baptist Church,,-97.381445,32.574592,48,4817960,Crowley
church_overture:200d654e-8727-4f04-a20e-196e25563b14,First Baptist Church,,-90.7883004,35.01264103,05,0524430,Forrest City
church_overture:201c8dc7-17f0-42b5-8e25-24b75445ddf5,First Baptist Church,,-94.96167119145012,33.15288754734109,48,4849800,Mount Pleasant
church_overture:2023d4b9-4952-45ca-bb87-80f0d59bc236,First Baptist Church,,-95.1440785,43.15009104,19,1974280,Spencer
church_overture:2029d862-7b79-426d-b6ae-e50e031c5b01,First Baptist Church - North Charleston,,-79.99352591379362,32.86946338182668,45,4550875,North Charleston
church_overture:203fd1a0-1075-4649-b14f-33f12983f2b7,First Baptist Church,,-91.20050629,35.72866954,05,0570100,Tuckerman
church_overture:2044e851-fcaa-46de-8ed8-ddf5bfc23580,First Baptist Church,,-98.219579,38.341454,20,2043525,Lyons
church_overture:2046e8f4-4889-48e9-a967-c5774d004ff8,First Baptist Church,,-97.395,33.358013,48,NA,NA
church_overture:20474a8a-c33d-49e9-bd59-e43b9607bbd8,First Baptist Church,,-95.56200944,44.80927571,27,2725280,Granite Falls
church_overture:204ab97e-1648-4ae4-91d5-ea9dfc6f5e65,First Baptist Church of Clarksville,,-95.11739,33.61315,48,NA,NA
church_overture:2067a28e-44ce-480d-a024-f1e6e01adab8,First Baptist Church,First Baptist Children's Center,-80.24956704,36.09956455,37,3775000,Winston-Salem
church_overture:2069c4fb-fe35-4804-8886-cba51bec4da4,Inez First Baptist Church,First Baptist Church,-82.540692,37.867241,21,2139430,Inez
church_overture:206ce45e-5630-4357-937e-7106d67f1e5e,First Baptist Church,,-108.73279591,42.83107087,56,5644760,Lander
church_overture:20792d20-553b-4ff9-955f-d747538507e6,First Baptist Church Of Pomeroy,First Baptist Church of Pomeroy,-82.0275192,39.029539,39,3964024,Pomeroy
church_overture:2084142a-9da2-42a2-9da9-971e8e62bf64,First Baptist Church,,-89.48735,36.261512,47,4763060,Ridgely
church_overture:20936a3a-73d9-4eab-ae29-8d88f929ffcd,First Baptist Church of Vacaville,,-121.98533477,38.33794332,06,0681554,Vacaville
church_overture:20942679-7964-4f34-ac27-59c26e164c0f,First Baptist Church Of Sister Bay,,-87.141763,45.18423,55,5574225,Sister Bay
church_overture:20993446-6bb2-4887-8976-e4e84ff9bc03,First Baptist Church,,-93.56808588249211,44.218724289380894,27,2768584,Waterville
church_overture:20a85feb-fdcf-4024-b5cd-87d89c52b3d9,First Baptist Church,,-94.38244336,36.59377898,29,2957818,Pineville
church_overture:20b6ca72-c234-4fe3-9e46-a04db7550240,First Baptist Church of Wilson,,-97.4247392910451,34.163930531214824,40,4081500,Wilson
church_overture:20bffcad-90a8-495e-8852-b9a281b3ce43,Marietta First Baptist Church,,-82.50151122,35.02424998,45,4566917,Slater-Marietta
church_overture:20c04efc-4c7e-42d2-b7a0-dd8e1cef78d9,First Baptist Church of Redlands,,-117.18128187,34.05295706,06,0659962,Redlands
church_overture:20c0b443-7eec-461f-877b-687e9197de56,First Baptist Church Cypress,,-118.0394892,33.82961347,06,0617750,Cypress
church_overture:20cda31c-5710-45b3-81ba-38ce0b995376,First Baptist Church of Clute,,-95.409295,29.026025,48,4815652,Clute
church_overture:20d90106-035f-40fd-9126-4c3a1138712d,First Baptist Church Of Leeton,,-93.69341858,38.58339493,29,2941402,Leeton
church_overture:20db1fe2-ca55-4f3a-a709-3aa999193922,First Baptist Church of Yelm,,-122.59094542,46.93788936,53,5380220,Yelm
church_overture:20f6ec73-0871-4174-ad04-19c2249a5b10,First Baptist Church Laredo,,-99.45882367,27.57623176,48,4841464,Laredo
church_overture:210617f2-a7e2-46db-89bf-add42f4c7bd8,First Baptist Church,,-96.95151932348114,43.11335981752441,46,4611060,Centerville
church_overture:21088ce3-38b2-485d-97e0-90b014792604,First Baptist Church of Howland,,-80.72786984,41.23973016,39,NA,NA
church_overture:214bc7fb-a0d3-4052-b085-c9e78ad12c69,Gardendale First Baptist Church,,-86.807385,33.503355,01,0107000,Birmingham
church_overture:2165ad27-4fa5-4658-89d3-bb694978e055,First Baptist Church,,-117.45809325,47.9547216,53,5317320,Deer Park
church_overture:216f2dde-eb45-49ea-9070-99c52ca5e749,First Baptist Church of Wharton,,-96.09829132036397,29.316087591883466,48,4878136,Wharton
church_overture:217762b5-bc07-49e1-91cd-4e5f9e874f12,First Baptist Church of Springboro,,-84.26279589,39.56653997,39,3974076,Springboro
church_overture:2188e72e-d087-45eb-b4b8-824695fce84e,Rockport First Baptist Church,,-87.054885,37.8823168,18,1865484,Rockport
church_overture:21d6b769-1ff0-438d-bd4a-5214d0d09273,First Baptist Church of Ceres,,-120.95230504,37.59216333,06,0612524,Ceres
church_overture:22004333-6577-4153-86f7-0b6b3acf6eaa,First Baptist Church,,-98.96370602,32.09902996,48,4862252,Rising Star
church_overture:222f4bf0-8553-4514-a0ce-8c4d458a3a95,First Baptist Church of Richwood,,-83.29506728,40.42708984,39,3966936,Richwood
church_overture:2236bb35-83e0-4758-8bc9-e1c7743ea558,First Baptist Church,,-91.50150904,38.34483337,29,2955640,Owensville
church_overture:223963b6-ad11-4aae-91c9-af8733c4c27f,First Baptist Church of Delisle,,-89.265431,30.378856,28,2818420,DeLisle
church_overture:225678ac-f8b6-4194-aa94-1cd7bdbce4ba,First Baptist Church,,-89.30611213,34.64670986,28,2859720,Potts Camp
church_overture:226910bc-0337-4bda-bd49-c4ebadbfe0d0,First Baptist Church,,-90.02853941,38.90833728,17,1705599,Bethalto
church_overture:226fb848-08a2-466b-81ac-37db469b2411,First Baptist Church,,-89.20044128,37.11575112,17,1750777,Mounds
church_overture:227961a3-93fe-4bb4-8c00-072ad3c0a993,First Baptist Church of Henrietta,First Christian Church of Henrietta,-98.19730272,33.81411075,48,4833284,Henrietta
church_overture:228415e2-9aef-46b4-9fea-f8b6b33f9cf3,First Baptist Church,,-75.701327,38.205443,24,2464000,Princess Anne
church_overture:228c1177-98d7-48c4-83f7-a0556ec05a14,First Baptist Church Travelers Rest,,-82.44622562,34.96608394,45,4572430,Travelers Rest
church_overture:22919d8b-bd17-4204-ba66-5205eb289dac,First Baptist Church,,-97.36144842,31.31145345,48,4849200,Moody
church_overture:22af130a-e307-4eed-87da-3acfa59b0626,First Baptist Church,,-89.13362109,31.6948911,28,2839640,Laurel
church_overture:22b48d68-bfc8-4bc2-8516-55ed63996392,First Baptist Church of Tioga,,-96.91716388,33.46644922,48,4873112,Tioga
church_overture:22de3675-8f57-4165-86f5-eb1271571e1f,First Baptist Church,,-92.43285684,31.32504878,22,2260530,Pineville
church_overture:22e09683-343b-4faf-950e-f2eab94cab8f,First Baptist Church,,-97.382957,27.764009,48,4817000,Corpus Christi
church_overture:230c4fd3-2fbb-4714-8aa7-8708fca58499,First Baptist Church of Harold,,-86.87752538,30.65949986,12,1229000,Harold
church_overture:230d2c4a-2e13-48fa-bad4-a763895b8bca,First Baptist Church of Welcome,,-77.12265273,38.48503562,24,NA,NA
church_overture:230e6e15-4bd1-4c8a-99f9-b53d32974c43,First Baptist Church of Streetsboro,,-81.3460292,41.2358368,39,3975014,Streetsboro
church_overture:230f720a-bd7d-409e-9cf8-7cc71070c800,First Baptist Church,First Baptist Church Of Jackson,-91.21462564,30.83869395,22,2237830,Jackson
church_overture:2313b450-c403-4b46-a43b-fa2331625644,First Baptist Church Of Rutland,,-72.97628758341517,43.607120926222315,50,5061225,Rutland
church_overture:23172a46-69a9-471f-a75f-a7b99629641f,First Baptist Church of Cabot,First Baptist Church of Cabot-Missionary Residence,-92.016645,34.97600993,05,0510300,Cabot
church_overture:2320b1c5-089b-4b5a-8e92-8e52966832a5,First Baptist Church,,-79.121168,38.999116,54,5462956,Petersburg
church_overture:234fed81-67a1-467b-bd3b-f2e2970faa6e,First Baptist Church of Whitesburg,,-83.13941227,36.27467759,47,NA,NA
church_overture:2363ef34-be36-4328-85d5-d1f3842fbd02,First Baptist Church,,-85.71636422,32.14407514,01,0177880,Union Springs
church_overture:23666a06-aa7a-4692-9e1c-689ef1c94df7,First Baptist Church,,-94.46922006,37.14665866,29,2978118,Webb City
church_overture:238d7478-288c-4ca2-8464-a6bab83d496e,First Baptist Church,,-94.55913419,32.90027666,48,4805084,Avinger
church_overture:238de2f4-c0ef-45b5-a8e9-e0bb3e448779,First Baptist Church,,-87.44653669681976,38.155815862085724,18,NA,NA
church_overture:238ebee8-d666-4492-857e-3782c59a9ec8,First Baptist Church,,-100.51979076,36.81432475,40,4004750,Beaver
church_overture:239ae5ab-afc7-4530-9e4d-5c42ef234b78,First Baptist Church of Kettering,,-84.08316891,39.67749761,39,NA,NA
church_overture:239f1e59-e8e1-4cff-9459-897e6809a445,First Baptist Church,,-76.8152772,43.22048904,36,3682678,Wolcott
church_overture:23a1b3e6-043c-447d-9098-9728093c25ed,First Baptist Church,,-95.70681525,39.01196413,20,2071000,Topeka
church_overture:23a3325a-19cb-4328-935c-7819ae0ff1dc,First Baptist Church,,-79.58873606,40.01543108,42,4215776,Connellsville
church_overture:23adfaa0-2d09-49bd-83aa-dbe4d614be9c,First Baptist Church,,-89.09759417,38.95983974,17,1777317,Vandalia
church_overture:23afca7b-6a9b-4daf-94b5-b73de3bce681,First Baptist Church,,-75.20197674,43.11412345,36,3676540,Utica
church_overture:23bbf724-e2c1-4e79-8862-7a58c31a743e,First Baptist Church of Pearl,,-90.13006411,32.27853457,28,2855760,Pearl
church_overture:23c33675-5963-4806-ad5c-2d1084c9e23a,First Baptist Church,,-101.17257581,35.43247451,48,4878316,White Deer
church_overture:23cf3b2f-d526-42e9-8662-9be8cc5eb718,First Baptist Church of Memphis,,-82.76913337,42.89442125,26,2652960,Memphis
church_overture:23d82614-ec24-4ebe-bf5f-5ed93147c5f3,First Baptist Church,,-92.8165293,34.36165453,05,0543610,Malvern
church_overture:23e6a0b5-a7f2-4167-8d55-cf3085091c10,First Baptist Church,,-80.202983,27.15028,12,NA,NA
church_overture:23f5be3e-4caa-4c9a-b159-7c1d4cde5255,Seattle First Baptist Church,,-122.32208133,47.61204236,53,5363000,Seattle
church_overture:23f6d78d-2ca3-4224-afa8-526942e40250,First Baptist Church,First Christian Church,-102.89227208,31.58974835,48,4848936,Monahans
church_overture:23f7d9b7-342e-4b26-9819-00a63d1bf9b2,First Baptist Church,,-70.28701018,41.65148012,25,2503690,Barnstable Town
church_overture:24045490-e73d-4a49-a546-c75f78b34856,First Baptist Church,,-82.26686903,30.24747118,12,NA,NA
church_overture:2409eee9-4db5-4234-b623-96d88efa8b14,First Baptist Church,,-91.544484,36.494981,05,0543670,Mammoth Spring
church_overture:240afdfd-b5d2-41ba-a483-2d57676e9316,First Baptist Church of Leslie,,-84.43054134,42.45138886,26,2647180,Leslie
church_overture:2411820c-4576-4ff1-86d7-84f6e7f74671,First Baptist Church,,-105.38256536,42.75797339,56,5621125,Douglas
church_overture:241435d6-119c-42af-bfa6-4eddc45635a4,First Baptist Church,,-76.22882825,43.45813373,36,3646811,Mexico
church_overture:241eb4c1-af56-4c6d-9253-5730f4621f97,First Baptist Church of Galt,,-121.303157,38.255204,06,0628112,Galt
church_overture:242b432a-d71b-40d8-b96f-af10b1e47f67,First Baptist Church,,-96.06810404,33.36993044,48,4879948,Wolfe City
church_overture:24345ef3-4972-4323-a3ed-5bcd83bc5642,Magnolia First Baptist Church,,-89.99238906,35.10395653,47,4748000,Memphis
church_overture:243af1a4-ea3c-4304-ba73-75ab56b789f7,First Baptist Church,,-121.9184942,41.96834441,06,0619584,Dorris
church_overture:2442dabb-0bd4-48bd-8425-675590ae32a3,First Baptist Church of Kiron,,-95.32736264,42.19554498,19,1941610,Kiron
church_overture:244b3572-c4c4-47c8-a5b6-041b272d1eab,First Baptist Church of Sebring,First Baptist Sebring Recreation Outreach Center,-81.439121,27.49696029,12,1264875,Sebring
church_overture:244be635-6200-45a4-8b49-e6c13d675cbd,First Baptist Church Of Tool,,-96.1892044,32.2915719,48,4873352,Tool
church_overture:245894ad-0b8f-496c-96a9-aca79b2724ca,First Baptist Church,,-87.98841565,38.28095666,17,NA,NA
church_overture:245925ae-e171-4a04-b022-3281809ebea5,First Baptist Church Rising,,-86.86008987,33.50131328,01,0107000,Birmingham
church_overture:24720246-eb6b-4114-8bc6-70e25c545a51,First Baptist Church,,-81.88529936,27.15667644,12,NA,NA
church_overture:247c0776-6876-440d-a8b6-a7d81af86042,First Baptist Church,,-118.391615,45.936171,41,4148600,Milton-Freewater
church_overture:24867c11-aa4f-4f0d-9e6b-62bb5fadd0d0,First Baptist Church San Isidro,,-98.439499,26.711614,48,4865432,San Isidro
church_overture:24937261-cc80-47e0-9d7c-36eef65900bb,Troy First Baptist Church,,-79.88892798,35.35918726,37,3768520,Troy
church_overture:2499d0fd-d925-4a1e-84da-9c62afcf3465,First Baptist Church of Kingstowne,,-77.14673142,38.75798674,51,5142746,Kingstowne
church_overture:249f4490-1cdb-4109-abc6-d210a974170a,1st Baptist Church of Preston,,-96.01333,35.71333,40,NA,NA
church_overture:24b0233c-c0aa-47e6-8ef5-2dff14a22549,First Baptist Church,,-99.52199383,33.46900171,48,4830296,Goree
church_overture:24b25598-1d9f-4d84-91a8-fabe57f01917,First Baptist Church,,-84.5578383,39.20425643,39,NA,NA
church_overture:24bb7e04-d63d-4db8-b35a-f7085d3e4085,First Baptist Church,,-90.49718792,41.49307635,17,1749867,Moline
church_overture:24d71929-b163-46c4-a8ea-3e7c9a46a216,First Baptist Church Dadeville,Dadeville Baptist Church,-85.76477162,32.82961915,01,0119336,Dadeville
church_overture:24dae667-c0b3-4f3a-bdfa-61be1d30bd34,First Baptist Church of Madison,,-89.43707013,43.07318008,55,5548000,Madison
church_overture:24e03962-f7aa-4a1a-be55-28c2b157e65a,First Baptist Church Wellsboro,,-77.30067089,41.74680591,42,4282160,Wellsboro
church_overture:24ebc037-28cf-41fc-a9bc-ef90b61e4221,First Baptist Church of Mathis,,-97.82959126,28.09102668,48,4847040,Mathis
church_overture:24fbbfa8-738e-441e-b68f-387e25aa9d74,First Baptist Church of Sedalia,,-93.22701497,38.70538877,29,2966440,Sedalia
church_overture:25154ccc-d4da-4026-8536-1f2841066ecd,First Baptist Church,,-102.23735163,40.07159391,08,0886310,Wray
church_overture:2516bb03-8e12-44cd-ae23-5f3e2105eb32,First Baptist Church,,-93.05512776,34.12229952,05,0501870,Arkadelphia
church_overture:252ee7e6-a4d7-4f83-b135-583d6d9d182a,First Baptist Church,,-93.99397473,29.96853344,48,4850580,Nederland
church_overture:2534b98b-fd4f-4efd-a300-b5b7394ae66a,First Baptist Church,,-87.3410255,36.1790856,47,4713080,Charlotte
church_overture:254c363a-5851-4022-a171-3d9e4cba2f42,First Baptist Church,,-84.02266062719977,34.10146355775403,13,1374180,Sugar Hill
church_overture:2554152e-061b-4048-a197-f54ea70721ba,First Baptist Church,,-84.20835353,30.88190902,13,1312400,Cairo
church_overture:255b65b9-c689-40b3-8934-032e6c6671d8,First Baptist Church,,-121.7063606,37.99509244,06,0653070,Oakley
church_overture:2565d964-607a-4c2c-b1bd-b2cf80b48ee2,First Baptist Church Of College Park,,-76.9265569,38.9889588,24,2418750,College Park
church_overture:25675036-c6cc-4581-802b-27cab61cb116,First Baptist Church of Salisbury,,-80.47095378,35.67093825,37,3758860,Salisbury
church_overture:2574996c-39fe-43dc-8aa4-59c595ecfd8f,First Baptist Church Of Hialeah,,-80.27932174,25.8278312,12,1230000,Hialeah
church_overture:25788235-acae-4ad7-8ebe-a7368dbffc10,First Baptist Church,,-88.11253388,36.06410651,47,4710560,Camden
church_overture:257930e9-a42d-4c02-bbe2-8fba802b6218,First Baptist Church of Grants,,-107.8525738,35.15442432,35,3530490,Grants
church_overture:258373f5-0f52-43ae-a520-45de472ab209,First Baptist Church,,-83.39091048,33.32688692,13,1326084,Eatonton
church_overture:258e608a-d447-485d-9336-1f4beed1430f,First Baptist Church of Delavan,,-88.6490572,42.63046865,55,5519450,Delavan
church_overture:2597b715-86ee-45bc-8828-da1b5e1a0c6a,First Baptist Church of Oak Park,,-87.79511246,41.89034401,17,1754885,Oak Park
church_overture:25abab2e-c835-4b4d-bdbb-5361a663f91c,First Baptist Church of Cache,,-98.62803952,34.62692157,40,4010700,Cache
church_overture:25b046ac-8613-4b80-905e-b928bd46808f,First Baptist Church,,-73.07973543,44.13409206,50,5008950,Bristol
church_overture:25b93cf4-e7ff-4147-a1ae-44f78fece024,First Baptist Church,,-88.53563353,41.66474411,17,1760352,Plano
church_overture:25c5b59a-ae67-4120-99e5-044ff36543c9,First Baptist Church,,-90.04683799,41.16822211,17,1728430,Galva
church_overture:25c8405e-9592-43ec-902b-f4fd3286b2e7,First Baptist Church,,-120.12996629,36.00238133,06,0603302,Avenal
church_overture:25cf21d1-13f6-4015-bca3-14934e2d8b0d,First Baptist Church,,-73.95302772,42.07895353,36,3665288,Saugerties
church_overture:25de78c2-48e4-492d-8bd5-ce50eaa7654d,First Baptist Church of Gibson,,-82.597986,33.234078,13,1332748,Gibson
church_overture:25f529ac-7bb7-4a86-9300-4c36a1936b1b,First Baptist Church of Wasilla,,-149.4140832861845,61.58963576326622,02,0255745,North Lakes
church_overture:25fc4ab9-a885-4830-8b49-e13ae2e69f4e,First Baptist Church Daingerfield,,-94.7448773,33.1791431,48,4854024,Omaha
church_overture:26022ac7-e703-4a21-86f5-b22c02d33bbc,First Baptist Church Of Chandler,,-95.47549,32.31167,48,4814224,Chandler
church_overture:2616b455-f448-414b-b5fe-ebe88dae0f9b,First Baptist Church of Big Pine Key,The Big Pine Baptist Church,-81.35925036,24.67387615,12,1206425,Big Pine Key
church_overture:261f0b4f-1c3b-4b0b-9a56-39b2b06f2b71,First Baptist Church,,-92.64178143636323,41.29371986156306,19,1959925,Oskaloosa
church_overture:26210b86-303f-47a5-9198-df71f52c9701,First Baptist Church of Columbia Falls,,-114.19299355,48.37103098,30,3016600,Columbia Falls
church_overture:26257cc8-856e-45a3-9269-94e4e26a21eb,First Baptist Church of Niota,,-84.54837771,35.51469183,47,4753380,Niota
church_overture:2626011a-816e-474b-8173-b87dd3cfea8d,Drumright First Baptist Church,First Baptist Church,-96.59957603,35.98705402,40,4021750,Drumright
church_overture:264b1b7e-93fa-491f-a4ce-782e4b8f4115,First Bapt Church of Loveland,,-84.26084,39.25998,39,3945108,Loveland
church_overture:264cb59d-184e-4e37-96d7-f6b07499fe1a,First Baptist Church Of Kettering,,-84.134761,39.691869,39,3940040,Kettering
church_overture:264e628c-2c4a-48f1-bf65-d32e7e10f644,First Baptist Church,,-78.87973376,35.05404849,37,3722920,Fayetteville
church_overture:26574e5a-3b74-4d44-858d-9a78fc6f748d,First Baptist Church,,-122.84115414,38.98198583,06,0638044,Kelseyville
church_overture:265dd008-eb0c-4596-9ab5-52f71a83e3dd,First Baptist Church of Manvel,,-95.35353705,29.47573764,48,4846500,Manvel
church_overture:265e5586-ad7a-404a-b9a7-bd8abf899013,First Baptist Church,,-96.829974000000007,39.037534,20,2035750,Junction City
church_overture:267e579f-dfa8-48cf-98e3-de4846a28c67,First Baptist Church,,-98.12339725,31.70182992,48,4831952,Hamilton
church_overture:2687db14-e9db-4d71-be93-ee4976e89345,First Baptist Church,,-88.24499163,35.22423903,47,4766720,Savannah
church_overture:268fe578-d557-4ee5-9bf8-3ab3fc2c2a98,Maytown First Baptist Church,,-82.78136537,37.53493248,21,NA,NA
church_overture:2690f280-aa4d-496f-9e06-1ca066b7359c,First Baptist Church,,-85.01063,35.494039,47,4719700,Dayton
church_overture:269c6c08-28cf-481a-9673-2b9d8be9496f,First Baptist Church,,-86.62454731,31.83135529,01,0131912,Greenville
church_overture:26b39c3c-21d1-4548-a52a-24ba8261a6e9,First Baptist Church of Tryon,,-82.24032231,35.20833323,37,3768580,Tryon
church_overture:26b57aa2-9a07-4ef3-a73c-b83defb4e72f,Grove First Baptist Church,,-82.20039797,33.45118076,13,1335716,Grovetown
church_overture:26bf6682-946c-4232-bb28-5e5219cb4c16,First Baptist Church,,-87.4052499608672,46.55595346397039,26,2651900,Marquette
church_overture:26d0c4da-3531-49f3-a646-a8c791b87b67,Collierville First Baptist Church,,-89.68437132,35.06233973,47,4716420,Collierville
church_overture:26e00166-2e62-4e84-aea0-4c2e17808767,Monteagle First Baptist Church,,-85.83241808,35.24130461,47,4749740,Monteagle
church_overture:26e1c0aa-745d-4ad6-82d9-8e475aaa9a3b,First Baptist Church of Clovis,Clovis Church,-119.67554143,36.83509659,06,0614218,Clovis
church_overture:26e80fdc-8860-47ed-a116-924e967c8784,First Baptist Church,,-70.83643191,42.93794768,33,3332980,Hampton
church_overture:26ee7138-a269-44fc-a3d1-106caa22d6a0,First Baptist Church,,-119.18804892,34.19713021,06,0654652,Oxnard
church_overture:26efda53-84cc-454c-8acd-6d100bfb44ba,First Baptist Church of Crystal Springs,,-90.358741796632,31.984373328947,28,2817060,Crystal Springs
church_overture:26f8bf89-4f3f-4b8e-98a7-92e9adbaeda5,Ranburne First Baptist Church,,-85.34469,33.52331,01,0163408,Ranburne
church_overture:27004dfa-e68f-4ea1-af59-6f18c16a6955,First Baptist Church,,-99.76165063641298,29.728776224235094,48,4842004,Leakey
church_overture:270bb468-3732-433d-b3ca-b22e54209a18,First Baptist Church,,-80.298274,37.792552,54,5486812,White Sulphur Springs
church_overture:270ea95e-c8c0-4bca-a7f5-df603c5d2ac3,First Baptist Church of Cherryville,,-91.27596732595192,37.859759639733326,29,NA,NA
church_overture:2730053a-ba69-4b4d-988e-fd8b65437661,Canton First Baptist Church,,-82.83687213,35.53128381,37,3710240,Canton
church_overture:27370582-872c-4944-b82e-6efe8ca35aac,First Baptist Church,,-90.459299,41.491451,17,1722073,East Moline
church_overture:274f88ad-53cc-42e0-a680-45cce5390de2,Norwood First Baptist Church,,-80.12028599,35.22328431,37,3747980,Norwood
church_overture:27543568-a405-4a03-be37-afa5dd77ad12,First Baptist Church,,-93.920312,42.267017,19,1975810,Stratford
church_overture:27594b48-0b0a-4b64-9efd-463dc648ff86,First Baptist Church,,-96.573409,39.206317,20,2044250,Manhattan
church_overture:275cb906-c6b6-4664-9e04-98592291adb4,Calera First Baptist Church,First Baptist Church,-96.42896376698891,33.93600291356777,40,4010950,Calera
church_overture:276c1146-1e5a-4539-b65a-9f88261a80b7,First Baptist Church,,-79.88926205,36.99178332,51,5168496,Rocky Mount
church_overture:2783d38d-9aee-435c-94bd-031ef41437a0,First Baptist Church,,-85.249505,31.568533,01,0100124,Abbeville
church_overture:278a651c-51c4-48f3-8a5c-dec3cb3450cd,First Baptist Church Chico,,-97.79765873,33.29070114,48,4814620,Chico
church_overture:278b4227-6502-4169-bafc-ad0a40328cdf,First Baptist Church,,-97.28861660326928,36.28989253459163,40,4058250,Perry
church_overture:27969eae-5906-42cd-8d96-d2f9c517925c,First Baptist Church,,-98.22574,30.758046,48,4811464,Burnet
church_overture:27a1c6ef-8fb2-4ac6-9fe5-fdc5c2a9fb3f,Dover First Baptist Church,,-73.55629756,41.65282789,36,NA,NA
church_overture:27a50205-df0a-40ff-851d-b92f44df03cc,First Baptist Church,,-84.78888926,35.51672615,47,4719880,Decatur
church_overture:27a90b4d-1b54-4002-be89-d84cbe8f75d1,First Baptist Church,,-122.20731579,47.97616896,53,5322640,Everett
church_overture:27ba78bd-8d83-417e-882a-d2eddf0e74c1,First Baptist Church,,-90.71552,34.55195,05,NA,NA
church_overture:27cbede7-f447-45d7-82b6-6abc1ed673d7,First Baptist Church Of Plano,,-96.69551535241423,33.01906991792005,48,4858016,Plano
church_overture:27cef229-5a4b-4fd3-94bf-800c68a346f2,Star First Baptist Church,,-79.78396516,35.39966103,37,3764580,Star
church_overture:27d691ff-4c7d-46fd-9462-bf38acb3f53e,First Baptist Church,,-94.18057762,30.34689579,48,4867832,Silsbee
church_overture:27d80a0b-ff70-4f21-9aaa-b67d9e98abef,First Baptist Church,,-82.10841597,38.28230555,54,NA,NA
church_overture:27de6eaf-00bf-40c9-a77e-3335babc09d0,First Baptist Church,Parsonage First Baptist Church,-94.01024371,31.34370156,48,NA,NA
church_overture:27e4f3f0-a20b-4909-9c95-00cbd4e9e62e,First Baptist Church of Lloyd,,-84.02017256,30.47970803,12,1240950,Lloyd
church_overture:27faa78c-3bcd-40b3-9a52-dd2b0a3f8f61,First Baptist Church of Williams,,-112.19311438,35.24768661,04,0483160,Williams
church_overture:28007189-36de-4b7a-ba1a-588b7e7249ba,First Baptist Church,,-77.55521856,34.90513834,37,3756360,Richlands
church_overture:28060104-52cc-4ddc-9189-8b93d2819304,First Baptist Church,,-87.219792,36.108087,47,4779980,White Bluff
church_overture:280988ed-61fa-4168-ac20-0e8ad1302288,First Baptist Church Of Meridian,,-88.70506,32.364611,28,2846640,Meridian
church_overture:280aa8bf-a55f-4f7e-9879-f19285f795a5,First Baptist Church,,-92.38341179435182,35.23352885812649,05,0528510,Greenbrier
church_overture:2817cd41-af46-4a60-b06d-2aa0db8ead98,First Baptist Church,,-82.519683,40.067637,39,3931402,Granville
church_overture:2819e6f5-370a-4df6-9102-2c408b84372d,First Baptist Church,,-86.44350272,36.98835661,21,2108902,Bowling Green
church_overture:281a7ea2-2408-4f3c-9c62-144b46f0d685,First Baptist Church of Havana,,-84.41376895,30.62650193,12,1229150,Havana
church_overture:282d300e-e229-40c5-b084-7ec7d77391bf,First Baptist Church,,-78.16007538,34.9933388,37,NA,NA
church_overture:282e155f-2a7a-4aae-8d27-77f08af8fa5b,First Baptist Church New Albany,,-89.00663374,34.49244135,28,2851000,New Albany
church_overture:283a993c-3b6c-4787-8115-a6b36ece9ea1,First Baptist Church Bayshore,,-73.25212605,40.73277096,36,3604935,Bay Shore
church_overture:28424b09-3d70-471c-a53a-88501e318506,First Baptist Church of Hewitt,,-97.19438854,31.45981114,48,4833428,Hewitt
church_overture:284ebf9c-9420-4840-b745-0bf5baf0f479,Macclenny First Baptist Church,,-82.12321776,30.27810224,12,1241950,Macclenny
church_overture:28522d0c-6eeb-4ec5-ad89-dec0a45d5e9d,First Baptist Church,,-81.45883738,30.65025298,12,1222175,Fernandina Beach
church_overture:28538ce9-1748-4efb-ad66-7c732560b877,First Baptist Church,,-82.576781,36.64134,51,5130496,Gate City
church_overture:285a3cc7-21eb-4286-8c55-4a0c67cfa941,First Baptist Church of Ironton,,-90.62638469,37.6007823,29,2935468,Ironton
church_overture:2870fcf0-310b-40c3-8ba0-0a8a3397cb21,First Baptist Church,,-106.92908684,38.5453215,08,0833640,Gunnison
church_overture:28727e71-44c6-4289-a4ed-2f8cb23479e5,First Baptist Church Mesquite,,-96.597503,32.769383,48,4847892,Mesquite
church_overture:2879004b-cddd-4777-8d07-1503a2755352,First Baptist Church of Lathrop,,-94.32858185,39.54852873,29,2940826,Lathrop
church_overture:2882d34d-9e45-4158-86a6-b68e49d8bd34,First Baptist Church,,-95.97042,28.69134,48,4847016,Matagorda
church_overture:288b3dc2-6358-46e7-a4fa-a9aea05eecbd,First Baptist Church,,-67.85095318,44.61629683,23,NA,NA
church_overture:28912a86-dbcf-4e02-b8bc-a7f991e9a9a0,Canalou First Baptist Church,,-89.68765836664704,36.751223260091365,29,2911026,Canalou
church_overture:28998dd1-a766-4475-8754-9e1845a45105,First Baptist Church of Camp Springs,,-76.91973177,38.79289459,24,2412600,Camp Springs
church_overture:28a2a30a-7b5c-409a-8309-7d57e7927beb,First Baptist Church of Coldspring,,-95.12730893,30.59115546,48,4815892,Coldspring
church_overture:28abc201-d1de-492d-b464-7e99823f8a0a,First Baptist Church,,-93.90413968,42.6535352,19,1923250,Eagle Grove
church_overture:28b27eac-55c5-4121-a4d2-5b06c5b9b29a,First Baptist Church,,-79.80363334,36.07495487,37,3728000,Greensboro
church_overture:28bac859-5d78-419a-a92e-fea6d6da4c3f,First Baptist Church,,-96.17806637871693,48.12041293536264,27,2764570,Thief River Falls
church_overture:28ce0eee-6c74-4add-8151-de408cfa4b91,First Baptist Church,,-78.82506862,40.82013106,42,4229512,Glen Campbell
church_overture:28d0aee6-82a7-42b1-ad72-0e70ee1125e4,First Baptist Church of Lake Forest,,-87.84270448,42.25190967,17,1741105,Lake Forest
church_overture:28d3581f-6b62-477a-8137-6d94ea4fd7e7,First Baptist Church,,-81.21022744,34.70416432,45,4514095,Chester
church_overture:28d38adb-3e7f-4482-a7df-5da906a20337,First Baptist Church,,-72.648317,41.557823,09,0947290,Middletown
church_overture:28e720f6-16e4-4346-8478-18347a08f8b7,First Baptist Church Lockport,,-90.54477637,29.6529256,22,2244970,Lockport Heights
church_overture:2901e0da-a07d-4a8c-ac9b-95c621bd0713,First Baptist Church,,-95.62201458,36.99438996,40,4068600,South Coffeyville
church_overture:2903803e-fc42-419e-9532-4d8bc2cfe5c1,First Baptist Church Teague,,-96.281569,31.628195,48,4872020,Teague
church_overture:290677b5-c386-4dd1-a16e-d3e8a51046be,First Baptist Church,,-86.51290050773477,40.27848160422301,18,1825324,Frankfort
church_overture:29159a16-0bdf-4321-a169-0637c1631eee,First Baptist Church Of Pound,"GROW Children's Club of First Baptist Church of Pound, WI",-88.03367754,45.09242151,55,5564750,Pound
church_overture:2916151d-85e9-43da-ad82-0f9e9db1ab9b,First Baptist Church,,-104.02461837,38.12799967,08,0827975,Fowler
church_overture:2916cd21-a4f4-4212-ae4b-5ae8da1aefe6,First Baptist Church,,-87.81563798,33.92700626,01,0182992,Winfield
church_overture:29187a0e-5b60-4551-93b1-da58a541af33,First Baptist Church,,-99.86217887,28.52286595,48,4812988,Carrizo Springs
church_overture:291ce008-f0cd-4f01-9342-4d4a8f6d70b4,First Baptist Church,,-88.60505801,42.24871244,17,1746786,Marengo
church_overture:291ef575-4416-4d63-8833-505939ebf6d1,First Baptist Church,,-71.11439438,42.31375389,25,2507000,Boston
church_overture:2930565d-20dd-4508-85c4-46c17051fae5,First Baptist Church Counce,,-88.27296472,35.03892895,47,4717520,Counce
church_overture:29387f70-fe9c-46a1-bb70-be37dd65dfa2,Beirne First Baptist Church,,-76.05118,40.51889,42,NA,NA
church_overture:29462337-142e-4232-af59-17b3b95e42c5,First Baptist Church of Albany,,-84.2446784,31.63959344,13,NA,NA
church_overture:294a6081-09f1-4400-acf4-87ae06904887,First Baptist Church,,-80.56010408,41.94400332,39,3918350,Conneaut
church_overture:294af2df-16ee-4640-86c8-a87fabc07a8f,First Baptist Church,,-90.33950348026812,45.14858177308751,55,5550425,Medford
church_overture:2975c367-db3f-4db8-9894-a48c8bf2e5b6,First Baptist Church Winigan,,-92.90221879,40.04406772,29,2980440,Winigan
church_overture:2980bfa2-b0c2-4b22-926b-ca4325b23e7e,First Baptist Church Colfax,,-93.24508544,41.67689927,19,1915060,Colfax
church_overture:298c0a25-f01f-49a5-995a-a13697644350,First Baptist Church,,-83.8537382,43.0774716,26,NA,NA
church_overture:298dfb5f-35a0-45d6-a6f8-2c6ae6bf1705,First Baptist Church,,-92.98765689445871,38.43973214922964,29,2971044,Stover
church_overture:2998c873-76ee-40c8-aa00-10ff24d72693,First Baptist Church of Gruetli-Laager,,-85.60747333,35.37406573,47,4731490,Gruetli-Laager
church_overture:29993183-41ab-46f4-99d4-f7d73030cdd5,First Baptist Church,,-84.52370438428693,39.27359655554059,39,3932158,Greenhills
church_overture:29aa78c4-ea11-42e6-bc8d-f2390d852f8b,First Baptist Church,,-77.18052746,43.22473224,36,3682029,Williamson
church_overture:29b1e674-36dd-49fb-a2c8-e0028073fe2a,First Baptist Church,,-89.19329429,31.60413626,28,2822020,Ellisville
church_overture:29b4aa54-1685-4f22-9567-e26024381f6b,First Baptist Church,,-71.88650021,42.16226371,25,NA,NA
church_overture:29c07c86-ed42-461b-a752-baf2b4ad57e5,First Baptist Church,,-91.64096424,39.24163743,29,2939602,Laddonia
church_overture:29c3a791-8adb-4e88-8192-134eda994630,First Baptist Church,,-94.2312337,36.26020705,05,0512340,Cave Springs
church_overture:29c93826-4721-42b5-9e29-4e0601b61f63,First Baptist Church of Plymouth,,-70.67681544,41.94889576,25,2554275,Plymouth
church_overture:29cd3b24-4bc2-4b54-b391-387ea4ae7db1,First Baptist Church,,-93.30708646,41.01301147,19,1912720,Chariton
church_overture:29cec780-3bf7-4350-a585-c3566200730a,First Baptist Church of Emporia,,-77.52981343,36.71822251,51,NA,NA
church_overture:29dcaf5f-2d30-43c2-b13d-ce2f33bc2152,First Baptist Church,,-83.654086,36.576831,47,4732640,Harrogate
church_overture:29f684ce-0bd1-45ee-af24-c081d0bca70a,First Baptist Church of Merton,,-88.305413,43.134523,55,5551375,Merton
church_overture:2a015223-b516-4d63-9fef-80d2331b2498,First Baptist Church,,-103.23084433,44.06704864,46,4652980,Rapid City
church_overture:2a28be0c-0c70-4295-a955-47945f2a77c1,First Baptist Church,,-96.54374218,32.64595153,48,4866428,Seagoville
church_overture:2a371067-a4cb-4d60-a3dc-d02057407c42,First Baptist Church,,-90.5528,35.267365,05,0553600,Parkin
church_overture:2a511bc0-8495-4f00-9799-16d83ab9ef56,First Baptist Church,,-97.43927758,30.58549667,48,4871948,Taylor
church_overture:2a618f91-56fb-458b-952b-318b0c1b160a,First Baptist Church of New Chicago,,-87.27105862,41.55796303,18,1852776,New Chicago
church_overture:2a6f3428-dd41-4b5c-a164-5626b82eea78,Cleveland First Baptist Church,,-86.58609218,33.98895799,01,0115472,Cleveland
church_overture:2a718e5f-12df-49a5-94d1-20e2c6b3283b,First Baptist Church,,-94.35732009,45.97562436,27,2737556,Little Falls
church_overture:2a724dec-2057-4249-ab19-206c4404a4c1,First Baptist Church-Jamesburg,,-74.449933,40.346918,34,3434890,Jamesburg
church_overture:2a739b77-df4d-4638-af07-6f9ad6c0b8db,First Baptist Church,,-86.19374282,43.23249342,26,NA,NA
church_overture:2a756340-922e-4928-8d5b-4c9929984602,First Baptist Church,,-90.39500603,38.29234814,29,2957278,Pevely
church_overture:2a76c541-2158-4a1c-b7b6-473772ba9baf,First Baptist Church of Claysville,,-80.40952463,40.1181988,42,4214000,Claysville
church_overture:2a7ef7eb-61a4-4c39-9d11-4b8e0e2bc934,First Baptist Church of Elon,,-79.49516255,36.10362227,37,3721095,Elon
church_overture:2a8e71da-dee6-4c4f-9538-0f26b357c6e5,First Baptist Church,,-76.97616682,39.80365983,42,4232448,Hanover
church_overture:2a9419d3-d934-4964-a796-287078c74e31,First Baptist Church of Avoca,,-77.41897822,42.40932487,36,3603331,Avoca
church_overture:2a94c561-803d-41e2-aca7-44ba9c56de07,First Baptist Church,,-92.40807667,31.08419582,22,2242800,Lecompte
church_overture:2a9defc5-1e87-4043-bce8-7a9779621653,First Baptist Church,,-75.45904517,43.21646522,36,3663418,Rome
church_overture:2a9ec4aa-ab3e-468f-9ef3-1e2c028b772e,First Baptist Church of Waterford,,-120.758519,37.639663,06,0683612,Waterford
church_overture:2aa0245f-3f4c-4dfc-a7e2-6252012059bf,First Baptist Church Of Whitehall,,-91.3158148,44.3660479,55,5586725,Whitehall
church_overture:2aa3d09d-7840-4a48-bb7d-06061cee775b,First Baptist Church Redway,,-123.82156668,40.11702992,06,0660088,Redway
church_overture:2ac0f854-ecd3-4105-a447-1a59c7820057,First Baptist Church,,-95.09150493,31.97917918,48,4851336,New Summerfield
church_overture:2ace5b4e-e4b4-4dd3-ab81-f59db7a68ff0,First Baptist Church,,-122.29163335,37.890796,06,0600674,Albany
church_overture:2ad7a83a-7aa7-4573-b22e-33e4119c5292,First Baptist Church,,-95.73831355,38.20524661,20,2009400,Burlington
church_overture:2ae2b161-3d3a-4cfb-843f-39eb9986477c,First Baptist Church,,-81.50849721,41.53739327,39,3973264,South Euclid
church_overture:2af4e752-d5c2-4131-b1f9-71e9f2d932be,First Baptist Church,,-82.68816888,38.51332719,21,2167458,Russell
church_overture:2af887d9-46a5-448d-a584-067e91435b87,First Baptist Church,,-93.967265,39.910253,29,2926308,Gallatin
church_overture:2afcbfea-d382-4f1d-88e8-359ac29cb44a,First Baptist Church,,-92.5081423,30.02552935,22,2232055,Gueydan
church_overture:2b18bf33-8226-4258-bde1-92edf46b61ca,Melbourne First Baptist Church,,-91.91468,36.06,05,0545080,Melbourne
church_overture:2b18f24b-4d0e-4b69-8843-34f454de3311,First Baptist Church,,-86.31483916372625,44.26636126632332,26,NA,NA
church_overture:2b195ad8-e2fa-489c-a6c2-bc2406d22812,First Baptist Church,,-84.19504154,39.76371854,39,3921000,Dayton
church_overture:2b1b4d57-88e4-4607-862f-160249620674,First Baptist Church of La Grange,,-91.51048074,40.04836422,29,2939764,La Grange
church_overture:2b3aeb6b-3c1f-43bb-aefa-17505134ea7e,First Baptist Church,,-96.97973411,30.85101272,48,4812040,Cameron
church_overture:2b5e12e8-8fd4-405a-93fc-aec5fe826e0d,First Baptist Church,,-93.19522178,33.09715793,05,0521580,Emerson
church_overture:2b64099c-e0ac-439d-a806-a610c62a48a7,First Baptist Church,,-106.057608,36.000663,35,3525170,Española
church_overture:2b6a5b91-cfaa-4874-a9ff-b14971d92511,First Baptist Church,,-115.0509899,48.8874706,30,3024850,Eureka
church_overture:2b84fad0-dc6b-41ee-81ae-efb894975599,First Baptist Church,,-86.30608083,32.55135741,01,NA,NA
church_overture:2b8e6a72-0bc0-4604-a3ae-99794d9c3abf,First Baptist Church Wanette,,-97.03151474,34.96097011,40,4078200,Wanette
church_overture:2b93a1f9-e219-46da-be62-1c62ce0f92d2,First Baptist Church,,-107.988132,38.6059,08,0855540,Olathe
church_overture:2b99c482-3943-4a45-9b5d-88c4a905bc68,First Baptist Church,first christian church,-82.36236,31.21013,13,1380956,Waycross
church_overture:2ba2ae1e-32bc-4339-bf2f-6eb0de8884dc,First Baptist Church,,-78.10972975,35.78211629,37,3703020,Bailey
church_overture:2bb19214-84be-432b-82e8-b254bf1dd675,First Baptist Church,,-96.61469623,32.66960423,48,4819000,Dallas
church_overture:2bbac5c3-b5f4-4fb6-aa14-d0dfe774dcb9,First Baptist Church,,-84.13032166,36.58624524,47,4738020,Jellico
church_overture:2bc7c549-22f2-4268-b5b0-193de8a74a2a,First Baptist Church,,-78.4378659,41.0239442,42,4214064,Clearfield
church_overture:2bd84e51-8997-46c3-9b6a-3a3ddae5ef46,First Baptist Church,,-76.79501688,37.52984543,51,5184960,West Point
church_overture:2be15bc2-8258-4248-bf51-348cf35781a6,First Baptist Church,,-92.10831478,34.87053235,05,0534750,Jacksonville
church_overture:2bf6f896-d8dc-4464-ba93-b5dee90c45c1,First Baptist Church,,-91.48958796,33.88747694,05,0519990,Dumas
church_overture:2bfd4c7d-a64a-4a50-ae21-0e4ec95d4323,First Baptist Church Michie,,-88.43230306,35.05618675,47,4748180,Michie
church_overture:2c0e6cf3-f8c3-4b58-9405-7efab17ced9c,First Baptist Church,,-97.21009873,32.41758185,48,4802260,Alvarado
church_overture:2c10b73d-e349-4bd8-bddb-f49338f94ecc,First Baptist Church of Marceline,,-92.95152268,39.71574393,29,2945866,Marceline
church_overture:2c162b5e-0611-4c14-b1b7-3c42b1d1808c,First Baptist Church,,-79.33290125,42.47036894,36,3621105,Dunkirk
church_overture:2c2ed00b-545b-4a21-8a4b-0b30f8c80221,Scottsboro First Baptist Church,,-86.91617321,36.2210634,47,4752006,Nashville-Davidson metropolitan government (balance)
church_overture:2c327cd6-917d-4863-a199-b0f1644412d5,First Baptist Church,,-98.32366988,26.21892926,48,4848768,Mission
church_overture:2c469b7b-5017-4d05-9ef5-46e84bb12f3a,First Baptist Church,,-90.03756593633015,35.85770517777716,05,0518160,Dell
church_overture:2c492f37-0c5e-47d2-ad8c-198a2dfdd787,First Baptist Church,,-89.9683549146678,36.66748960411461,29,2904960,Bernie
church_overture:2c49f139-2811-4ac1-8816-10f217c71a0e,First Baptist Church,,-82.64739669,28.49778262,12,NA,NA
church_overture:2c4f2649-af3d-454a-9744-b9b4f47fe6a1,Heyworth First Baptist Church,,-88.96916866,40.31336159,17,1734449,Heyworth
church_overture:2c524833-87fa-4f4a-83ca-21a54444bee8,First Baptist Church of Scottsbluff,,-103.67545856,41.87641769,31,3144245,Scottsbluff
church_overture:2c55dc80-6d64-4bd2-8c1a-da510a4ec59f,First Baptist Church of Weatherford,,-97.80004402,32.75873268,48,4876864,Weatherford
church_overture:2c55fe2d-6cb8-4757-8fff-75f0e9825f9a,First Baptist Church Marion,,-92.2418998,32.9037417,22,2248645,Marion
church_overture:2c5cde3d-0d76-4042-b527-bb2ed92d9627,First Baptist Church Dover,,-82.23551566,27.99494021,12,1218075,Dover
church_overture:2c61c04e-37cc-44d9-abb1-92312bf139be,First Baptist Church of Windsor,,-81.5174539,33.48333065,45,4578190,Windsor
church_overture:2c6a06dc-df98-4c6c-84d4-1d87721a8d87,First Baptist Church,,-82.21032828704226,36.34684655361987,47,4723500,Elizabethton
church_overture:2c792bd7-0942-41e6-9d43-d150f90fb49b,First Baptist Church of Tallahassee,,-84.2827005,30.44113612,12,1270600,Tallahassee
church_overture:2c7ebe97-8f2e-4ac5-bf0d-ede728f7bb89,First Baptist Church,,-96.49382829,41.43412255,31,3117670,Fremont
church_overture:2c83bfd5-7978-4a6b-8ae9-8ad49d932dc1,First Baptist Church,,-112.63736004,38.27398836,49,4904060,Beaver
church_overture:2c8dcf24-972b-44f6-8c76-01f3ecfd4b15,First Baptist Church,First Christian Church,-93.847493,33.947339,05,0548560,Nashville
church_overture:2c9e1239-5f79-4c59-b555-41844759ead8,First Baptist Church,,-84.35013014,41.85486782,26,2639720,Hudson
church_overture:2c9ea2a7-b339-4b69-9460-4be373dd2761,First Baptist Church,,-89.38613092,38.34174266,17,1751700,Nashville
church_overture:2cad00f0-3790-4a42-a1a9-8298993470fd,First Baptist Church,,-90.6723003012653,38.58841742803739,29,2979820,Wildwood
church_overture:2cafa3b0-4fab-4ea9-91ae-0360d6c9b1e4,First Baptist Church of Burlington,,-75.12573249,42.7230499,36,NA,NA
church_overture:2cb032da-b526-4623-889d-b250c76590c2,First Baptist Church Of Bar Harbor,,-68.20733476,44.38461909,23,2302830,Bar Harbor
church_overture:2cb31347-4736-4e57-9a26-59e8a8cca4b8,First Baptist Church Christine,,-98.579294427724,29.555444812119,48,4865000,San Antonio
church_overture:2cc0ce1e-b71d-4338-8a35-98959d007f22,First Baptist Church Pacheco,First Baptist Church,-122.07544002,37.98325554,06,0654764,Pacheco
church_overture:2cc150e4-3b91-4608-b18e-76417f73802b,First Baptist Church,,-94.37078682,32.5459989,48,4846776,Marshall
church_overture:2cc707dd-3ee0-428d-996b-f45286aceacb,Mebane First Baptist Church,,-79.26168298,36.0902688,37,3742240,Mebane
church_overture:2ccf40ee-2a70-48c6-a965-8afee48c13ba,First Baptist Church,,-95.85398665,40.67457718,31,3133705,Nebraska City
church_overture:2ccf9edc-9ada-4c25-be6b-31a26f7efa2c,Faith First Baptist Church,,-82.40634265,37.36231716,21,NA,NA
church_overture:2cda3fc4-1796-4339-8638-d1177e765223,Churchill First Baptist Church,,-95.546189490795,28.91358592084501,48,NA,NA
church_overture:2cdb5ab3-c718-406a-8b5a-331e86f52b61,First Baptist Church,,-85.86254832,42.51414774,26,NA,NA
church_overture:2cfa0e36-3b56-44f9-8be0-cdeafa3d94d3,First Baptist Church of Cooleemee,,-80.55504046,35.8156983,37,3714460,Cooleemee
church_overture:2d016213-9706-4131-8543-dc4c3641ebd2,First Baptist Church,,-81.35467225,35.24047416,37,3735880,Kings Mountain
church_overture:2d04c987-5ecc-4b74-be28-5955a5ae916a,First Baptist Church,,-102.511494,36.049881,48,4818524,Dalhart
church_overture:2d0c7df7-b3ea-4503-987a-1baff716372f,First Baptist Church,,-88.34923679,37.03084951,21,2112016,Calvert City
church_overture:2d1aeaeb-ed02-440e-a653-66b5fd6d09ef,First Baptist Church,,-105.09193689,39.99712554,08,0841835,Lafayette
church_overture:2d2ebc14-7391-41c2-8740-ba3874d0e4b4,First Baptist Church,,-76.84707123,42.34495456,36,3648197,Montour Falls
church_overture:2d3b76c5-490b-4ca0-aab4-5fa1d5597866,First Baptist Church,,-81.55683258,39.26779948,54,5462140,Parkersburg
church_overture:2d3c3e11-cd64-4d62-b6ad-41fbbea4905f,First Baptist Church,,-87.509588,37.27234,21,2123230,Earlington
church_overture:2d4a5213-95ca-487c-a75d-18238640faee,First Baptist Church,,-79.82677942,41.39436493,42,4227456,Franklin
church_overture:2d4b30c8-9156-45c0-969a-3c4246e4cc3d,First Baptist Church Newport,,-81.099042,34.998412,45,4549885,Newport
church_overture:2d502e8c-66d8-4056-bf8d-11671871eb16,First Baptist Church of Parker,,-85.60751042350466,30.13063226769273,12,1255075,Parker
church_overture:2d57203a-f9cf-44c4-931f-fe8524e63648,First Baptist Church of Hornell,,-77.65938078,42.32835412,36,3635672,Hornell
church_overture:2d651e4a-b928-4858-b77b-694baed55c3b,First Baptist Church,,-86.37718,43.704068,26,NA,NA
church_overture:2d6f5aaf-517a-4fc2-b222-ad6eb26372ac,First Baptist Church,,-82.80673962,32.97770292,13,1368208,Sandersville
church_overture:2d94dbcc-7a5b-4333-b640-f05b55636d27,First Baptist Church,,-112.71717484,32.94947576,04,0427050,Gila Bend
church_overture:2d9974b6-f7f4-43ea-b097-c2b72281666b,First Baptist Church of Pass Christian,,-89.24144358,30.31801429,28,2855400,Pass Christian
church_overture:2da559fa-8ced-41f0-b444-65f1b0b76fc3,First Baptist Church of Mena,,-94.24174448,34.58420547,05,0545170,Mena
church_overture:2db62614-91c8-42fd-a04e-b8ca6c6edfb2,First Baptist Church,,-83.22508866,35.3732525,37,3766500,Sylva
church_overture:2db79e5e-6c42-4e6a-b89d-6585ffe279f6,First Baptist Church,,-85.8151131,38.28869358,18,1852326,New Albany
church_overture:2db95a07-14a5-4af5-b5a4-969b2467a2d8,First Baptist Church,,-72.30915521627959,43.64491960622472,33,3341300,Lebanon
church_overture:2dc44ce8-8fba-4a1e-92e0-6ea507a3f609,First Baptist Church of Alpaugh,,-119.48832996,35.88571664,06,0601164,Alpaugh
church_overture:2dc5b896-0b98-4043-87dc-2deaba87f5b9,Adamsville First Baptist Church,,-88.394443,35.236456,47,4700240,Adamsville
church_overture:2dcb4657-0af1-4f15-8e06-af7b55beb848,First Baptist Church Lovejoy,,-84.31525103,33.43425482,13,1347616,Lovejoy
church_overture:2dd33970-0e5c-499e-8969-a9d664454dc3,First Baptist Church,,-97.14914922,34.64840151,40,4082400,Wynnewood
church_overture:2dd82241-9178-4145-a0eb-2b010ee3e715,Skyland First Baptist Church,,-82.52558198,35.48330759,37,3702140,Asheville
church_overture:2dd95bc3-511b-41fb-afb3-24c97cb6a71d,First Baptist Church,,-97.84560451,30.08117876,48,4811080,Buda
church_overture:2dda5962-583a-4d90-b2e6-845276cf9171,First Baptist Church Of Lady Lake,,-81.93114173,28.91517698,12,1237375,Lady Lake
church_overture:2de4af16-50e8-4b7a-8e8c-f92ad229c347,First Baptist Church,,-95.43956583,29.03761404,48,4840588,Lake Jackson
church_overture:2e07249b-24e8-4972-bee5-985afbcf6b14,First Baptist Church,,-88.92471468,37.81717929,17,1738544,Johnston City
church_overture:2e0df328-30f6-44ab-aab7-271845c74988,First Baptist Church,,-89.88328112,38.7277204,17,1776199,Troy
church_overture:2e13157e-16a8-4ef5-99d4-080faf2ca8d0,First Baptist Church Martinsburg,,-77.96718526,39.45675253,54,5452060,Martinsburg
church_overture:2e14de2a-30cd-4148-a789-199371244b8f,First Baptist Church,,-94.91750507,35.25800471,40,4039500,Keota
church_overture:2e19f011-6e9a-4c64-9c5e-fea5013a0163,First Baptist Church,,-82.70033212,34.78831566,45,4541380,Liberty
church_overture:2e417904-e71f-4a05-a213-ad525c7820a1,First Baptist Church,,-95.76756741,34.93390546,40,4044800,McAlester
church_overture:2e4adeb8-8d15-4bc3-a443-29276947c72b,First Baptist Church Denham Springs,,-90.96055968838303,30.487253917760018,22,2220435,Denham Springs
church_overture:2e4ae177-5e88-481b-8d60-5fbb7cabf4c5,First Baptist Church of Empire,,-86.00885165,44.80654339,26,NA,NA
church_overture:2e58607f-5651-4ad7-ae1a-b9b0f4106419,First Baptist Church,,-90.5636126,35.74566183,05,0504180,Bay
church_overture:2e5ff6cf-46c3-4c02-abb7-5f8d86722429,First Baptist Church,,-109.07163834,44.5197942,56,5615760,Cody
church_overture:2e619a25-065d-43b1-b6f5-fbdf27b1d7b5,First Baptist Church of Abbeville,,-89.500511517346,34.503662579781,28,2800100,Abbeville
church_overture:2e65cbfe-1397-4987-abdf-17e0c2b64737,First Baptist Church of Augusta,,-82.0729147,33.48470063,13,1304204,Augusta-Richmond County consolidated government (balance)
church_overture:2e67e59b-072b-4526-98ee-97ad07a247f2,First Baptist Church,,-111.9579843,40.6888286,49,4983470,West Valley City
church_overture:2e6f9f85-656b-4705-bca5-8f2a70b27a00,First Baptist Church,,-101.29769355,48.23427602,38,3853380,Minot
church_overture:2e7cf658-24a6-42c7-9fdb-9864266400e9,First Baptist Church,,-86.28758428,36.20790295,47,4741520,Lebanon
church_overture:2e8164b6-1cce-45f1-affd-eb9311321c8c,First Baptist Church,,-97.16833328,37.27552432,20,2053850,Oxford
church_overture:2e8423c2-0a20-4f82-825b-972458c9fe62,First Baptist Church,,-86.316291,39.732201,18,1836003,Indianapolis city (balance)
church_overture:2e8d866b-5233-425f-a389-cc8fbf242077,First Baptist Church,,-110.29235611,31.53903323,04,0466820,Sierra Vista
church_overture:2e938f61-24ef-4bf3-9d3b-8e45bd165519,First Baptist Church,,-97.92986196258329,35.865205729852576,40,4039850,Kingfisher
church_overture:2e9f681d-70ca-46d0-95d2-4fb00b9ebb50,First Baptist Church,,-100.89213118,46.83642862,38,3849900,Mandan
church_overture:2eae1f3e-d4e0-419f-9d6c-25bbcfa1ef4e,First Baptist Church,,-87.9603059,41.97237712,17,1705248,Bensenville
church_overture:2eaf2bee-c460-481a-adc1-3eef25a72eac,First Baptist Church,,-84.66128892862992,43.38139410335773,26,2601540,Alma
church_overture:2ebdb408-0bb6-407e-80c7-3c4a2b300014,First Baptist Church of New Haven,,-85.02095042,41.05729797,18,1852992,New Haven
church_overture:2ec09422-6a02-4bc1-ab85-41e13c3c105b,First Baptist Church,,-107.95408383021532,44.017099688595266,56,5684925,Worland
church_overture:2ec7e30a-c405-46b3-be5e-b53d52b0914d,First Baptist Church of Spartansburg,,-79.69090353,41.82373278,42,4272704,Spartansburg
church_overture:2ec98f5b-7e8f-4d3f-a6ca-1545864e3cfd,First Baptist Church Lanett,,-85.19535007,32.86425475,01,0141296,Lanett
church_overture:2ecffb94-6a9f-441f-a766-d46763d57440,First Baptist Church,,-99.76878793,30.48697677,48,4838248,Junction
church_overture:2ed375a6-fb13-449a-b7b8-ff8f815c6835,First Baptist Church,,-78.89866854,36.70110232,51,5173712,South Boston
church_overture:2ee91d9b-177f-4e80-a57b-9992b2f10f53,First Baptist Church,,-99.34289355,35.87050355,40,4042050,Leedey
church_overture:2ef29ce7-4f4a-4620-b38e-913ac31fccf6,Lawton First Baptist Church,,-94.63817456,37.22410774,20,NA,NA
church_overture:2f08634b-841c-4035-a810-bd318f96c857,First Baptist Church,,-118.33611591,34.09964936,06,0644000,Los Angeles
church_overture:2f140edf-80cc-4723-97db-255134f3c019,First Baptist Church,,-88.7161579,36.28347986,47,4721540,Dresden
church_overture:2f261a5b-51ad-4133-a477-d1d03e034374,Bertrand First Baptist Church,,-89.44700184,36.90869425,29,2904996,Bertrand
church_overture:2f26f125-76a3-447a-8f3e-4c882d5b4802,First Baptist Church,,-87.912486,42.8526418,55,5558800,Oak Creek
church_overture:2f271eae-9d1a-498e-8b25-b9cdeed7c591,First Baptist Church of Glen Alpine,,-81.78122177,35.72643914,37,3726200,Glen Alpine
church_overture:2f2a3347-3536-4070-be16-66e1ca0da268,First Baptist Church of Stratford,,-73.1357657,41.18674206,09,NA,NA
church_overture:2f2dde80-51f4-4010-8a58-418a95784fbc,First Baptist Church of Pennington Gap,,-83.02576045,36.75964049,51,5161560,Pennington Gap
church_overture:2f3cd16d-4bef-45da-9a85-316198856a66,First Baptist Church Of Wheaton,,-88.10846363,41.87845881,17,1781048,Wheaton
church_overture:2f455d80-f651-4c65-b068-2904375ac25a,First Baptist Church of Elmhurst,,-87.93969026032461,41.89078902035828,17,1723620,Elmhurst
church_overture:2f57fbc6-6962-4ed0-8774-1b63989e19c4,Edmund First Baptist Church,,-81.21229634,33.84147787,45,NA,NA
church_overture:2f65eaad-cd70-4025-b17a-b037601e86b6,First Baptist Church of Dalton,,-84.97239079,34.77537765,13,1321380,Dalton
church_overture:2f9bf74b-15eb-41d3-9c5f-f04c62ef8838,First Baptist Church,,-96.49385404,35.1565469,40,4080550,Wewoka
church_overture:2f9ceb65-99ab-4a1a-b910-08b2c32b1b45,First Baptist Church,,-85.0213836,35.93692904,47,4718540,Crossville
church_overture:2fae3f8d-978f-4393-90de-5d4305b9244b,First Baptist Church,,-97.95286962,34.0237977,40,4064600,Ryan
church_overture:2fbd4eec-10d4-4ac6-88e1-0b7f9265317b,First Baptist Church,,-91.534192,41.667304,19,1938595,Iowa City
church_overture:2fc7a99d-48be-40db-9968-9020c5955e1b,First Baptist Church,First Baptist Church Family Life,-92.40457998,32.77684916,22,2225160,Farmerville
church_overture:2fd1f8be-16df-44f5-aeb2-b9b70659b859,Tunnel Hill First Baptist Church,,-85.04405775,34.84375567,13,1377736,Tunnel Hill
church_overture:2fd7f8a9-b0f9-4f12-b9e0-b429d6f9e873,First Baptist Church of Oceana,,-81.63461682,37.69396581,54,5460364,Oceana
church_overture:2fe046ea-c00d-4bf2-a49d-de72a8c7452e,First Baptist Church,,-95.61924742,37.03518914,20,2014600,Coffeyville
church_overture:2ff29a2d-dd22-4688-b8bb-91a64691cf59,First Baptist Church,,-95.44614930344035,46.323540822278346,27,2728520,Henning
church_overture:3008882d-63ed-40cc-a13d-571b5a9ace8f,First Baptist Church,,-87.40571753,34.6797865,01,0176584,Town Creek
church_overture:301411f6-19ff-4aa6-a361-a85898fa2987,First Baptist Church,,-92.44254625,39.41870775,29,2949034,Moberly
church_overture:302715a7-8a44-4441-a2f7-9e446e39dc79,First Baptist Church of Foley,,-87.6853164,30.40840081,01,0126992,Foley
church_overture:302da48d-814c-4d53-a87c-4a1e57f6b436,First Baptist Church,,-71.55439848,42.34641442,25,2538715,Marlborough
church_overture:3037e3d9-1e64-4fd3-849f-317eedd5bdfd,First Baptist Church of Lilburn,,-84.096828,33.915748,13,NA,NA
church_overture:3051648e-6eb5-44be-b1ee-088d18608eaf,Hartford First Baptist Church,,-94.38222788,35.02277563,05,0530490,Hartford
church_overture:30517b22-daba-4736-9c3a-776675bebad3,First Baptist Church,,-93.87719249,39.17703362,29,2941870,Lexington
church_overture:3055e52f-d18e-4eae-8dda-0b1547dd7a8a,First Baptist Church,,-98.70503139495851,46.904563986696004,38,3840580,Jamestown
church_overture:30566e4e-0cf2-4d99-82b2-0f7b440ae0e0,First Baptist Church,,-78.71603207,42.15404945,36,3664749,Salamanca
church_overture:306a4137-7a1c-465b-91c9-c227c00e488c,First Baptist Church,,-94.842267,30.45341,48,NA,NA
church_overture:306f08a8-c867-495a-a80f-50538d845df1,First Baptist Church,,-92.65970001,30.81454833,22,2256540,Oakdale
church_overture:30719e3e-6171-4d56-9f77-bb801aa34ae1,First Baptist Church,,-79.56916001,36.07616733,37,3773760,Whitsett
church_overture:30821e40-d441-4f07-a016-384649f15280,First Baptist Church,,-79.463429,35.726254,37,3761860,Siler City
church_overture:3084e116-a3b6-48d8-b2f1-543a422b1fbf,First Baptist Church of Scott,,-92.08216418,30.23267882,22,2268475,Scott
church_overture:309115ee-ad53-42fa-80c3-f88af3ecae33,First Baptist Church,,-93.46758716,33.00550916,22,2272485,Springhill
church_overture:30922b2c-4317-427d-a2f8-afacb047e265,First Baptist Church,,-78.4058022,36.32643147,37,3730660,Henderson
church_overture:30b47761-2d0b-4807-ac21-e5751a30ad07,First Baptist Church,,-87.316134,30.632971,12,NA,NA
church_overture:30b573f5-eb78-48a0-b42f-8af3860ff222,First Baptist Church,,-93.25801965,30.84403081,22,2220610,DeRidder
church_overture:30b6df5a-c44d-4ed3-87d7-0b414ade04c0,First Baptist Church,,-103.18080358,36.4501794,35,3515720,Clayton
church_overture:30baa2a5-f6c8-4f9b-95c3-b3bb9f1a6bea,First Baptist Church,,-85.94425645,32.40164003,01,0170128,Shorter
church_overture:30baee4c-07fa-411d-8b5e-8bd8ecb9e694,First Baptist church,,-94.72514738,36.79432067,40,4082250,Wyandotte
church_overture:30bc971d-2a63-4f58-94bf-1731411b3128,First Baptist Church,,-96.945081,32.124599,48,4848408,Milford
church_overture:30c2d733-846f-4c92-8d7a-706b25e2243c,First Baptist Church,First Christian Church,-82.418103,36.143523,47,4724360,Erwin
church_overture:30cafd8e-7879-40ee-a96c-b8683ee055fa,First Baptist Church,,-78.01306196,40.48662658,42,4236368,Huntingdon
church_overture:30db5d41-401d-4423-a4e3-444c58b3524a,First Baptist Church,,-98.05554551527895,30.74081899509823,48,4807864,Bertram
church_overture:30def989-4b22-46e1-8458-c1569d0586b1,First Baptist Church of Yukon,,-97.75201316,35.50710333,40,4082950,Yukon
church_overture:30e7e5ca-d79e-4234-9af8-86801417377e,First Baptist Church,,-81.26331947,33.96759002,45,NA,NA
church_overture:31095744-a818-44b5-b56f-0e0eb91e3489,First Baptist Church,,-99.12892325,35.27497004,40,4020850,Dill City
church_overture:3113769a-1dc4-485f-a2a6-faf805572f40,First Baptist Church,,-71.239555,42.390154,25,2572600,Waltham
church_overture:3115df10-5579-4023-b2bb-1cbc8f8b826f,First Baptist Church of Capac,,-82.92941756,43.01396786,26,2613140,Capac
church_overture:311e05c0-8779-4fba-b3f8-726d41b3b7c1,First Baptist Church,,-95.10719074,37.16798574,20,2053450,Oswego
church_overture:3120dbd2-733e-491a-ae0c-fc22c822d5e3,First Baptist Church of Stedman,,-78.706301,35.017314,37,3764840,Stedman
church_overture:3123f0ca-63c0-424c-9354-dec032376b2d,First Baptist Church,,-91.17407341,32.80287837,22,2241400,Lake Providence
church_overture:31347e0a-3bb3-4421-b9c7-566a1fc581ba,First Baptist Church,,-119.58379631,48.36348928,53,5350920,Okanogan
church_overture:314dd381-bb7e-411b-b5f6-6b98f31f9f09,Stringtown First Baptist Church,,-96.05313971349071,34.466789945615226,40,4070850,Stringtown
church_overture:316bef65-fc29-45c3-b840-fa3c49485121,First Baptist Church of Temple Terrace,,-82.39407533152561,28.040576490058115,12,1271400,Temple Terrace
church_overture:316c78ed-0219-41e9-aab5-3fdcf2cec858,First Baptist Church Horizon,,-106.20735637,31.69266298,48,4834832,Horizon City
church_overture:3171d8cd-dc2a-4206-b3ed-d6d3b9836208,First Baptist Church,,-77.89549127552586,38.50180474653357,51,5109352,Brandy Station
church_overture:31727fad-e94c-4060-8d98-c48b11bc8904,First Baptist Church,,-91.96801644,34.54586461,05,0521730,England
church_overture:3172d141-07ba-485a-b3a4-0d4f25f71551,First Baptist Church,,-93.49676193,33.36187841,05,0566320,Stamps
church_overture:318a4bb4-7156-4b62-98d0-d244988d0eef,Detroit First Baptist Church,,-88.17022027,34.02833654,01,0120392,Detroit
church_overture:319c17d2-9546-4b3f-a5a7-384a9daec47a,First Baptist Church,,-74.42234,41.444583,36,3647042,Middletown
church_overture:31a6764b-b386-470b-a991-1c9d821c14da,First Baptist Church,,-73.86895224,40.76136202,36,3651000,New York
church_overture:31a8a338-982d-4190-8474-b5f40b6f24a0,First Baptist Church of Midlothian,,-77.65504305,37.50784394,51,5151560,Midlothian
church_overture:31ad0be8-e96d-4bd3-93c2-4e24406bdcef,First Baptist Church Sterling,,-103.22316751,40.6170015,08,0873935,Sterling
church_overture:31c34ffe-fbd9-4aaf-b132-73e266ecba59,First Baptist Church,,-84.35372713,40.70618079,39,3974034,Spencerville
church_overture:31c989a7-c67a-4bf1-9acc-1ff434e119c7,First Baptist Church of Falun,,-92.52797513,45.77429747,55,NA,NA
church_overture:31ca8cee-a4b4-4e29-8261-7b7933e1158f,Benton First Baptist Church,,-84.64857972,35.17629778,47,4705040,Benton
church_overture:31cfe894-25ac-463f-9e9d-d5414c7963a7,First Baptist Church,,-85.94680626,43.46501084,26,2630700,Fremont
church_overture:31d9a2f5-d579-4a01-b9ab-41cefaf67024,First Baptist Church,,-88.15901061,33.12160271,01,0101228,Aliceville
church_overture:31e2232b-2e45-465e-9cee-ed148ef73c7f,First Baptist Church of Hartville,,-92.51263964,37.24695549,29,2930754,Hartville
church_overture:31e73b42-4e0f-4803-acdd-6cacea4257f8,First Baptist Church,,-88.77716771,40.87700204,17,NA,NA
church_overture:31f2cfdf-e364-439f-8211-fbb7d6134b19,First Baptist Church of Corinth,,-73.83966047,43.27321892,36,NA,NA
church_overture:31f99be3-13bc-4916-9752-125ff1e2bb79,First Baptist Church,,-97.15536485,30.00702564,48,4868456,Smithville
church_overture:320274ea-4857-4dbf-a165-df3255513055,First Baptist Church,,-87.8945244,33.32160331,01,0130736,Gordo
church_overture:3202f486-0856-4df3-89ea-c4e73417aa33,First Baptist Church,,-90.18432804,41.86858568,19,1914430,Clinton
church_overture:32055c8e-7dd7-4b81-94ee-93df91cad7c8,First Baptist Church of Bessemer,,-86.9560378672,33.4029879386,01,0105980,Bessemer
church_overture:320eaf8a-6d18-4bb1-97eb-134dce707e17,Rock Mills First Baptist Church,,-85.292788,33.158442,01,0165592,Rock Mills
church_overture:3215f647-169b-466a-a260-e2d19650d525,First Baptist Church,,-79.81699144,35.70664622,37,3702080,Asheboro
church_overture:3225766c-704d-413e-906d-1541fdb41dec,First Baptist Church,,-103.8970166,30.58841791,48,4826688,Fort Davis
church_overture:322b210b-65e5-4f0e-9f21-b189bd4cd011,Tomahawk First Baptist Church,,-78.330189,34.711551,37,NA,NA
church_overture:323690a4-5ca8-40dc-ab70-1332cce4f5f4,First Baptist Church,,-90.82142612,29.79025453,22,2275425,Thibodaux
church_overture:323b072f-ce76-45b0-a3cc-3f4159912adb,Westville First Baptist Church,,-94.57086825,35.99154415,40,4080450,Westville
church_overture:3249849a-fe2a-4b42-854a-6163eb63b7d9,First Baptist Church Of Branford,,-82.9305517,29.9628749,12,1208175,Branford
church_overture:325a01f7-022e-4edc-98c5-12003a71f13d,First Baptist Church,,-82.47156582,36.29511902,47,4738540,Jonesborough
church_overture:325c74a9-d25c-461b-9770-6d35ffc2b8ad,First Baptist Church,,-111.70172919,47.27539012,30,3012775,Cascade
church_overture:32625a3e-6b10-4cb0-980c-3d9231581e9f,First Baptist Church Eustace,,-96.00483988,32.30783616,48,4824828,Eustace
church_overture:32691ae3-bdb7-4c15-a5e0-22161197d014,First Baptist Church,First Christian Church,-121.7542349,36.9169714,06,0683668,Watsonville
church_overture:32772e21-9124-4900-a4ab-d9982cce111b,First Baptist Church of Shelby,,-82.6634866,40.87128983,39,3972102,Shelby
church_overture:328cdcb5-03ff-4524-886e-5aa937273637,First Baptist Church,,-98.169395,34.749482,40,4070150,Sterling
church_overture:329ee31c-0664-401d-9871-7e7145f230be,First Baptist Church Paoli,,-97.26264059,34.82574407,40,4057100,Paoli
church_overture:32a4763c-4dee-4c75-91f7-61682b40f8ff,First Baptist Church Albemarle,,-80.1975633,35.35277627,37,3700680,Albemarle
church_overture:32b83825-263c-49c1-b3e8-5e0f3dde4fe4,Seminole First Baptist Church,,-82.79183208,27.840420430000002,12,1264975,Seminole
church_overture:32d09a3c-b49d-4491-b875-5bf5d03313e0,First Baptist Church,,-82.12588359,41.10022317,39,3973992,Spencer
church_overture:32d4d990-2ca2-41ce-aa8a-7d6cec4df40e,First Baptist Church Of Sanford,,-81.267179,28.807757,12,1263650,Sanford
church_overture:32d65ca2-32f8-4ae1-b8a7-c39e5a6ea09d,Campton First Baptist Church,,-86.40211,30.85148,12,NA,NA
church_overture:32eba423-09ee-49b9-9a05-2da090c4a869,First Baptist Church,,-87.53234,37.603875,21,2169222,Sebree
church_overture:32f807b9-07d1-490b-8b7b-c9aac952c4c8,North Crossett First Baptist Church,,-91.95033,33.154687,05,0550240,North Crossett
church_overture:3300134c-a89f-4f23-adc3-ba9c76d05e65,Barberton First Baptist Church,,-81.61279575,41.0175266,39,3903828,Barberton
church_overture:3306b251-093e-499c-9167-d50cdc21010b,First Baptist Church Landrum,,-82.18610911,35.17498986,45,4540075,Landrum
church_overture:330a2e7c-bcf7-4d6f-ab2b-e4d89c951d27,First Baptist Church,,-100.90161248,34.94285934,48,4815112,Clarendon
church_overture:33121bfa-5edf-42db-87b4-95b53bada64c,First Baptist Church Sealy,,-96.16116197,29.77519766,48,4866464,Sealy
church_overture:331ed001-d241-4884-a29b-ad8e23b293c8,First Baptist Church of New Haven,,-85.59171468,37.65805127,21,2155758,New Haven
church_overture:3320b5cd-4e71-4d2b-928e-f0b4a5ed24cb,Indianola First Baptist Church,,-95.77479578,35.16218668,40,4036950,Indianola
church_overture:3325882f-bc65-4307-876d-82ff6b93b0a5,First Baptist Church,,-84.66826421,44.29898624,26,2666400,Prudenville
church_overture:33524123-98f1-42e8-8f5d-93566e7c3fc5,First Baptist Church of Forest Hill,,-97.27327523,32.67721677,48,4826544,Forest Hill
church_overture:335d884e-b52f-4f7f-9553-26eccc6ab964,First Baptist Church of Longview,,-88.85252,33.40323,28,NA,NA
church_overture:3361e4d9-c500-49dd-83e5-700a2c245c75,First Baptist Church,,-84.61406125,31.75925617,13,1370120,Shellman
church_overture:337b3b3f-57e9-4f9a-9b34-0ad9e37d68ba,First Baptist Church Fresno,,-95.45541594,29.52088979,48,4827540,Fresno
church_overture:33851d00-eae4-4bda-9c27-992f8e2d7e0e,Torrance First Baptist Church,,-118.31933133,33.83103588,06,0680000,Torrance
church_overture:338908cc-0fa2-4d51-9742-97d14e0668af,First Baptist Church,,-84.72978205,31.17319014,13,1318000,Colquitt
church_overture:33926f8e-9688-45f9-a883-4eef1c27700e,First Baptist Church,,-93.54248468,41.62294754,19,1921000,Des Moines
church_overture:339ce417-267a-48c6-9c8b-4169f2a208a8,First Baptist Church,,-91.82255126,35.11136014,05,0543220,McRae
church_overture:33a63092-17da-4086-8f5a-e996e8ec86c1,First Baptist Church Of Hacienda Heights,,-117.9657175,34.0098067,06,0631596,Hacienda Heights
church_overture:33a74b82-81a0-43e2-bae9-30aedac351a5,First Baptist Church,,-85.66816465,40.24098796,18,1800910,Alexandria
church_overture:33b61c9e-7a16-406a-ae9e-0709bf672348,First Baptist Church,,-89.08739454943098,33.55535542526472,28,2842980,Maben
church_overture:33bb8596-238e-43f2-be84-c3dfbab4c61d,First Baptist Church,,-75.03751031,43.01324161,36,3637275,Ilion
church_overture:33da2910-991d-4e32-a67d-226d229f2284,First Baptist Church-Marianna,,-85.22860445,30.77591193,12,1243175,Marianna
church_overture:33e05307-24a3-430f-b9e4-3f5128bdbbec,First Baptist Church,,-93.83245129,39.26994208,29,2930322,Hardin
church_overture:33e403c1-f10f-4000-8c55-43cfd17e4ea6,First Baptist Church,,-121.8900177,38.03590811,06,0657456,Pittsburg
church_overture:33e68076-929f-4d5f-b700-68b317758b82,First Baptist Church,,-100.44005787,35.53513223,48,4848852,Mobeetie
church_overture:33f778ca-094a-4f15-946d-17b415e1e12c,First Baptist Church,,-94.62854618,33.00022659,48,4835300,Hughes Springs
church_overture:33fc6aa5-71d3-4084-82a8-d4986a8ea1d3,First Baptist Church,,-86.21501310677749,41.64354737380292,18,1871000,South Bend
church_overture:34151ec3-f550-4789-b034-4a6cd7caec67,First Baptist Church Jacksonville Beach,,-81.39504361210986,30.291200436375092,12,1235050,Jacksonville Beach
church_overture:3432b5c0-8255-42c0-b38e-f44b2bcdcf81,First Baptist Church of Longville,,-93.22921608,30.6060582,22,2245530,Longville
church_overture:346152b4-8500-4bb8-bb58-bcb36b09e262,First Baptist Church Ocklawaha,,-81.93115428,29.04379179,12,1251050,Ocklawaha
church_overture:346201b2-66c5-44ec-95ef-1c1c3f58b9a2,Mount Zion First Baptist Church,,-98.47333309,29.41344348,48,4865000,San Antonio
church_overture:3463b265-9e3c-435e-81f7-2103aafbd467,First Baptist Church,,-88.53311264,38.09432128,17,1745824,McLeansboro
church_overture:346771fe-5ba3-4773-9f5c-30954e152822,First Baptist Church,,-86.758429,40.75384204,18,1850760,Monticello
church_overture:34776ba1-218d-48cf-a3f7-f7a5424cf399,First Baptist Church,,-104.24270557,34.47111996,35,3527340,Fort Sumner
church_overture:347f98ea-656d-4660-990c-97c52fb4ad61,First Baptist Church,First Baptist GWP,-86.34395772,32.3353261,01,0151000,Montgomery
church_overture:34830bda-7c83-499f-8a31-94b3c2a96304,First Baptist Church,,-96.68123523,31.16244552,48,4810144,Bremond
church_overture:34881542-ef3c-432e-b252-b5960cd63b05,First Baptist Church,,-90.44057966,31.57883095,28,2808820,Brookhaven
church_overture:3490d602-457d-4ad1-955c-d87a6f7d878c,First Baptist Church,,-85.09053415,31.56287316,01,NA,NA
church_overture:34994fe2-ad77-44b0-9054-a589dbda236d,First Baptist Church Eminence,,-85.18101032,38.36535827,21,2124904,Eminence
church_overture:349f85ea-eab3-4c22-b848-0d0d8c8d085d,First Baptist Church,,-97.94087462,35.3917441,40,4075950,Union City
church_overture:34a7d859-cd61-4d01-ad27-c2c6a2a1fac3,First Baptist Church-Morrilton,,-92.74393647,35.15091593,05,0546970,Morrilton
church_overture:34b2b9c8-7d09-4e4e-a845-4cd83f15f7fe,First Baptist Church Moultrie,,-83.78987087,31.17536392,13,1353060,Moultrie
church_overture:34b46a7d-0b12-4e6f-9056-ac2639896c96,First Baptist Church,,-81.75267694,40.8442768,39,NA,NA
church_overture:34bd13e7-cdd1-469c-9bd2-e2c82302b5ee,First Baptist Church Of Iowa Park,,-98.66933589,33.95266019,48,4836104,Iowa Park
church_overture:34c824e3-2498-49f6-ad9d-5019d093615d,First Baptist Church,,-91.51757301,29.79723372,22,2227155,Franklin
church_overture:34cb8877-2338-4df7-8fb2-61832fcfd0d9,Oran First Baptist Church,,-89.65165078639984,37.09201633930206,29,2954758,Oran
church_overture:34dd2687-9629-4c72-93ea-777315471c69,First Baptist Church of Jena,,-83.35602762,29.6543877,12,NA,NA
church_overture:34de91a8-7bbb-4076-a416-40d371340a11,Milano First Baptist Church,,-96.86947411,30.70686252,48,4848336,Milano
church_overture:34e7035f-dbbc-4c3c-b631-9a38d42f7dd0,First Baptist Church,,-76.822009,42.165711,36,3635694,Horseheads
church_overture:34f18949-e7c9-4524-a711-2a89f54de51f,First Baptist Church,,-114.291553,34.142221,04,0453070,Parker
church_overture:34f60dde-35e9-420b-a072-0129e7d708b1,First Baptist Church,,-87.39569947,40.13943583,18,1815490,Covington
church_overture:34fc0b95-5961-44c9-b89f-be3b020eef77,First Baptist Church,,-81.1013409,33.61891387,45,4550560,North
church_overture:34ff56b9-c9a1-4d91-acb7-44de9c171f4c,First Baptist Church,,-81.31449948,29.88728119,12,1262500,St. Augustine
church_overture:35016fb5-b30b-41cb-a3a2-fd543d1c2342,First Baptist Church Indianola,,-90.65016616,33.45359674,28,2834740,Indianola
church_overture:35174d83-fafc-4f1f-8fda-c018beb903e1,First Baptist Church,,-92.29099046,33.85752016,05,0536880,Kingsland
church_overture:351db567-b640-4d82-a8fa-78792eceb043,First Baptist Church,,-76.18544317,42.22727175,36,3649902,Newark Valley
church_overture:353511bd-b9a7-429c-9221-e47d1213c7b2,First Baptist Church Bogata,,-95.21448019,33.48159034,48,4809172,Bogata
church_overture:353512b2-e129-42b8-baa6-b5d42c1eec4f,First Baptist Church,,-87.82841348,41.2500153,17,1746500,Manteno
church_overture:35512ed5-abcc-4fdd-ae0b-3f0999c68979,First Baptist Church,,-101.75378625295814,37.56727250982454,20,2035600,Johnson City
church_overture:3555f472-d4a5-4804-9575-590e50730142,First Baptist Church,,-87.9741638,34.7591653,01,0114152,Cherokee
church_overture:355f5ad7-39cc-4259-b8e9-054d2b41e4ab,First Baptist Church,,-89.63524809,35.53419459,47,4717680,Covington
church_overture:356ba21a-34cc-4fd4-ac8c-4975549a0a44,First Baptist Church,,-91.38336354,32.86116004,22,2256820,Oak Grove
church_overture:356bdd48-0cce-4126-b4a6-ecc521a807a9,Duncan First Baptist Church,,-82.1354979,34.93609458,45,4521265,Duncan
church_overture:3575be12-2ea3-4e03-88d2-fbabb6f38606,First Baptist Church Fort Mill,,-80.940674,35.005774,45,4526890,Fort Mill
church_overture:3579f7d1-877f-4a8f-844c-0b07446fcbb7,First Baptist Church of Vance,,-80.41741211,33.43362144,45,4573510,Vance
church_overture:357c9716-0fca-4e7d-835e-a99fae09e75c,First Baptist Church Hulbert,,-95.14291623,35.93060944,40,4036400,Hulbert
church_overture:357dd2d6-1e04-4383-99d8-ed32ec0ded35,First Baptist Church,,-79.86956557,40.12857264,42,4254776,North Belle Vernon
church_overture:357f43d3-a6df-47c5-b08f-e55ce6782b74,First Baptist Church Lansdale,,-75.27871441,40.24756611,42,4241432,Lansdale
church_overture:3581db7e-81f8-4171-baab-c5064d229826,First Baptist Church,,-85.84870999,41.57418443,18,1828386,Goshen
church_overture:35824137-620c-47f7-b3e7-eb074ef91f57,First Baptist Church of Brooklyn,,-89.18779493,31.05657572,28,NA,NA
church_overture:35950820-91b4-4ec9-86be-51ff778d45f9,First Baptist Church,,-102.33169975,33.92007643,48,4843024,Littlefield
church_overture:3597ba35-8b24-486f-9ac2-61feee4c09e1,First Baptist Church,,-84.29067559,37.74713934,21,2165226,Richmond
church_overture:359bc5c6-9079-45b2-9750-5fe148ab3df2,First Baptist Church,,-99.48431822,37.20115873,20,2057850,Protection
church_overture:35a0970b-c996-43f7-b13f-0288159bf0dd,First Baptist Church Hubbard,,-80.57082597,41.15728015,39,3936582,Hubbard
church_overture:35a33752-bb64-4f50-a6a6-2a61af81533f,First Baptist Church,,-116.55909195956583,43.575190542490986,16,1656260,Nampa
church_overture:35a899d0-05d8-4d28-b903-48d3effd6a78,First Baptist Church,,-103.35031171,32.94871751,35,3544490,Lovington
church_overture:35a95cfe-7353-4683-9e04-10690cdc84d9,First Baptist Church,,-89.61577518,39.86015265,17,NA,NA
church_overture:35ac7e8b-4a8d-4f58-b4b6-1f8caf7da968,First Baptist Church of Stoneville,,-79.9032685,36.46619221,37,3765100,Stoneville
church_overture:35ae1038-f664-42ed-ad96-1b5326ade1df,First Baptist Church,,-81.18875339,37.79165797,54,5475868,Sprague
church_overture:35b69ad2-a53f-4651-86f7-ca04361442a2,First Baptist Church Of Billings,,-108.51487707,45.77996448,30,3006550,Billings
church_overture:35c79c60-a0b2-4a11-b753-4979ee800973,First Baptist Church of Newaygo,,-85.76337003,43.40370523,26,NA,NA
church_overture:35e4ce90-65fd-4525-980a-1da60f56c5e9,First Baptist Church of Suitland,,-76.91415817,38.8527098,24,2475725,Suitland
church_overture:35e5236d-477c-44ac-be06-ffcc26bcbd78,First Baptist Church of Oak Grove,Oak Grove Church,-89.414038,31.288222,28,2853080,Oak Grove
church_overture:35f0bbd9-594a-4beb-b4ff-639866a277df,First Baptist Church,,-94.14994949,33.14752473,48,4860080,Queen City
church_overture:35f195b4-821d-4015-bc1e-bdde76547f48,First Baptist Church,,-87.70968868,31.64648598,01,0181744,Whatley
church_overture:35f3fe27-3219-41fa-999d-88d8e6d373fb,First Baptist Church Maumelle,,-92.40408257,34.85956287,05,0544600,Maumelle
church_overture:35f7be8c-8ae2-467b-a816-33b4ae877a1f,First Baptist Church,,-93.97514349,32.74328108,22,2257590,Oil City
church_overture:36291dca-264a-495a-bbf8-692078eca3f2,First Baptist Church,,-99.43146529,34.54817215,40,4055450,Olustee
church_overture:36350ccb-1be6-4de2-acb3-723b8a5663f1,First Baptist Church,,-88.11927391,35.58385907,47,4719900,Decaturville
church_overture:366b1790-9d8b-4ec8-be85-3362f52ce756,First Baptist Church of Bear Lake,,-86.145405,44.422623,26,2606460,Bear Lake
church_overture:36736f17-a22f-4d0c-9337-e46f619f2f23,Earl First Baptist Church,,-81.53936489,35.19216241,37,3719140,Earl
church_overture:367f32be-7948-40ee-9545-42a53d423bb0,First Baptist Church,,-89.292381,39.548496,17,1774574,Taylorville
church_overture:3693f5ea-4410-4bab-8513-9c817639d27f,First Baptist Church of Macomb,,-90.65449329,40.44013767,17,1745889,Macomb
church_overture:369d0b68-fb0e-4a27-aa16-5af408c28599,First Baptist Church of Marysville,,-122.17616201154857,48.06992760146989,53,5343955,Marysville
church_overture:36a27163-7b9c-4abf-9a38-34a9727c2126,First Baptist Church,,-74.17194148,40.918459060000004,34,3457000,Paterson
church_overture:36a52d05-0f0f-4016-9a3b-526f5ee5486b,First Baptist Church Of Ixonia,,-88.59728471,43.14540398,55,5537575,Ixonia
church_overture:36a9b38a-eabd-4fa8-9705-d7d33154e601,First Baptist Church,,-89.42311764,40.70340014,17,1779033,Washington
church_overture:36b0afeb-44ab-4639-aa54-5e51fa11d392,First Baptist Church,,-77.65747365,41.73981721,42,4228280,Galeton
church_overture:36c95ef4-c649-4ecf-a2b1-e6664a64a530,First Baptist Church,,-84.73082226,38.05030109,21,2179482,Versailles
church_overture:36dfffb7-7851-4f0a-9ec1-f12f9481393a,Nahunta First Baptist Church,,-81.98146384,31.20635367,13,1354124,Nahunta
church_overture:36e6b90b-b4b0-41b0-a761-fe2b6c18645e,First Baptist Church,,-84.17703624,37.99144331,21,2183676,Winchester
church_overture:36ffcd05-fd7a-473e-a200-64ac7c7753c1,First Baptist Church,,-94.421078,39.094336,29,2935000,Independence
church_overture:370075bd-2ecf-475f-bc8c-7af96028a067,First Baptist Church,,-89.15080459,30.36183452,28,2841680,Long Beach
church_overture:37076b9e-428e-44c1-a998-639e6911b6f0,First Baptist Church,,-84.15521,44.992505,26,NA,NA
church_overture:370e8d83-3c61-4f92-aad5-9c4a3bc2902b,First Baptist Church,,-93.49690906,40.85895571,19,1937605,Humeston
church_overture:3726dfde-86f3-4721-84ac-ccb65a2d0224,First Baptist Church,,-92.68459358,39.14648651,29,2923842,Fayette
church_overture:373e58ad-c148-493e-9cf7-9b2a4abba7a1,First Baptist Church,,-85.19345321,41.87341226,26,2610860,Bronson
church_overture:373f0c00-d641-48f6-b99c-5e98a0aed9aa,First Baptist Church Portal,,-81.93271933,32.53619805,13,1362216,Portal
church_overture:37549001-c66a-42de-9101-eac3cd0a0f76,First Baptist Church,,-93.91677840294525,40.19214891638312,29,NA,NA
church_overture:37694269-2423-412c-a6b5-57399b066769,First Baptist Church Pewee Valley,,-85.48450373,38.30031183,21,NA,NA
church_overture:376d8d5d-c482-4609-82d5-90c16fcacb77,First Baptist Church,,-76.45612651,37.8702124,51,NA,NA
church_overture:3773ef77-c0a8-421e-8d4d-31e1a6b69616,First Baptist Church of Fruitland,,-75.6259192828912,38.33155530893493,24,2430950,Fruitland
church_overture:37827495-05a0-44f1-ab93-7e95d10d19f0,First Baptist Church of Forest Hills,,-82.29351448,37.63468101,21,NA,NA
church_overture:37a7b0ec-fc35-4ea2-8ac1-e99a13827f3d,First Baptist Church,,-90.583316,38.597282,29,2921898,Ellisville
church_overture:37adad3f-c0f5-49fa-abbe-eb06a6cb8a04,First Baptist Church,,-98.92059195,34.03401907,48,4822984,Electra
church_overture:37b0fb1d-f1e0-49ac-bf95-33b621ea3890,First Baptist Church,,-71.00904264,42.40833675,25,2556585,Revere
church_overture:37ba6cfc-6910-4187-9e03-b6f07cb042f6,First Baptist Church of Del Rey,,-119.57492312,36.66372664,06,NA,NA
church_overture:37c249ea-1787-425b-84c0-31962c62fab8,First Baptist Church Paintsville,,-82.80599254,37.81585954,21,2158962,Paintsville
church_overture:37c3222d-7e2a-483b-b834-fa8583675402,First Baptist Church,,-88.63884146,34.50230121,28,2802700,Baldwyn
church_overture:37ccef09-89e6-4e74-a166-9ffe827af8a1,First Baptist Church,,-76.72589082,42.01058961,36,3679081,Wellsburg
church_overture:37f69515-6d43-4bbc-8eb7-1cd3e23ba3a5,First Baptist Church of Bremen,,-85.14471021,33.72052996,13,1310132,Bremen
church_overture:37f8942b-dfcc-473b-ba7d-8ed0174d66a4,First Baptist Church,,-95.07069131,31.65151453,48,4802188,Alto
church_overture:37f92dd5-2735-49e2-b35c-beced7bef265,First Baptist Church Louise,,-96.41047167075756,29.11126524997058,48,4844212,Louise
church_overture:37fd5622-918e-42fd-8713-81fee9dba3a2,First Baptist Church Amherst,,-72.52228519,42.38527881,25,2501370,Amherst Town
church_overture:380791b5-7d52-4ad7-a1fd-c83203af42bb,First Baptist Church,,-90.3575718758012,45.137557819431514,55,5550425,Medford
church_overture:381332f1-e488-4f81-a19b-9526b091331a,First Baptist Church,,-85.38539939,38.73817764,18,1845990,Madison
church_overture:381b9695-11d3-4ac2-b7e7-2021cbf290e3,First Baptist Church Elmer,,-75.1738569,39.5905559,34,3421240,Elmer
church_overture:381feaab-52fe-4cd6-a548-fe2a5b086d19,First Baptist Church,,-88.23426122,30.50226922,01,NA,NA
church_overture:38259df1-ff62-4670-981e-9e96220a213e,First Baptist Church of Tarpon Springs,,-82.77167731,28.14473371,12,1271150,Tarpon Springs
church_overture:38373060-b816-4a15-85eb-9c31f28ba747,First Baptist Church of Palmer,,-96.66879711,32.42936769,48,4854744,Palmer
church_overture:383a5d48-ff3d-4d06-873a-4fb1f02a48d1,First Baptist Church of Judson,,-94.77080797,32.58950829,48,NA,NA
church_overture:384f3507-0236-4469-932e-6d33ef3b8e0e,First Baptist Church,,-80.81170616,35.58075899,37,3744220,Mooresville
church_overture:384f9ae7-9938-429d-8e15-90be972fc68d,First Baptist Church Powder Springs,,-84.67992335,33.85991504,13,1362524,Powder Springs
church_overture:38507eb2-f720-4ea9-b3db-7e63603a2cd1,First Baptist Church Of Kettering,,-84.0788248,39.6808468,39,NA,NA
church_overture:3850dc5c-965b-4cf4-b948-c3d67585b9f3,Middleton First Baptist Church,,-116.62127303,43.70725151,16,1652660,Middleton
church_overture:38638d01-17e8-438c-9816-322476c1cb5f,First Baptist Church,,-104.70130347,47.1195532,30,3031450,Glendive
church_overture:3867c736-334a-446f-8896-d711c8615eaf,First Baptist Church,,-107.59878,38.867187,08,0857300,Paonia
church_overture:386ad2ba-bd88-4473-b8f3-11ee9eeaf5a8,First Baptist Church of Page,,-111.4542595,36.91449005,04,0451810,Page
church_overture:3881467f-1518-47b2-a007-eff0345c111a,First Baptist Church Okahumpka,,-81.89203392,28.75060143,12,NA,NA
church_overture:3888ca52-3c52-48a2-8405-077e2350c91d,First Baptist Church,,-86.32420156,31.00335142,01,0126848,Florala
church_overture:389170c0-d4a0-45f7-84f6-85c32d06a23c,Kingfisher First Baptist Church,First Baptist Church,-97.94266068,35.84638188,40,4039850,Kingfisher
church_overture:389f0269-f6c7-497d-a982-932be9b5fece,First Baptist Church,,-93.734786,38.744019,29,2977092,Warrensburg
church_overture:38a024f5-5fec-43d7-81bb-bf62ac64be45,First Baptist Church of Eastpoint,,-84.87482738,29.74192427,12,1219400,Eastpoint
church_overture:38b17f38-6531-4422-a7a4-03f86df81f48,First Baptist Church,,-80.84368349,35.41438183,37,3733120,Huntersville
church_overture:38b3031e-8160-40b3-a0bc-cf6eea94f156,First Baptist Church,,-84.36022897,40.11454119,39,NA,NA
church_overture:38c8692c-2293-4e67-8eb6-583091d85f8c,First Baptist Church,,-116.69610906,43.64815297,16,1612250,Caldwell
church_overture:38d33ad6-7211-4fab-9c99-e9985d4bfdfa,First Baptist Church of Gray Court,,-82.115136,34.610502,45,4530355,Gray Court
church_overture:38d963fb-06c2-4bfc-95c1-7e27dc634b14,First Baptist Church,,-96.21918149,41.77618885,31,3148515,Tekamah
church_overture:38eb2998-11d1-421e-a4d1-55dfa7d18aff,First Baptist Church of Tulelake,,-121.477695,41.955153,06,0680686,Tulelake
church_overture:38ede73e-3dab-4c54-83ff-47885e32cea8,First Baptist Church,,-85.711992,40.122491,18,1801468,Anderson
church_overture:38f3c251-a40b-4c21-a396-db26f3afc0ef,First Baptist Church,,-121.9580446945426,37.29288562454193,06,0610345,Campbell
church_overture:38f736f9-41ce-4667-8858-1b5055ee4428,First Baptist Church,,-99.16587511751054,32.12764985058932,48,4817816,Cross Plains
church_overture:3908cc3a-6f13-4d96-841d-3ddc1914b160,First Baptist Church Woodstock,,-78.519437,38.862118,51,NA,NA
church_overture:390e79c3-8a5d-4a51-a769-8a1cafcffa2b,First Baptist Church,,-103.33272199999999,35.102823,35,3568150,San Jon
church_overture:391ed2a3-a779-4ac2-b2f1-27937ef06554,First Baptist Church,,-98.57162989,34.09864791,48,4811368,Burkburnett
church_overture:3925e77c-a400-4d98-898b-36fd94063886,First Baptist Church of Fortuna,,-124.1458116,40.59912958,06,0625296,Fortuna
church_overture:3928eff6-19dc-4877-a93a-6335973f3568,First Baptist Church of Plattsmouth,,-95.90972027,41.00907132,31,NA,NA
church_overture:392ef70f-c5dd-407d-b12e-3c2a8668a331,First Baptist Church,,-98.22051934,44.35000267,46,4631060,Huron
church_overture:3932e1f4-8174-48f7-be70-09e5b476e1e7,First Baptist Church,,-83.19364267,43.22876018,26,2658080,North Branch
church_overture:39345466-ddcb-4a18-8842-8f3367fa9448,First Baptist Church of London,,-93.25456875,35.32414517,05,0541270,London
church_overture:3938142c-1017-40c3-8d71-ae30384eac65,First Baptist Church of Los Altos,,-122.100124,37.359715,06,0643280,Los Altos
church_overture:3942b7bc-752e-4b98-8ae4-722eae7a2f22,First Baptist Church of Wylie,,-96.53852,33.015799,48,4880356,Wylie
church_overture:394670b2-ab1a-4479-b3e7-58906b604aae,First Baptist Church,,-84.27854834,38.94854843,39,3955384,New Richmond
church_overture:3949f070-e1db-4dae-8200-c0a49da6efa2,First Baptist Church,,-96.48157038,33.52071798,48,4873328,Tom Bean
church_overture:394d4cdf-4361-4c55-a411-317838adde70,First Baptist Church,,-83.29834771,36.2111109,47,4750280,Morristown
church_overture:395e2672-1144-4104-b4e9-234119e0962d,Altheimer First Baptist Church,,-91.84462581,34.31609414,05,0501150,Altheimer
church_overture:396250c9-0e78-479a-8f01-c006f05cd8dd,First Baptist Church of Astor,,-81.52999736,29.16190743,12,1202275,Astor
church_overture:3974984e-4151-4874-affc-accfae58ec39,First Baptist Church,,-97.02770413548411,35.970495218447134,40,4058150,Perkins
church_overture:3979af4d-e286-4f11-be0c-f4dbd7cdcf3a,First Baptist Church,,-85.40136191,32.89767636,01,0140672,La Fayette
church_overture:397b4766-e725-4f11-b5e2-0b3d219a8607,First Baptist Church,,-88.8617783,42.2629707,17,1705092,Belvidere
church_overture:397d44c0-4766-469f-86e7-ae3544fe5968,First Baptist Church,,-91.64701634,44.05213908,27,2771032,Winona
church_overture:3996f4c5-3f2a-4ec0-b070-46d481367730,First Baptist Church,,-109.71489682,32.82737794,04,0462000,Safford
church_overture:39a52aeb-f58c-42e6-aa96-6550759ced94,First Baptist Church,,-88.90564020480943,33.400907755275554,28,NA,NA
church_overture:39b999bf-d24d-40ab-9d38-207896bc9f45,First Baptist Church of Dover,,-75.53441938,39.17291687,10,1021200,Dover
church_overture:39bba0c2-515c-40d3-b9ba-2053bd982f70,First Baptist Church of Cocoa,,-80.72598079,28.35031319,12,1213150,Cocoa
church_overture:39c32226-9c48-4954-8a05-316efbad5bcc,First Baptist Church of Marquette,,-87.69311923055655,41.78421244724891,17,1714000,Chicago
church_overture:39c7ba5c-46cb-44a8-8f53-ccae4d266895,First Baptist Church,,-81.31332474,28.88684767,12,1216675,DeBary
church_overture:39e31c1e-d806-4e98-8430-6a8a1b9a374d,First Baptist Church,,-94.41984341,30.03500768,48,4851720,Nome
church_overture:39eeca3c-b9e6-42b9-9e11-09493e16a6c3,First Baptist Church,,-122.18847137,47.38056845,53,5335415,Kent
church_overture:39eee6fa-5188-4832-a13c-7ba9d118b41b,First Baptist Church of St. George Island,,-84.8545511,29.66911238,12,1262650,St. George Island
church_overture:39fcaa68-def2-4b90-859a-24fc301fc5dc,Clarkdale First Baptist Church,,-84.65283067,33.83200537,13,NA,NA
church_overture:3a08b8e3-92fb-4401-9364-68eef8f33d53,First Baptist Church,,-77.79115500813485,37.51353962405811,51,NA,NA
church_overture:3a1b0c51-e288-4ef6-839c-6ceba1e74ac7,First Baptist Church,,-94.13581885,35.80106069,05,0576190,Winslow
church_overture:3a23c8da-5637-4968-bbfc-82cfaccbebb0,Weiner First Baptist Church,,-90.902662,35.619431,05,0573940,Weiner
church_overture:3a297913-5637-4700-8fb1-2752aef619e2,First Baptist Church of Ashland,,-82.36126749,40.83921298,39,NA,NA
church_overture:3a46bdf2-2cf9-4ce6-8c41-b1e806721bcc,First Baptist Church,,-72.86904914,41.58250899,09,NA,NA
church_overture:3a4a89ec-cb26-45b4-b7aa-509d3aa012c6,First Baptist Church,,-80.28556294463368,36.225676667580686,37,3758360,Rural Hall
church_overture:3a4c85ae-afa0-4a72-8762-3703e9eef5c9,First Baptist Church,,-80.2593719,40.69447173,42,4227712,Freedom
church_overture:3a566299-43f3-47f7-9a81-79a26f5f7ac4,First Baptist Church of Leavenworth,,-120.66187948,47.59639038,53,5338845,Leavenworth
church_overture:3a5ea8c1-ddf2-46a9-ad9a-654ee08f8104,First Baptist Church,,-84.793400020000007,31.77216353,13,1321072,Cuthbert
church_overture:3a6f81dc-e482-4b4e-96b4-61e872db89c6,First Baptist Church Charlotte Harbor,,-82.068574280000007,26.95840783,12,1211625,Charlotte Harbor
church_overture:3a72e20f-bd22-4f1d-a341-c6b404986adc,First Baptist Church,,-97.84795767,37.45733466,20,2051600,Norwich
church_overture:3a7a65f3-907e-413b-9b2e-f9026bf31e93,First Baptist Church,,-92.67128462,31.39128832,22,2209165,Boyce
church_overture:3a7ba114-c9ad-478b-ac3d-69b4e8d69567,First Baptist Church,,-99.50343079853879,35.219383198041726,40,4012300,Carter
church_overture:3a93302d-6e5e-45a5-b83a-c66092061546,First Baptist Church,,-75.33258358088621,42.62325402224791,36,3649946,New Berlin
church_overture:3a98453b-4c66-43ec-bca5-83f7756f8def,First Baptist Church of Boston,,-71.076179,42.35191037,25,2507000,Boston
church_overture:3a9d806b-8cc5-440a-9b1b-f2eadb375ae7,First Baptist Church,,-98.52535145,46.00041675,38,3823220,Ellendale
church_overture:3ab446e7-e54b-4ee7-b03c-8498002b94c7,First Baptist Church,,-79.8379437111133,33.68137457886901,45,NA,NA
church_overture:3abfd5c7-edb3-4579-89b3-93468dade367,First Baptist Church,,-91.50425978343418,40.046660314360814,29,2939764,La Grange
church_overture:3ac1e012-1fa4-4004-bbe2-c3ce7cf8da17,Yorktown First Baptist Church,,-91.81544653,33.99267683,05,NA,NA
church_overture:3ac8cb1b-f7e7-4c6d-9290-ba8d91d11d54,First Baptist Church,,-105.06392167813655,40.56782362053363,08,0827425,Fort Collins
church_overture:3acd7a80-e7fd-4cdc-adb6-276c8cd3cd0b,First Baptist Church,,-96.14263813276399,35.33747110960916,40,4079800,Weleetka
church_overture:3ad17220-0618-4063-8716-132384ec1293,First Baptist Church of Ferguson,,-90.30863717,38.75011814,29,2923986,Ferguson
church_overture:3ad60199-5cfb-44dc-83f9-8e3b36583af7,First Baptist Church,,-92.2822083896317,30.691292769413785,22,2278715,Ville Platte
church_overture:3ae80e73-448e-430f-88f3-7975b4ee0e9d,First Baptist Church,,-84.873708,35.160793,47,4715400,Cleveland
church_overture:3af5ecea-9986-4fc5-9daf-a14ed3255764,First Baptist Church of Castroville,,-98.88905617,29.3501372,48,4813312,Castroville
church_overture:3b012092-75c6-4c55-b029-4d350f107f91,First Baptist Church of Richland,,-90.1525338,32.2188614,28,2862400,Richland
church_overture:3b28b910-051f-4055-858a-4eca7c68ee86,First Baptist Church,,-83.21756593157428,42.547685189946556,26,2608640,Birmingham
church_overture:3b3340de-895d-4b6f-8287-6ed038099e82,First Baptist Church,,-97.21555046,30.61166191,48,4872776,Thorndale
church_overture:3b416d98-1de1-4be4-b4cf-edb179a6bf58,First Baptist Church,,-82.117556,41.238553,39,3941230,LaGrange
church_overture:3b469932-fa10-4551-a3bf-f3fbe0cc134f,first baptist church of black forest,,-104.69944103146781,38.989418085349996,08,0806970,Black Forest
church_overture:3b4db69f-e487-4188-ab1f-c724af92cd28,First Baptist Church of Maxton,,-79.35120058,34.73766565,37,3742020,Maxton
church_overture:3b69604f-81ba-4222-81dc-950305d1c670,First Baptist Church,,-86.78829152,35.45166109,47,4741860,Lewisburg
church_overture:3b71e431-1f75-41a6-8628-dce6595ffaad,First Baptist Church,,-98.41351921,35.84661053,40,4078950,Watonga
church_overture:3b75f4fd-d9f5-4d39-a2ef-644ebd643d3f,First Baptist Church,,-85.77657545,38.68798096,18,1868526,Scottsburg
church_overture:3b769af7-c81c-4dcd-bb4d-3d7e75285ebf,Greenville First Baptist Church,,-92.41117139,33.8112971,05,0524220,Fordyce
church_overture:3b81088e-b60c-4600-b71f-5e3496bfac85,First Baptist Church,,-119.49372562,46.27517216,53,5305560,Benton City
church_overture:3b9429d2-df0f-46a1-8aae-93a0f16d6c4c,First Baptist Church of University Park,,-87.67837216,41.44652772,17,1776935,University Park
church_overture:3ba5560e-0336-4388-88b8-b3de5de0c409,First Baptist Church of Sandy Springs,,-84.364915,33.928529,13,1368516,Sandy Springs
church_overture:3bbf2d04-ea27-4ef6-b759-e16251f65fc7,Farmingdale First Baptist Church,,-73.4077103,40.71649282,36,3651396,North Amityville
church_overture:3bc10ebb-baf7-46fb-a3f2-7ec8f1054be5,"First Baptist Church, Mendenhall",The Church of Mendenhall,-89.86787708802993,31.962233964399008,28,2846600,Mendenhall
church_overture:3bc6b298-d24b-4a57-b285-930a50388352,Jefferson First Baptist Church,,-80.38829484,34.65329538,45,4536610,Jefferson
church_overture:3bcb3dae-19ca-4e18-9b23-34e3f1f9c2ee,First Baptist Church,,-74.26151366,40.55341343,34,3466720,Sewaren
church_overture:3bd1414c-bd0a-47b6-b036-57e0bfc7dc02,First Baptist Church of Campbellton,,-85.395212,30.948542,12,1209900,Campbellton
church_overture:3bd9f7b0-07aa-4295-9c87-70ef360d5e73,First Baptist Church of London,,-84.09096692,37.12091,21,2147476,London
church_overture:3bde3fd0-69cf-426f-b96b-9ddfe72b808d,First Baptist Church,,-89.701743,38.124656,17,1771448,Sparta
church_overture:3bdea34d-dea2-4775-9148-78c04af372d2,First Baptist Church Of Maitland,Maitland Church,-81.342847,28.63681,12,1242575,Maitland
church_overture:3be6d0c6-7231-4d2b-825b-bf5bc5ca12ef,First Baptist Church of Glen Ellyn,,-88.0556231,41.891140300000004,17,1729756,Glen Ellyn
church_overture:3be884aa-7b4a-44dd-90c2-b93cac602050,First Baptist Church,,-93.591045,33.666654,05,0533190,Hope
church_overture:3bee2ce0-e23e-49f3-b243-101ceae594ce,First Baptist Church of Cramerton,,-81.07511754,35.23932957,37,3715260,Cramerton
church_overture:3bf244c7-52a0-4477-8698-a19b207912e1,First Baptist Church,,-114.6631897,48.1055095,30,3047875,Marion
church_overture:3bfcf27c-11d9-4f0d-8dd2-69c5853528d1,First Baptist Church of Lake View,,-79.16530558,34.34494858,45,4539715,Lake View
church_overture:3c077604-a4c3-4243-9883-db7b5603d517,First Baptist Church East End,,-76.42294402,36.98511915,51,5156000,Newport News
church_overture:3c0784d4-70cf-41cd-9c54-4c7cfabdb1e7,First Baptist Church,,-94.21074207,44.10420789,27,2734190,Lake Crystal
church_overture:3c0fb8e2-ca6e-48d1-a724-139bb0e1bbaf,Spring Hill First Baptist Church,,-94.8008311,32.56125228,48,4843888,Longview
church_overture:3c1b2713-c859-4404-b0fd-b00b27a83a43,First Baptist Church of Summitville,,-85.64221358,40.33828323,18,1874132,Summitville
church_overture:3c25dadd-44af-4586-907a-b9475b80ae01,Dobson First Baptist Church,,-80.72344806,36.39406803,37,3717340,Dobson
church_overture:3c30b535-6b5d-4f7a-92fd-212370628b14,First Baptist Church,,-83.46239331,45.06079701,26,2601740,Alpena
church_overture:3c3a1c99-71d6-4c19-a37e-cee7795b98c5,First Baptist Church,"Discovery Kids Bible Club- First Baptist Church, Atlanta, TX",-94.16822398,33.11936331,48,4804516,Atlanta
church_overture:3c3b8d5e-233a-4d87-a4f6-9886398d2fd4,Fletcher First Baptist Church,,-82.50146098,35.435696,37,3723760,Fletcher
church_overture:3c55211e-2f8d-4d83-bedb-85c24386156c,First Baptist Church,"First Baptist Church, Activities Building",-90.40544293,32.85355673,28,2881520,Yazoo City
church_overture:3c57b24d-f2f0-4879-b3a5-efb92ee90cd7,First Baptist Church of Inverness,,-90.58957815,33.35470611,28,2835020,Inverness
church_overture:3c586e0e-926a-4e09-9dda-32b83b67c5c2,First Baptist Church,,-86.07364527106597,35.82763133730299,47,4781560,Woodbury
church_overture:3c589070-414a-4834-a420-3c2db26a33a1,First Baptist Church Troy,,-85.97357615,31.80990218,01,0176920,Troy
church_overture:3c5b39e1-4993-4e4b-94e5-08ae6dd90587,First Baptist Church,,-77.98136353,40.19344071,42,4276632,Three Springs
church_overture:3c6567d9-31e7-492f-8a35-a1bcc4f2eecb,First Baptist Church,,-89.82924506,39.12912908,17,1729236,Gillespie
church_overture:3c6e15e4-20fd-42f5-9aa8-cccc7b542f6b,First Baptist Church,,-91.975533,34.541334,05,0521730,England
church_overture:3c722031-4d78-4497-82f2-0319abf7266a,First Baptist Church Lecanto,,-82.48806982,28.84794152,12,1239825,Lecanto
church_overture:3c7b9a2d-1a72-4c65-8dc8-8366acd83f83,First Baptist Church,,-78.85681151886796,39.391642299346344,54,NA,NA
church_overture:3ca81531-6330-4a9f-8a83-4d4b94e5be6f,First Baptist Church East Bernstadt,,-84.1140433,37.1909018,21,2123284,East Bernstadt
church_overture:3cac20a6-4654-4f7e-bb78-548033132dbe,First Baptist Church,,-82.38612848,28.5590232,12,1208800,Brooksville
church_overture:3caed1f4-f441-4ffe-b6d8-582c7f141ef9,First Baptist Church,,-80.06438766,40.43839391,42,4216848,Crafton
church_overture:3ccd2fbf-8ac9-4106-8e9c-cbab5f2d7e07,First Baptist Church,,-95.08223475486271,34.75562230318851,40,NA,NA
church_overture:3cd7a957-f942-44c0-aae9-e7df165ec9c2,First Baptist Church,,-107.65655716,39.54881565,08,0870195,Silt
church_overture:3cd7f981-4a42-4242-9613-fc3d122224c0,First Baptist Church Gilbert,,-91.656756,32.045442,22,2228940,Gilbert
church_overture:3cdde45f-11d5-49ac-a19f-f99ed798f5b7,First Baptist Church,,-99.9518277,31.74157483,48,4805456,Ballinger
church_overture:3ce06c71-2a2e-4d47-a321-40a2b2934cbd,First Baptist Church of Mitchell,,-90.08105058,38.7641866,17,1749698,Mitchell
church_overture:3ce7d97b-7b16-488b-82b6-ce1b1862ddb7,First Baptist Church,,-89.28059096,41.53035407,17,1741794,La Moille
church_overture:3cfa91b4-44f5-4c0b-8554-9986d3cf1bbb,First Baptist Church,,-103.8349564,36.75927984,35,3520480,Des Moines
church_overture:3d04258e-00ca-4a4a-ba26-0cc7ea6e4cb2,First Baptist Church,,-78.83239613,37.36087263,51,5102072,Appomattox
church_overture:3d0ed95f-e32e-43da-9df4-959e29fae140,First Baptist Church of Cutchogue,,-72.49766182,41.02765406,36,3619466,Cutchogue
church_overture:3d169e62-5859-449e-9e07-7153a19c5afe,First Baptist Church,,-85.76711145,33.78684871,01,0138272,Jacksonville
church_overture:3d1a59bd-f4b6-4a98-906c-ac473c900224,First Baptist Church,,-92.86708155,43.74071861,27,2708164,Brownsdale
church_overture:3d225048-850d-4402-8b4f-3bfb683b5b51,First Baptist Church,,-97.05594372907096,36.882579311128836,40,4051300,Newkirk
church_overture:3d30b552-ccf5-48e5-84c5-d6dfab19c75d,First Baptist Church of Gregory,,-91.366753,35.2879047,05,0502740,Augusta
church_overture:3d3f7829-9db7-41fb-8ad3-6cb3d1701a02,First Baptist Church,,-71.24635392,42.64304445,25,NA,NA
church_overture:3d60eba5-5eb6-4b27-94bf-ba8dabf088d2,First Baptist Church,,-121.80048501037223,38.54611195205338,06,NA,NA
church_overture:3d6bff7a-eaa7-4532-ae16-1020f18ddac7,First Baptist Church,,-86.41042146,33.38576113,01,0179008,Vincent
church_overture:3d6e0bf3-d49c-4a35-b1e3-b77ac770cdfa,First Baptist Church,,-86.20451407,34.2659312,01,0100988,Albertville
church_overture:3d772887-f067-48d7-a5a6-9c067e32c655,First Baptist Church,,-95.932686681035,32.611057154048,48,4850232,Myrtle Springs
church_overture:3d7df86e-aed3-4443-89f9-dd25b87390da,First Baptist Church,,-82.90267458,40.12181952,39,3983342,Westerville
church_overture:3d8a0194-9b5b-4cd1-97f2-6bc014005821,First Baptist Church,,-122.6845627,45.51900019,41,4159000,Portland
church_overture:3d8d5e1b-ecf6-4221-9c47-6c905f1e3f62,First Baptist Church,,-80.10559757,40.35841442,42,4208624,Bridgeville
church_overture:3d909be4-6590-4c05-a96e-e486d8dc7f2d,First Baptist Church,,-85.8316319,33.6639923,01,0101852,Anniston
church_overture:3d927c64-85c3-4e45-8a2d-c3d9555cea43,First Baptist Church,,-88.78556246,32.13301887,28,2870760,Stonewall
church_overture:3da19b44-0600-4557-bc1c-0f724e55dae1,Swansea First Baptist Church,,-81.09950587,33.73777011,45,4570675,Swansea
church_overture:3da3e483-5622-4188-8836-dfc0578dacb2,First Baptist Church,,-90.785078,34.459687,05,0552280,Oneida
church_overture:3da5307d-3b88-4b52-92c5-42dd91a90546,First Baptist Church,,-73.75217008,40.60836285,36,3651000,New York
church_overture:3dac3f11-6adc-4fc8-9864-47283e315599,First Baptist Church of Norton,,-82.63231719,36.93354789,51,5157688,Norton
church_overture:3daf6cca-4ae2-449c-949d-6e55979fc81f,First Baptist Church,,-82.20980879,41.16726334,39,3982642,Wellington
church_overture:3db6267d-2c09-475e-94ab-ee3e56f65275,Romney First Baptist Church,,-78.76002965,39.34304187,54,5470084,Romney
church_overture:3db84f74-0d02-4391-97c1-3efacf2d6373,First Baptist Church,,-82.43135343218592,28.482268231568433,12,1225475,Garden Grove
church_overture:3db886f7-f2a9-4acf-9298-14be69f1d1d2,First Baptist Church,,-82.18204846,28.51541705,12,1260325,Ridge Manor
church_overture:3dc43556-a96e-41b0-9f13-2e4bbfe26d0c,First Baptist Church,,-101.59830413,33.86623272,48,4856996,Petersburg
church_overture:3dc6024e-7ac6-4803-be34-3ea8eba36957,First Baptist Church,,-92.71749616,32.24070016,22,2238670,Jonesboro
church_overture:3dc6847d-b0de-460a-bce7-a111346fc6c2,First Baptist Church,,-92.41408818881409,33.81456371785597,05,0524220,Fordyce
church_overture:3dcc49ef-d3c8-49e1-a8d2-fb30b392bb65,First Baptist Church,,-101.40280862,36.26334766,48,4831412,Gruver
church_overture:3dcd039d-a71b-4b0d-aa5b-bc71b5ec7e20,First Baptist Church of Morton,,-89.44877518,40.60537895,17,1750621,Morton
church_overture:3de581c0-944b-4a07-9f4c-cb586be5a1d6,East Flat Rock First Baptist Church,,-82.424066,35.284777,37,3719420,East Flat Rock
church_overture:3deb675c-79e8-4d14-8614-28d8f6c3c51e,First Baptist Church Of Newtown,,-74.91253516039447,40.26206848529299,42,NA,NA
church_overture:3df68d79-72d5-45d5-b735-cc9c3fb93f64,St Paul First Baptist Church,,-82.65448401,34.49894124,45,4501360,Anderson
church_overture:3df7db13-d0c0-46e0-a241-ab9f5f2abf0b,First Baptist Church of Cedar Key,,-83.03453584,29.13566179,12,1211225,Cedar Key
church_overture:3e0ec286-c0ea-4bdb-af7c-8c5bfc7b0e8a,First Baptist Church,,-81.20185534,39.39049898,54,5471356,St. Marys
church_overture:3e158f88-8091-4d95-89fe-06bd477a152c,First Baptist Church of Lawrence,,-95.27747622,38.95989811,20,2038900,Lawrence
church_overture:3e16850e-6c7b-4c88-85bd-e790c004d33e,First Baptist Church,,-90.35838926,35.48804882,05,0570700,Tyronza
church_overture:3e315ef0-a64f-4ca9-90e6-8265659836dd,First Baptist Church,,-86.66096,33.638549,01,NA,NA
church_overture:3e346f18-680e-4a91-8f49-b6bd6df0b21a,Osceola First Baptist Church,First Baptist Church,-90.01673094,35.69847681,05,0552580,Osceola
church_overture:3e3b8e86-a10b-46c4-9519-e3d7b0839803,First Baptist Church,,-82.020124,31.484974,13,1369448,Screven
church_overture:3e454475-7619-4b4d-a3f1-f7a3f77a89e9,First Baptist Church Woodlawn,,-84.47372795,39.24698818,39,3986366,Woodlawn
church_overture:3e46b4a0-c983-408b-8351-18cb7a3aac27,First Baptist Church,,-83.834227,38.435787,21,NA,NA
church_overture:3e487509-0599-49c2-91e6-1efd186ad378,First Baptist Church Mannford,,-96.3615491,36.1292143,40,NA,NA
church_overture:3e4abc65-055e-4479-ad06-a7e4d0bcb18b,Pennville First Baptist Church,,-85.320073,34.511816,13,NA,NA
church_overture:3e4cf5c4-af65-4ed7-8899-98c12ab69f2b,First Baptist Church-Sheffield,,-87.69567969795621,34.76101898938114,01,0169648,Sheffield
church_overture:3e50ea6b-8480-4d23-8a62-e23b27c3d185,First Baptist Church,,-90.69760458,35.83715449,05,0535710,Jonesboro
church_overture:3e51b026-cc7b-44f7-9c56-a0d3c65ce4b5,First Baptist Church of Idlewild,,-85.80158934,43.87854695,26,NA,NA
church_overture:3e51c2ad-4638-4219-b4ac-3430a107c6d9,First Baptist Church,,-101.97199896,35.86143842,48,4821556,Dumas
church_overture:3e84a92b-71d6-447b-b852-f59678086f00,Pencil Bluff First Baptist Church,,-93.72835529639626,34.624421197016126,05,NA,NA
church_overture:3e8ef6af-6e42-4bf5-a811-8aac774142b8,First Baptist Church,,-97.82613839,26.25398192,48,4865768,Santa Rosa
church_overture:3ea58119-5570-455f-b4be-f234858b157a,First Baptist Church,,-114.09347096,48.11601153,30,3005875,Bigfork
church_overture:3ea9e550-ab76-46b0-909b-ad5a9fb075e1,First Baptist Church,,-85.26288918976141,41.443709779865024,18,1839402,Kendallville
church_overture:3eb6a6a3-c468-478d-b80c-6d33b9d6836b,First Baptist Church,,-82.62220059,36.4172793,47,4725540,Fall Branch
church_overture:3ee469c2-f93f-4586-b503-5b54cc2b68f0,First Baptist Church,,-94.517012,32.312046,48,4871924,Tatum
church_overture:3ef3bfb8-f97a-40a8-87f9-fc114012adac,First Baptist Church,,-78.095831,36.688774,51,NA,NA
church_overture:3f0d8430-8ac0-4561-9e83-0328d7054868,First Baptist Church,,-110.95209726,31.368283,04,0449640,Nogales
church_overture:3f28561a-b733-4b6f-89cc-66a57a0c0d8a,First Baptist Church,,-99.27096752,26.90971559,48,4880716,Zapata
church_overture:3f2e09a9-56fa-4d73-87ee-9daa9d50f320,First Baptist Church,,-98.14505555,27.22376455,48,4825368,Falfurrias
church_overture:3f33470b-5266-4f7e-8c14-99056272a864,First Baptist Church,,-100.13633357,36.43347444,48,4826328,Follett
church_overture:3f3a5b0d-eb42-41d1-9dc8-4da9b37a6203,First Baptist Church,,-89.19309934,36.57139094,21,2136298,Hickman
church_overture:3f43359b-0ceb-467e-8a48-9c2f110d6c0d,First Baptist Church,,-105.23863099,38.44230657,08,0811810,Cañon City
church_overture:3f49f636-b500-4c3c-9257-ce14c0da46f6,First Baptist Church,,-101.75139976,34.36658232,48,4839904,Kress
church_overture:3f565966-b367-4837-b85f-38bfadbb9948,First Baptist Church,,-96.67325702,34.23255232,40,4073900,Tishomingo
church_overture:3f6a455c-8cbf-4949-8375-ab5753b93a2c,First Baptist Church,,-73.62772404,41.03527689,09,0933690,Greenwich
church_overture:3f79c11b-6490-4fab-908c-7060fe1b9121,First Baptist Church,,-102.40229663,35.88031943,48,4832612,Hartley
church_overture:3f7c8f7d-4cb6-43fe-91bf-186d62d4ed82,First Baptist Church,,-88.59642223,35.17285493,47,4766940,Selmer
church_overture:3f8869c5-6669-4344-bda3-b02455fe2bf7,First Baptist Church,,-70.09341408874805,41.267665695372564,25,2543755,Nantucket
church_overture:3fa34b1d-37cc-4a6d-8e74-118c1f0d1271,First Baptist Church,,-74.81553725,44.62717565,36,3656363,Parishville
church_overture:3fb3d124-ba7b-4c62-9002-230f28726755,First Baptist Church,,-95.58689122,35.28714647,40,4024650,Eufaula
church_overture:3fb53c95-6b84-4a3b-b9b7-4a444c8d2b62,First Baptist Church of Algiers,,-90.88161468,30.48638459,22,2279240,Walker
church_overture:3fb64bc3-c430-4874-89d6-52c0b53237df,Troy First Baptist Church,,-88.88602264,34.11687778,28,NA,NA
church_overture:3fc2a0db-cdc5-4ab8-a0eb-1efdbd687c25,First Baptist Church,,-98.59581124327755,37.95762109428088,20,2067775,Stafford
church_overture:3fd3d479-1e7d-45f8-9904-a959a70c3b96,First Baptist Church,,-78.495022,34.310043,37,3736640,Lake Waccamaw
church_overture:3fd790ec-b62f-4188-b49a-03079dbe39ca,Medina First Baptist Church,,-88.76468301,35.8217521,47,NA,NA
church_overture:3fd9c7f6-e2c4-4d40-8d45-06cd89c6f25d,The First Baptist Church of Gretna,,-79.36317551,36.94702932,51,5133232,Gretna
church_overture:3fde948b-dc96-4bfb-82d7-ee623c356d7e,First Baptist Church,,-96.13960421,41.54258716,31,3105350,Blair
church_overture:3fefd60c-4770-4455-81ae-cea4636056f2,First Baptist Church of Meadowdale,,-88.25300227,42.13371971,17,1711358,Carpentersville
church_overture:3ff076b4-eb0c-4e83-9920-af7c2195ad0f,First Baptist Church,,-88.70036737,41.32889653,17,1747150,Marseilles
church_overture:3ff13d74-d3e4-4c41-829e-c2f2c38cde68,First Baptist Church,,-74.02947985,41.50803103,36,3650034,Newburgh
church_overture:400d079a-5936-4a13-88dc-34ae8a3cf172,First Baptist Church,,-77.53870489,41.91879932,42,4282968,Westfield
church_overture:40188c11-45ce-45db-a289-b93a03b60310,First Baptist Church,,-78.15845683,41.78070976,42,4266408,Roulette
church_overture:4018c9eb-f094-4138-8dd1-54ea98138f0c,Whitmire First Baptist Church,First Baptist Church,-81.61369364,34.50151222,45,4577380,Whitmire
church_overture:4024e1a4-9f27-4b11-991b-910c776e5d7d,First Baptist Church,,-102.37211222,33.5874847,48,4842448,Levelland
church_overture:4043451c-fc20-4264-9c8e-0ec31a244ab3,First Baptist Church,,-90.23361649,38.54189851,17,1721618,East Carondelet
church_overture:40462a60-6c3b-4154-b289-6be6cdc3df08,First Baptist Church of Desoto,,-96.85905961,32.59027489,48,4820092,DeSoto
church_overture:4062435f-72f9-452e-a3d6-640e0eb24701,First Baptist Church,,-94.71340013,32.93688516,48,4843684,Lone Star
church_overture:406a2c60-92ef-40c6-b751-786dbfec0387,First Baptist Church,,-98.25195747,35.05750808,40,4002050,Anadarko
church_overture:406b0381-a5ad-4f87-b800-6767dfe71939,Cromwell First Baptist Church,,-96.4594805,35.3447001,40,4018450,Cromwell
church_overture:408266a5-d0a7-4cf2-aabb-2eaf860a4358,First Baptist Church,,-80.25840675,35.82382375,37,3738060,Lexington
church_overture:408342d2-2e02-4a79-879a-353acce91c95,First Baptist Church of Oran,,-89.65133457,37.08381091,29,2954758,Oran
church_overture:40868323-9a92-4187-874b-a88ae1784a9e,First Baptist Church,,-100.90448037,38.47911222,20,2063600,Scott City
church_overture:409c41de-b269-4150-9bc8-608e0ef69d6d,First Baptist Church of Mableton,,-84.58170868,33.82276495,13,1348288,Mableton
church_overture:40a0b564-e717-416b-83ec-c47d0bbcde6b,First Baptist Church,,-78.6378568,35.77935371,37,3755000,Raleigh
church_overture:40a3b3a8-eee2-4cf0-b1b0-94e05249d66c,First Baptist Church Sapulpa,,-96.110423,35.996223,40,4065400,Sapulpa
church_overture:40a9cb29-9510-498e-87ab-22cea5f8270c,First Baptist Church,,-101.6799814,33.66005325,48,4835732,Idalou
church_overture:40b2721a-330a-4d93-9fec-c5f70068dca9,First Baptist Church,,-100.37953197410421,32.7453766292934,48,4862612,Roby
church_overture:40b3af88-95d2-49c9-94d7-aff70eed2910,First Baptist Church Of Duluth,,-84.13029912,33.98719348,13,1324600,Duluth
church_overture:40b87ed3-33d2-4835-b4ad-372ff53110d9,First Baptist Church,,-88.50271209,38.77333451,17,1744927,Louisville
church_overture:40c65862-554c-410b-b3e8-41781282f1eb,First Baptist Church,,-111.75124399,32.88073866,04,0410530,Casa Grande
church_overture:40d3dea7-1be9-4d5b-803b-6dab29a6da52,First Baptist Church,,-93.2930338,37.2044804,29,2970000,Springfield
church_overture:40dfc63a-2791-4956-a100-c92f69790602,First Baptist Church of Vineyard Haven,,-70.60455052,41.45430349,25,2571970,Vineyard Haven
church_overture:40e9c458-f877-4998-9fed-521dc8c90e56,First Baptist Church Jackson,,-84.3890752,42.2604368,26,2641420,Jackson
church_overture:40f672bc-d9a7-41da-9ac7-241c367efa30,First Baptist Church,,-105.53171414,39.74458924,08,0838370,Idaho Springs
church_overture:40f6c939-2204-4b6b-90be-c2fec78f50ec,First Baptist Church of Beaver Falls,,-80.31820291,40.75801547,42,4204792,Beaver Falls
church_overture:40fb118f-5e25-405f-8385-b7c058041d64,First Baptist Church,,-89.773267,35.448008,47,4702340,Atoka
church_overture:40fd4923-d9ce-45f4-81a9-a88befb31182,First Baptist Church Of Turlock,,-120.8511428,37.4934769,06,0680812,Turlock
church_overture:40fdd984-a5fe-49dc-9936-04ffd212f0bf,First Baptist Church,,-92.0244478,42.16540482,19,1981210,Vinton
church_overture:4109d415-ca4b-499e-9cb4-69f25b2aa4cc,First Baptist Church Pleasant Grove,,-86.97514216,33.50028487,01,0161008,Pleasant Grove
church_overture:4110b0fa-c159-4997-9dfa-780416b35321,First Baptist Church,,-88.47501121,31.43449564,28,2870320,State Line
church_overture:411809f7-6f9b-4f31-bfda-7615a9c05b5e,First Baptist Church of Collingdale,,-75.27899906,39.91272671,42,4215232,Collingdale
church_overture:4119ddd4-69eb-4c8f-b46a-4cd2ce2c8d32,First Baptist Church,,-89.92689873,41.24253498,17,1739727,Kewanee
church_overture:411b05c8-a226-4e52-947f-b1b50333060c,First Baptist Church of La Veta,,-105.008748,37.507556,08,0844100,La Veta
church_overture:412810e9-8f87-444a-b3f1-1f57e6eb0342,First Baptist Church of Beech Grove,,-86.23705388,35.6213701,47,NA,NA
church_overture:412f75bc-c8a9-4a62-be1d-b3d8901ae7fd,First Baptist Church Las Cruces,,-106.7843527113514,32.30811812785488,35,3539380,Las Cruces
church_overture:4131a784-dfc4-424f-84d1-461c62e994e3,First Baptist Church Carroll,,-82.70218199,39.79836128,39,3912252,Carroll
church_overture:41369bee-702c-4858-aed7-b096152bf249,Tylertown First Baptist Church,,-90.15047482,31.11254365,28,2875160,Tylertown
church_overture:4143558e-ebc4-46da-ab52-e6f874b9ba67,First Baptist Church,,-86.17168237,38.00242639,21,2109226,Brandenburg
church_overture:415bb59c-912d-4174-a579-cb23430242f1,Vina First Baptist Church,,-88.06016154,34.3777812,01,0178984,Vina
church_overture:416ee753-02fe-4d47-b5c2-f4516c15a9ad,First Baptist Church of Mabank,,-96.09989623,32.36692269,48,4845324,Mabank
church_overture:417b4c37-9070-4389-aa7d-78a5755a2756,Saint Matthews First Baptist Church,,-81.21482783,34.25336433,45,NA,NA
church_overture:419bb0a0-b00d-4a53-9280-ac8f1162b807,First Baptist Church,,-96.68499163,44.75585075,46,4612540,Clear Lake
church_overture:41a2f2fe-ff05-47f5-9719-d2755c2460c5,First Baptist Church,,-101.648243,33.425699,48,4868180,Slaton
church_overture:41a43905-0512-488d-bc38-d02fb00bbcc4,First Baptist Church,,-87.15354,35.94319,47,4725440,Fairview
church_overture:41a51810-40f9-42e6-aba8-a6a484feb4ec,First Baptist Church Bloomfield,,-107.98048952,36.71257457,35,3507880,Bloomfield
church_overture:41aa51b9-9cef-460a-bc8d-a18fdfeb6491,First Baptist Church of Vandergrift,,-79.56422303,40.60037566,42,4279776,Vandergrift
church_overture:41ae81bb-5ad3-4e30-9043-1ef65d3521cc,First Baptist Church of Interlaken,,-76.72531273,42.61665509,36,3637528,Interlaken
church_overture:41e03463-8fdb-48ad-9f8f-2d5ffcfb7bac,First Baptist Church,,-120.86186341,37.59806545,06,0634904,Hughson
church_overture:41e9bcc7-7d12-49dc-a841-2a1e19011601,First Baptist Church,,-88.93041329,37.73152722,17,1746916,Marion
church_overture:41ebe777-f830-47ff-b8b5-31f801f50a9d,First Baptist Church,,-93.07270242,33.41314936,05,0566860,Stephens
church_overture:420215c6-67f3-49c6-9672-33cd387c26c3,First Baptist Church,,-74.26302896356668,40.654827242928874,34,3464620,Roselle
church_overture:4209c904-40dd-4dd4-a062-694d349217e6,First Baptist Church Carver,,-86.962737,33.413689,01,0105980,Bessemer
church_overture:4222a147-8935-4437-b8c3-8c5bd1f39b0e,First Baptist Church,,-112.53963,46.0135999,30,3011397,Butte-Silver Bow (balance)
church_overture:422f26b1-0664-4821-be2b-c8bc607e2511,First Baptist Church,,-99.23558226,28.43757054,48,4817216,Cotulla
church_overture:423848b8-96d3-4580-a3aa-d1153eaf812c,First Baptist Church,,-98.60577603,35.1058224,40,4012050,Carnegie
church_overture:42442fbd-da6e-4fc0-871b-89edea487700,First Baptist Church,,-87.74867736,41.747653,17,1709642,Burbank
church_overture:42670d17-7937-4019-82c2-a9018dcc5118,First Baptist Church,,-75.83628081,41.31045968,42,4286856,Wyoming
church_overture:427312ec-5cbc-44cb-98a5-9b4039a21706,First Baptist Church,,-86.98232915,34.61211747,01,0120104,Decatur
church_overture:427ca6e5-d0b8-4d6c-9527-beb910121ddb,First Baptist Church,,-95.125245,31.055163,48,4831340,Groveton
church_overture:427f7e58-a7eb-442f-aed7-3d5392d6fc50,Deer Park First Baptist Church,,-95.11727193,29.70380138,48,4819624,Deer Park
church_overture:429e5a76-863f-4334-a432-7a88f95d01aa,First Baptist Church of Boone,,-81.67966885,36.21648876,37,3707080,Boone
church_overture:42a78028-0eea-4b48-a1e6-0233f4639276,First Baptist Church,,-86.41504954,39.42474463,18,1847448,Martinsville
church_overture:42ac5105-2dec-4b08-9640-b23721fcb275,First Baptist Church,,-110.214505,31.903199,04,0462280,St. David
church_overture:42b83587-a259-4982-ad02-768623088c93,First Baptist Church,,-73.42299799,43.8460077,36,3673880,Ticonderoga
church_overture:42c46b80-d132-4f6a-ad6f-11fcbc902dcb,First Baptist Church,,-122.26001328,37.77295504,06,0600562,Alameda
church_overture:42c6249f-18e9-4f7d-b465-ca8056dd7b09,First Baptist Church of Fort Stockton,,-102.88693586,30.88839901,48,4826808,Fort Stockton
church_overture:42c650cd-3c46-4dbc-9202-4aad11307646,First Baptist Church,,-118.22352309,33.9833341,06,0636056,Huntington Park
church_overture:42d64632-508e-4e18-8207-3b83d3b94c3d,First Baptist Church,,-75.06878756,44.1945318,36,NA,NA
church_overture:42dca872-806e-4dce-9f72-ac6f312561b2,First Baptist Church,,-90.32097299,33.49210103,28,2835260,Itta Bena
church_overture:42e844cc-b383-47ec-a0c0-7a08b79ceed7,First Baptist Church,,-78.70336786,34.33452928,37,3773660,Whiteville
church_overture:42f4f902-617e-413e-aad9-cf2f59c76d29,First Baptist Church of Rhinebeck,,-73.91501508,41.93426727,36,3661346,Rhinebeck
church_overture:42fcaae3-a1f5-47be-b82d-6861cd2b972a,First Baptist Church of Flat,,-97.631825,31.310159,48,4826004,Flat
church_overture:430cd2fa-52fa-432d-9260-9a2834f10a23,First Baptist Church,,-101.44971948,32.76961959,48,4827972,Gail
church_overture:431967fe-5445-4d75-b16c-ace0e1700a67,First Baptist Church Center Point,,-99.0324902,29.94192551,48,4813828,Center Point
church_overture:4320c712-aeaf-4667-b4d0-c20735815dd0,First Baptist Church of Andersonville,,-84.03346474,36.20055106,47,4701220,Andersonville
church_overture:43222075-daf8-406d-94ec-e7874ceb2861,First Baptist Church,First Baptist Church Summit,-95.42909236,35.66451308,40,4071450,Summit
church_overture:4329d59d-fca9-4838-8ce3-850bcb02716c,First Baptist Church Red River,,-105.4217456,36.70932317,35,3562200,Red River
church_overture:432c14dd-f7e2-42c2-aa35-baab13542b11,First Baptist Church of Ballwin,,-90.53806626,38.58891165,29,2903160,Ballwin
church_overture:43358fca-8980-4085-85f9-df1bab4bf9e5,First Baptist Church,,-96.6340477,34.61146073,40,4026200,Fittstown
church_overture:4336dfd1-759d-4f4a-9364-6cd0df26b30c,First Baptist Church,,-97.63494929,39.82203213,20,2005600,Belleville
church_overture:43551342-850f-448c-a357-99306e3c1b75,First Baptist Church,,-96.80348766937105,32.51625701975337,48,4861196,Red Oak
church_overture:4369ab73-1fea-4d64-9090-0b7a9a421aa4,First Baptist Church of Eagle,,-116.3488797,43.69596666,16,1623410,Eagle
church_overture:438231f8-e09c-48c9-9edf-c4722de0f040,First Baptist Church,,-85.77174195,35.6841077,47,4745100,McMinnville
church_overture:43954782-4713-4273-9102-2977a6a7ebe1,First Baptist Church of Salem,,-91.54046886,37.64427552,29,2965234,Salem
church_overture:4395b9f4-4828-4dcd-9386-9d52296ce11b,The First Baptist Church Of Miamisburg,,-84.274679,39.644517,39,3949434,Miamisburg
church_overture:43b36cf6-3d29-4c00-8588-16aaf49c4429,First Baptist Church,,-84.88045788,31.0378126,13,1323368,Donalsonville
church_overture:43b79c23-a3a7-4a8a-b561-a9556af9f323,First Baptist Church of Navarre,,-86.83327515,30.41067362,12,1248050,Navarre
church_overture:43c6c685-96e5-4c19-ae5c-3346fa957070,First Baptist Church,,-73.05754261,41.22750339,09,0947515,Milford city (balance)
church_overture:43de8d46-ea7d-43fe-8623-cdd83ba8ca69,Fitzpatrick First Baptist Church,,-82.80810454,37.67059452,21,2162940,Prestonsburg
church_overture:43e27e29-cbc8-473e-b2e9-fb795107b6a6,First Baptist Church,,-94.0596910513896,36.76168318638253,29,2979126,Wheaton
church_overture:43e5d195-d3c0-4c07-b29c-fa3acae008bd,First Baptist Church,,-83.41610762,30.46924341,12,1242425,Madison
church_overture:43f725e5-385a-4d8a-9a9a-b19c1d255316,First Baptist Church,,-80.741704,39.920859,54,5456020,Moundsville
church_overture:441613ef-8727-437e-b71e-e20b00d03872,First Baptist Church Stratford,,-96.95975182,34.79643808,40,4070800,Stratford
church_overture:44210a93-1f3f-4a10-9ef2-64e1dabc2cf1,First Baptist Church,,-79.993058,37.786261,51,5119728,Covington
church_overture:4428878c-019f-46db-8213-9f0a83c21ae6,First Baptist Church,,-88.2454483,31.0918066,01,0115064,Citronelle
church_overture:4436b073-c075-4362-aba1-4630465c0bd6,Garland First Baptist Church,,-78.38942891,34.78446651,37,3725460,Garland
church_overture:44483d80-fb3d-49aa-88a6-cad7186e6631,First Baptist Church,,-91.32118009,41.02557275,19,1987330,Yarmouth
church_overture:44513ad0-d202-4181-bbf9-9ffab13b23d1,Sunnyside First Baptist Church,,-84.29109741,33.34339061,13,1374572,Sunny Side
church_overture:4463761d-b294-4c53-99ee-26ab7c641714,First Baptist Church of Tallapoosa,"Tallapoosa First Baptist Church, Tallapoosa, GA",-85.28828304,33.74547098,13,1375300,Tallapoosa
church_overture:4463df0e-39a9-4be5-9abd-220b5d251917,First Baptist Church,,-77.47643863,38.75093038,51,5148952,Manassas
church_overture:44734683-6112-4251-a469-6d86dc0f370f,First Baptist Church,,-97.89780744,36.10863328,40,4033700,Hennessey
church_overture:447d057d-ee64-42bb-84f6-ba2e06dd6858,Laurel Hill First Baptist Church,,-79.51259636,34.85098844,37,NA,NA
church_overture:4482d4d9-d12d-4edf-8416-cd7f295f5199,First Baptist Church,,-81.87987418,34.46995394,45,4515295,Clinton
church_overture:448c5a75-460c-484f-b555-ca683df28039,Alamo First Baptist Church,,-82.7817017,32.1455834,13,1300996,Alamo
church_overture:4490ff98-2254-46ed-9c9b-464cced4038d,First Baptist Church,,-88.627924,43.44267,55,5535750,Horicon
church_overture:4493ce8a-024e-4bcc-b87b-7ef9bfc202f9,First Baptist Church,First Christian Church,-101.19164843,36.19666234,48,4869476,Spearman
church_overture:4495a919-c0a8-48cb-8e0b-a7f57f47644d,First Baptist Church,,-81.51709319,34.21558193,45,4558705,Prosperity
church_overture:4495b190-e063-4b4b-9ac4-9dcb18e56d39,First Baptist Church,,-80.0235665,38.19537833,54,5439412,Huntersville
church_overture:449839c9-4f2e-420b-bcc7-05df1f7715ee,First Baptist Church,,-88.4517577,41.37205181,17,1750491,Morris
church_overture:44bc00f5-5dfa-4332-b56a-e58c945803d9,First Baptist Church,,-83.52136071,44.26878987,26,2678140,Tawas City
church_overture:44c407b0-e4de-46df-9771-ab0e5578a2f4,Lynn First Baptist Church,,-82.80688,35.17426,37,NA,NA
church_overture:44d0b178-d4d4-42a1-82cb-1d6de7a5a2f4,First Baptist Church Leisure Lake,,-81.431407,27.32667851,12,NA,NA
church_overture:44d53060-3e20-42c3-bc2b-a86439f26231,First Baptist Church,,-88.42563616276824,33.497141968010375,28,2815380,Columbus
church_overture:44d87051-06cb-4ab6-a05b-991b791cd3f6,First Baptist Church,,-97.2235608,34.73940886,40,4057550,Pauls Valley
church_overture:44df039f-fb84-4ffc-9ba4-5b10d67dfa47,First Baptist Church,,-87.03083716,41.31118995,18,1840518,Kouts
church_overture:44e1499a-6baf-43cc-b885-c96cef68e196,First Baptist Church,,-77.61645372,35.29904014,37,3735920,Kinston
church_overture:44f39b9e-fb42-4354-b7b2-2c3d7ae1f7ef,First Baptist Church of Kingston,,-84.51617287,35.8730676,47,4739620,Kingston
church_overture:44f84296-4e2e-40b7-bb82-af2f050178f7,First Baptist Church,,-98.08689678,35.08248474,40,4077000,Verden
church_overture:44f9445e-aaf5-4aff-980c-2c898bbc5bd5,First Baptist Church of Mannington,,-80.34450501,39.5299751,54,5451100,Mannington
church_overture:450609eb-390b-48a0-ad91-0fb400036a36,First Baptist Church,,-112.025955,41.500525,49,4908460,Brigham City
church_overture:4511213a-7b08-4ba0-b346-56a20aa383d0,First Baptist Church,,-82.465157,28.231733,12,1239200,Land O' Lakes
church_overture:451bbbb4-be2a-47aa-b46b-36a5127c7730,Kim First Baptist Church,,-103.35398636,37.24502556,08,0840570,Kim
church_overture:451e9b5d-8805-4a2d-938c-50f40882d735,First Baptist Church,,-90.05002015,40.29978045,17,1733513,Havana
church_overture:4527e6fc-c0f7-43a4-aec2-eb8903ea5aae,First Baptist Church,,-94.94762344,39.7633761,20,2076000,Wathena
church_overture:45300a2c-5398-44cc-91de-230a0f4f8467,First Baptist Church of Foothill Farms,,-121.35686262,38.66024762,06,0651924,North Highlands
church_overture:454dcd61-dfd0-4656-b8b3-8270a74112b4,Desha First Baptist Church,,-91.68281975,35.73593795,05,0518580,Desha
church_overture:45592f62-25aa-43ea-a584-f0b8ae99f8fd,First Baptist Church Of Oxford,,-85.833683,33.615851,01,0157576,Oxford
church_overture:4567a9c0-817b-4b2e-afd9-8685bb1458f6,First Baptist Church,,-82.00369655,30.82888418,13,1330424,Folkston
church_overture:456a41d2-c7fe-4ab0-827c-c7a9e2f140b0,First Baptist Church,,-82.812589,41.273099,39,NA,NA
church_overture:457213e9-bb69-4f88-807d-8776a8e224b3,First Baptist Church,,-98.16024116,33.21999383,48,4837168,Jacksboro
church_overture:457d2e7d-6cdf-44b9-aa5a-27f52d22f505,First Baptist Church,,-91.3122788,34.694991,05,0513990,Clarendon
church_overture:458b61ff-0653-45f0-8ef6-8ef8108e44a8,First Baptist Church Powderly,,-86.87908458,33.46586197,01,0107000,Birmingham
church_overture:4597caab-b969-45c8-9b55-c21935646fe0,First Baptist Church of Waldo,,-82.17251396,29.78709494,12,1274925,Waldo
church_overture:459a0053-ea15-4c86-935c-eac72168e2c2,First Baptist Church,,-102.27804569,37.38643554,08,0882460,Walsh
church_overture:45a1f721-4f13-48ad-aa36-fe751646cb4c,First Baptist Church Of Mesa,,-111.733669,33.416741,04,0446000,Mesa
church_overture:45a9e4cb-cb0c-439a-a938-cdc431fad5fe,First Baptist Church,,-80.7254823,40.09395015,39,3948104,Martins Ferry
church_overture:45b6f449-6d8b-4b08-93a8-a23f9bb75e32,First Baptist Church,,-70.80867225,43.23114212,23,2369995,South Berwick
church_overture:45bd5d8d-68e9-4b84-ac8e-633990b51471,First Baptist Church,,-89.38676061,38.07893017,17,1759884,Pinckneyville
church_overture:45c091a5-19a5-4f06-9dfe-4de141c552da,First Baptist Church,,-92.185111,33.03711215,05,0534090,Huttig
church_overture:45c0ea33-c3d3-43f4-b951-31fd4af0b564,First Baptist Church of Freeport,,-95.35000722480339,28.949429345062672,48,4827420,Freeport
church_overture:45e38208-46a5-47ee-83d3-78657e5e369a,First Baptist Church,,-117.73692351,40.96847865,32,3284800,Winnemucca
church_overture:45e494ad-b973-42dd-a8df-108731557b6f,First Baptist Church,,-96.59236993,43.30275915,46,4609500,Canton
church_overture:45e4eab0-c49e-431d-81ea-7124e38104f2,First Baptist Church,,-106.48621812,31.76802843,48,4824000,El Paso
church_overture:45e97072-8619-41bb-bb99-ce44c23bd4de,Devol First Baptist Church,,-98.59000966,34.19649574,40,4020450,Devol
church_overture:45ed57ab-2b50-4ae5-b110-1b4cc44fdac7,Ringwood First Baptist Church,,-98.24507501,36.38180618,40,4063450,Ringwood
church_overture:45edbef3-bb3e-498b-82fe-a514045361b1,First Baptist Church,,-91.09263299999999,30.374961,22,2256855,Oak Hills Place
church_overture:45ee77c5-9eab-4ad1-8723-d82daf20f4e1,First Baptist Church,,-77.98707088,42.9779978,36,3642026,Le Roy
church_overture:45f436a5-ff42-4378-a6f0-74e985758c2a,First Baptist Church,,-90.14711206,38.348771,17,1779150,Waterloo
church_overture:45f4dd21-043b-485f-9063-55f53af23a5b,First Baptist Church,,-122.304431,38.300821,06,0650258,Napa
church_overture:45fa3be6-ddb5-40af-a7f5-23ceae98a619,First Baptist Church of Talala,,-95.69971584,36.52821422,40,4072200,Talala
church_overture:46002570-4d99-434b-a1ad-c04a8337ee29,First Baptist Church of Ozona,,-89.66469269,30.58435692,28,NA,NA
church_overture:4600a650-7a07-46e4-a7c7-65b3c6ced43a,First Baptist Church of Oxford,,-82.03613869,28.92537787,12,NA,NA
church_overture:46046845-525c-4858-abac-37a8388c8d66,First Baptist Church,,-79.529066,40.27283056,42,NA,NA
church_overture:4613b70e-558e-4abc-b998-62453334f62a,First Baptist Church of Purvis,,-89.41324108,31.14303209,28,2860480,Purvis
church_overture:461ecccd-d4ef-479b-9df2-ecb3183b0177,Cartwright First Baptist Church,,-85.46605054,35.27082378,47,NA,NA
church_overture:462b7781-ac0d-4205-adda-62658bb1ea3d,First Baptist Church,,-85.697622,39.264644,18,1832332,Hartsville
church_overture:4635a720-522d-4b47-ae3f-9a4b2b821cc8,First Baptist Church,,-76.95634517,38.88563112,11,1150000,Washington
church_overture:4641d382-46be-4b07-a352-006cf32ef138,First Baptist Church of Lehigh,,-81.614449,26.602904,12,1239925,Lehigh Acres
church_overture:4649e88f-f8e6-41dd-b618-97d364feb4d2,First Baptist Church,,-89.40968308,38.89126678,17,1731589,Greenville
church_overture:464a7379-d486-4bcb-b80d-70e63a8220ba,First Baptist Church,,-88.28420039,39.7970537,17,1776407,Tuscola
church_overture:465015df-0d93-4110-8aab-4f3e635b444f,First Baptist Church of Magdalena,,-107.23524582,34.10954293,35,3546310,Magdalena
church_overture:465140ea-d75e-4f9f-b83a-9288c50a713d,First Baptist Church,,-89.1215306862699,37.78059787095799,17,1710630,Cambria
church_overture:465a4a64-4076-4e45-8f72-9f8a59e2c0e6,First Baptist Church of Boyle,,-90.72760628,33.70557409,28,2808180,Boyle
church_overture:466e1e7d-8b58-4f7f-b400-a4142f4b373f,First Baptist Church,,-88.62056548065,34.08922044860147,28,2850880,Nettleton
church_overture:46a771d3-c8fe-41f8-8a1c-54873e5b23fd,First Baptist Church of Madras,,-121.12798018,44.63692003,41,4145250,Madras
church_overture:46a90c56-c768-4547-a240-ba1666fe3724,First Baptist Church,,-86.28036878472086,41.23735477883842,18,NA,NA
church_overture:46b58505-0326-4e79-85ab-81934984dfb0,First Baptist Church of Heron Bay,Heron Bay Church,-88.14479787,30.36269686,01,NA,NA
church_overture:46b692e3-6315-43f9-80c6-ecba44985cde,First Baptist Church,,-93.05921418,34.48788548,05,0533400,Hot Springs
church_overture:46b711bf-5222-41c9-92cb-95abc88a5a95,First Baptist Church,,-91.48679977,36.31855929,05,0529920,Hardy
church_overture:46cb55ad-842e-4a07-bcf8-4d878cbcd5e8,First Baptist Church,,-80.67669454,41.89040991,39,3940390,Kingsville
church_overture:46d935cc-5b4c-4fbb-87f0-1f80838d8265,First Baptist Church,,-89.665845,31.764513,28,2849520,Mount Olive
church_overture:46e87daa-da57-4b79-a9df-5d0a681043d6,First Baptist Church,First Christian Church,-95.45517852,37.68314345,20,2012500,Chanute
church_overture:46ebaf14-dad5-4fa4-b6f8-924aee45dee4,First Baptist Church,,-100.63662764,35.6909772,48,4847988,Miami
church_overture:46fc0a24-8aee-4acc-9c2f-e43e59bfd71a,First Baptist Church of Smock,,-79.783346,39.998651,42,4271456,Smock
church_overture:46fef4cf-b6c9-4057-b5ed-90b7cce053b2,Frisco First Baptist Church,,-96.81646695,33.14902642,48,4827684,Frisco
church_overture:4707fd8b-c709-4ea3-b559-6180c6fee681,First Baptist Church,,-92.2553126,37.14383113,29,2950402,Mountain Grove
church_overture:4710e407-b3e1-4bc8-bbaa-eb6baece0271,First Baptist Church,,-80.85587976,39.65239881,54,5458684,New Martinsville
church_overture:471a688f-42d4-4c07-91c9-ba4eac4dab93,First Baptist Church,,-91.69081712,41.30072837,19,1982335,Washington
church_overture:4727b8d5-58f9-4d4e-94dc-a270bba9354e,Gibson First Baptist Church,,-82.58294205777806,33.283837819797526,13,NA,NA
church_overture:473f5916-b291-4fff-80cb-35bedaef337b,First Baptist Church of Girdletree,,-75.39453606,38.09377879,24,NA,NA
church_overture:4743e153-6b89-4dd4-bdcd-b59bbc4d1a95,First Baptist Church,,-120.07161542,36.95403007,06,0645022,Madera
church_overture:4744ec45-361d-48fa-b7f2-82372efead55,First Baptist Church,,-95.33996189,36.19414926,40,4014300,Chouteau
church_overture:474e34a7-0816-4fb9-a40c-19035d03d7a4,First Baptist Church,,-83.46995773818647,33.59309456620666,13,1349196,Madison
church_overture:474f5449-730e-4640-92fc-a91f33df9a3b,First Baptist Church,,-71.01021902561193,41.90702180860896,25,NA,NA
church_overture:4756e1b1-5883-47e4-a74c-ed77fd997a7d,First Baptist Church,,-91.65829915,37.18103251,29,2971512,Summersville
church_overture:475d2c07-cd99-4710-b0be-f52123385783,First Baptist Church,,-97.0197876,32.69293586,48,4830464,Grand Prairie
church_overture:475e48a4-531c-4c56-b228-1a6956e4c165,First Baptist Church,,-91.81343829,31.62814901,22,2238775,Jonesville
church_overture:476c2388-c906-4c75-b2bb-f941d341d4ea,Riverton First Baptist Church,,-89.5353732,39.8606758,17,1764486,Riverton
church_overture:47847ef1-c471-4231-b10c-ed40e8853189,First Baptist Church McRae,,-82.90244098,32.06722021,13,1349100,McRae-Helena
church_overture:47924605-69cc-4357-9221-c9ef531c49e7,First Baptist Church,First Christian Church,-84.5117455,39.08705454,21,2117848,Covington
church_overture:47a1dff1-a37f-4fe2-b882-48ca7dfdae41,First Baptist Church,,-96.01493874,36.36762671,40,4067850,Skiatook
church_overture:47a6597a-1378-4c9f-b4c2-c077a7cee5fe,First Baptist Church,,-94.85938642,45.96890352,27,2738060,Long Prairie
church_overture:47a8e60b-3f7b-43f9-a45a-b6b770291383,First Baptist Church,,-122.27313,41.208605,06,0620242,Dunsmuir
church_overture:47b6ba3d-3ef3-42f4-8343-0e980db84010,First Baptist Church,,-114.98230427958907,36.0312063946766,32,3231900,Henderson
church_overture:47c77ec2-99d7-49c0-a29a-6cadcf531743,First Baptist Church,,-101.83700868761822,35.22742607868855,48,4803000,Amarillo
church_overture:47cc4445-ca00-4031-bde0-e5389ab1b945,First Baptist Church of Adamsville,,-86.95380815,33.60228294,01,0100460,Adamsville
church_overture:47dc4520-51de-44f1-9f68-24a30d658030,First Baptist Church of Lake Placid,,-81.36354665970869,27.29581340405808,12,1238625,Lake Placid
church_overture:47ea30d3-2118-46ae-a129-dbf221a00df3,First Baptist Church,,-70.698387,43.085818,23,2337375,Kittery Point
church_overture:47f0ea5d-bd56-47a0-ba62-521faa079986,First Baptist Church,,-91.68704614,29.93258897,22,2238075,Jeanerette
church_overture:47fca6d7-f17b-4909-b160-fe7dda23ff32,First Baptist Church,,-70.77692736,42.21590258,25,2549165,North Scituate
church_overture:480c2ca1-d8f3-407b-bd39-09d0f4dcb2c0,First Baptist Church Stanfield,,-80.41935,35.23134,37,3764460,Stanfield
church_overture:4820b163-80bd-411e-8e18-28e1322df9f3,First Baptist Church Of Brockton,,-71.03028764539265,42.07069307103225,25,2509000,Brockton
church_overture:482145ca-b8ff-426f-89d3-35c91bbda9fa,First Baptist Church,,-79.56964805,35.84199205,37,3738100,Liberty
church_overture:482d7eb9-8430-4382-ac0c-f1acbaff6d56,First Baptist Church of Dallas,,-96.8892559233,32.6516861099,48,4819000,Dallas
church_overture:483a074a-517c-49a3-aac3-6b045f2dbb0f,First Baptist Church,,-86.94853,31.84974,01,NA,NA
church_overture:483a33df-e75c-4eec-b3c4-5f7a3ece790e,First Baptist Church,,-82.2651618175,37.6458217555,21,NA,NA
church_overture:483b67b9-74bf-4b93-ab6e-bf2810edbad9,First Baptist Church,,-79.81914066,37.81641706,51,5117440,Clifton Forge
church_overture:4854ffac-692b-47eb-90e3-330773a7283e,First Baptist Church,,-97.30416161,31.20639124,48,4873748,Troy
church_overture:48555a62-e25c-4f91-8213-efe354bda123,First Baptist Church of Branford,,-72.78681121418153,41.27367799093453,09,NA,NA
church_overture:485ebb6f-d2e3-4302-9d37-4b9b62263beb,First Baptist Church Coldwater,,-89.97610805870852,34.687873559933855,28,2814900,Coldwater
church_overture:48606e84-ef87-479a-b33e-9d1ff93d8b3d,First Baptist Church New Albany,,-82.808233,40.087158,39,3953970,New Albany
church_overture:48735428-760e-4d44-ab33-5223aba76827,First Baptist Church,,-76.375491,43.082524,36,NA,NA
church_overture:489041b9-8eb6-44d5-a487-35dbd4908b5a,Silas First Baptist Church,,-76.57285356,39.09435891,24,2471200,Severna Park
church_overture:48905390-d0e3-401c-9d57-edbeea6ae6c4,First Baptist Church,,-78.48950991,38.03117897,51,5114968,Charlottesville
church_overture:4892b1f6-4290-4758-b652-c79e36c635a7,First Baptist Church,,-84.12517163,36.37852249,47,4740180,La Follette
church_overture:4897b210-7d44-4213-955d-9a08e87d133b,First Baptist Church,,-87.26670098,41.57002543,18,1841535,Lake Station
church_overture:48a81670-9da5-4f2a-a5f5-c5e09b5e4ba7,First Baptist Church of Jerome,,-91.97856534,37.92328929,29,NA,NA
church_overture:48ad0169-41bd-471d-a619-3553a13c9f6c,First Baptist Church Sarcoxie,,-94.13154637,37.06957132,29,2965990,Sarcoxie
church_overture:48ae49fa-bce4-433c-941d-b34486589062,First Baptist Church,,-78.45990872,36.79917901,51,5114984,Chase City
church_overture:48c0a653-c8b4-4edf-8178-54f45dc1459c,First Baptist Church,,-105.59692202,34.24863734,35,3517680,Corona
church_overture:48d724bb-efa2-460e-8469-fe611f2d1ea4,First Baptist Church Cushing,,-96.73649259,35.98577346,40,4018850,Cushing
church_overture:48d858c5-d08b-4f6c-8f69-205235ca55cd,First Baptist Church,,-97.19096842,32.50539382,48,NA,NA
church_overture:48df7f54-7e7d-4eaf-94d5-c537b6fd5c7e,First Baptist Church,,-75.6437631,40.24450102,42,4262416,Pottstown
church_overture:48f7e0da-911e-4e7a-9bf7-da5eb37b6f4c,Talladega Springs First Baptist Church,,-86.44336693,33.12099014,01,0174616,Talladega Springs
church_overture:4910e79b-aa98-42e9-8522-363ab7a575db,First Baptist Church,,-97.24360017,37.48498603,20,2049100,Mulvane
church_overture:491b28ff-fe93-4a37-88ed-2dd15e362494,First Baptist Church of Pelham,,-86.80650074,33.30262239,01,0158848,Pelham
church_overture:492503e7-4f01-428a-9d0e-e47d54e8332a,First Baptist Church,,-87.68342000974577,37.18052507369608,21,2120224,Dawson Springs
church_overture:49337ac5-8cdd-42b1-ba9f-136e3865bf33,First Baptist Church,,-97.273414,28.29900094,48,4861436,Refugio
church_overture:494e762c-7105-469d-b94a-66176e386ad5,First Baptist Church,,-88.1653407,38.98952302,17,1752844,Newton
church_overture:494e8eb1-aebe-4933-b5bc-3ad4a288adf0,First Baptist Church Lockesburg,,-94.16893942,33.96401039,05,0541090,Lockesburg
church_overture:49613c24-8654-4f56-b7b5-49d0c0f7e5bd,First Baptist Church,,-94.34829515,32.76037616,48,4837528,Jefferson
church_overture:4964aba4-44b9-4f1f-b7fa-74f190c464ff,First Baptist Church,,-75.81386374111207,40.86214756002676,42,4253088,Nesquehoning
church_overture:496eac0b-94e7-4ae5-91b6-9f1b9b73da98,First Baptist Church,,-80.78471348,37.04919574,51,5164880,Pulaski
church_overture:4973a7c1-9a27-4fbb-bf93-f4a9f63d40dd,Young America 1st Baptist Church,,-86.34752947414357,40.56967144263793,18,1886156,Young America
church_overture:4988cbb3-739d-46b0-a8dc-3ab6258028fd,First Baptist Church of Ross,,-84.65028737,39.31896954,39,3968602,Ross
church_overture:498da8b5-a8ed-4cc5-863d-1d25d4b3950b,Ingold First Baptist Church,,-78.3477799,34.83842235,37,3733640,Ingold
church_overture:498f7f89-998f-45e0-9eea-61793ec73a4c,First Baptist Church,,-93.6483280648548,45.751917770052486,27,2742110,Milaca
church_overture:4997dc4a-0eb3-464d-be59-ebfb007eac3e,First Baptist Church Opelika,,-85.37719411,32.64581863,01,0157048,Opelika
church_overture:499c82aa-b614-4fba-91a2-05f764761480,First Baptist Church,,-84.537257,41.457171,39,3909792,Bryan
church_overture:499fb705-bfbb-4c36-8299-71d41874c7bf,First Baptist Church,,-85.85310034,37.68590884,21,2124274,Elizabethtown
church_overture:49a127bb-122c-4a8a-9ba4-d71cc9436fe5,First Baptist Church of Vermilion,,-82.34314122,41.40641668,39,NA,NA
church_overture:49a5380e-6a66-4402-a618-b4ba7fbfdc22,First Baptist Church of Glenn Heights,,-96.845458,32.560239,48,4829840,Glenn Heights
church_overture:49afb91b-d581-482c-b0f5-b4472ee765e1,First Baptist Church of La Marque,,-94.96509614,29.36973594,48,4841116,La Marque
church_overture:49bb0233-f072-4ffc-968d-ff78fb27caad,First Baptist Church of Zeeland,,-86.02578771,42.81198934,26,2689260,Zeeland
church_overture:49bb1154-5f7c-45de-b133-f79cb9fda5c6,First Baptist Church,,-94.92549645,41.54540998,19,1908200,Brayton
church_overture:49c44113-4994-4f67-9049-1c3b9db99aa1,First Baptist Church Brooklyn,,-76.6046839,39.23445517,24,2404000,Baltimore
church_overture:49caeb20-1f77-4745-8a59-921ade16570d,First Baptist Church,,-89.147705,31.72553,28,2839640,Laurel
church_overture:49daee4a-dd3a-4a15-9a02-c7b81524d341,First Baptist Church,,-76.9253032,36.22485426,37,3753680,Powellsville
church_overture:49e27ba2-d349-4219-abe3-23db4f91e345,First Baptist Church of Sparland,,-89.45023414,41.03539595,17,1771422,Sparland
church_overture:49eda2f5-e6d5-478e-83b5-dade4c27a578,First Baptist Church,,-96.63841143928634,39.84152068952437,20,2045050,Marysville
church_overture:49f3f4d4-f8fe-408a-b7b1-39ed6ed505f9,First Baptist Church,,-69.20247049666176,44.01977645642688,23,NA,NA
church_overture:49f518a7-a36b-44e3-8aae-ffcbc5b34c70,First Baptist Church,,-81.9422874795593,28.056806533148656,12,1238250,Lakeland
church_overture:4a0a79b8-d80e-4ab8-9931-85ea067905a7,First Baptist Church,,-82.23760731409939,39.46083322378145,39,3953886,Nelsonville
church_overture:4a0f42ac-05b8-4cb8-93cc-fa5b91f670c3,First Baptist Church Of Beloit,,-89.03001639,42.50090704,55,5506500,Beloit
church_overture:4a1b832c-4105-4b5d-bc4a-18a7e0beea68,First Baptist Church,,-71.07707552,42.77958122,25,2529405,Haverhill
church_overture:4a230c75-a46c-4678-95da-acbb4ef0be99,First Baptist Church of Aptos,,-121.90807268101243,36.980629617353515,06,0602378,Aptos
church_overture:4a275589-c9af-4ccd-8a94-625584612c4d,First Baptist Church,,-87.673849,34.803074,01,0126896,Florence
church_overture:4a2b807c-0972-40ec-96c9-012319b8ede5,First Baptist Church,,-94.41203229,37.08250139,29,2920314,Duenweg
church_overture:4a459eee-6453-4d74-927a-0d24bffcc019,First Baptist Church,,-95.40901923,32.51501998,48,4842820,Lindale
church_overture:4a464c95-e40e-43d6-b192-9a7998ff77ad,First Baptist Church,,-97.05990456,27.83164732,48,4858808,Port Aransas
church_overture:4a4e4040-07d9-4733-b3cf-1e3fe846079f,First Baptist Church,,-84.34112244,42.88645664,26,2644200,Laingsburg
church_overture:4a5299e4-756a-4196-b5a9-fb92fc1c21e4,First Baptist Church of Pasco,,-119.13725164,46.2384668,53,5353545,Pasco
church_overture:4a5fdce4-1ae6-4969-a651-e013f8ed93f0,First Baptist Church of Akron,,-81.572892,41.11588,39,3901000,Akron
church_overture:4a621ace-cb5e-47ae-9b1e-215f7c5e90cb,First Baptist Church of Winter Garden,,-81.58428695,28.56632972,12,1278250,Winter Garden
church_overture:4a63a8d4-07e5-4256-94ff-93294116b9b8,First Baptist Church Braddock,,-79.86468533,40.41843676,42,4208008,Braddock Hills
church_overture:4a63cd01-020a-4331-ae28-5b99d328731f,First Baptist Church,,-83.68485,32.62295,13,1314920,Centerville
church_overture:4a6f7e7d-048b-4825-a912-24d3bdfa4aae,First Baptist Church,,-99.83035649,32.27620831,48,4811128,Buffalo Gap
church_overture:4a76b666-3438-436f-902e-bc21580bc155,First Baptist Church,,-95.5565002012614,33.66894932131964,48,4855080,Paris
church_overture:4a84091f-704a-4197-be5f-5e33a63fbc98,First Baptist Church,,-76.06201407,42.19486463,36,NA,NA
church_overture:4aae4384-86f8-49b7-9598-7b5b3090b6f9,First Baptist Church,,-91.02232498,38.82793652,29,2981124,Wright City
church_overture:4aae545a-7ee6-404f-abee-1d66fc782e06,First Baptist Church of Polkville,,-89.6887181,32.260066755146,28,NA,NA
church_overture:4ab6e1d7-7a1a-4fe3-9cdd-eaf694942e55,First Baptist Church of Scottsmoor,,-80.875471,28.768415,12,1264625,Scottsmoor
church_overture:4abe9fc5-efd9-4450-9a50-99f6f02e5f01,First Baptist Church,,-78.86311203,38.45474939,51,5135624,Harrisonburg
church_overture:4ac2ced4-c63e-4a8a-9951-73ee090412b5,First Baptist Church,,-74.00688,40.22256802,34,3401960,Asbury Park
church_overture:4ac64e69-158b-4b67-ba14-70e044b4f1d4,First Baptist Church-Port Charlotte,First Baptist of Pt Charlotte,-82.122218,27.009942,12,1258350,Port Charlotte
church_overture:4acda9e3-1ade-4e24-944d-fac665b5593b,First Baptist Church Of Racine,,-87.82482775,42.69547637,55,5566000,Racine
church_overture:4acfae12-e890-438b-ae61-fb6c94159270,First Baptist Church,,-78.01632863,42.30677331,36,3602176,Angelica
church_overture:4ad73c16-3f27-4478-a3f1-6f19f5d2c163,First Baptist Church,,-85.90351259946368,30.230970471656942,12,1254725,Panama City Beach
church_overture:4ae0e492-b38b-4e7a-9281-92053f98fcce,First Baptist Church,,-86.95259162,33.43236331,01,0109400,Brighton
church_overture:4ae473a7-4f17-436f-b03d-e6cd04eddd03,First Baptist Church,,-94.02904445321987,40.270199621101895,29,2905068,Bethany
church_overture:4aed7fd1-637a-49d7-8a29-af91d4f29ba7,First Baptist Church,,-85.66121695,36.35549186,47,4728420,Gainesboro
church_overture:4b077803-3d5b-46ff-b5e6-91e4880a593c,First Baptist Church,,-88.46390717,39.80195328,17,1702882,Atwood
church_overture:4b09f719-1795-4f0f-bf58-7c27c0121995,First Baptist Church of Putney,,-84.12680051,31.47545478,13,1363084,Putney
church_overture:4b0b5ab9-3d69-4210-8331-98d983afa1c2,First Baptist Church,,-72.25652553498708,43.545859153113966,33,NA,NA
church_overture:4b12d0f2-f767-4c40-be33-c1fdb89b9e08,First Baptist Church,,-84.91042397,33.17220978,13,1339244,Hogansville
church_overture:4b144f29-a224-41c1-8633-9b6a42682cc0,First Baptist Church of Sperry,,-95.99582952,36.29725835,40,4069300,Sperry
church_overture:4b14744f-2246-4b66-8fd8-b3536c2a3465,First Baptist Church,,-81.17215087,35.31178819,37,3716180,Dallas
church_overture:4b19dec9-7a41-48f4-b59f-a245efd1a3ba,First Baptist Church of St. Petersburg,,-82.65882974,27.85327668,12,1263000,St. Petersburg
church_overture:4b1fa734-222f-4bc0-8bcb-dd0be863a01d,First Baptist Church,,-88.36391125,39.46384975,17,1747553,Mattoon
church_overture:4b2436e2-4348-451e-a2d9-2b2b9f8051c5,Robersonville First Baptist Church,First Baptist Church Of Robersonville,-77.256799,35.824107,37,3757100,Robersonville
church_overture:4b311958-966c-4f94-93f6-37119255e68b,Iuka First Baptist Church,,-88.23847591,37.08024315,21,NA,NA
church_overture:4b358226-45f1-4078-a279-45b791194b58,First Baptist Church,,-102.83371596,32.96777907,48,4819984,Denver City
church_overture:4b456bb8-ffc7-4b29-ba4e-1f5951d522ad,Tacoma First Baptist Church,,-122.45185724,47.18034734,53,5370000,Tacoma
church_overture:4b4c988b-d3de-4bd3-8bfc-537b0b396225,First Baptist Church,,-88.05618688,38.37537242,17,1700568,Albion
church_overture:4b4da898-fd2e-4d5b-a6be-6b1bbd64fb4a,First Baptist Church of Maggie Valley,,-83.08872946,35.51749451,37,3740600,Maggie Valley
church_overture:4b52f82d-73ed-4ed9-ad31-c7f57a374c26,First Baptist Church Oak Ridge,,-84.24618865,36.01973375,47,4755120,Oak Ridge
church_overture:4b5376c4-4f15-449d-856b-6790cdd49651,First Baptist Church of Mt Pleasant,,-87.209322,35.533367,47,4751080,Mount Pleasant
church_overture:4b6202f2-6286-46a8-91ed-4be13fae3cc1,First Baptist Church,,-79.10289402,36.07484032,37,3731620,Hillsborough
church_overture:4b6321e1-7589-4270-843a-efb7d69153cd,First Baptist Church of Weedsport,,-76.56198967,43.0473038,36,3679015,Weedsport
church_overture:4b6783d7-d38c-49d3-8968-870a8c67f17a,First Baptist Church,,-77.44576024,41.13611546,42,4244128,Lock Haven
church_overture:4b67a06d-abe2-4ffb-a5ca-882b102f5706,First Baptist Church,,-83.16971313,38.30252788,21,2157918,Olive Hill
church_overture:4b730878-461c-4a74-8e94-f4ff320955ca,First Baptist Church,,-75.31565153,39.74420132,34,3471850,Swedesboro
church_overture:4b7fd257-3d16-48ed-a0eb-fc75f5211f19,First Baptist Church,,-89.587297,41.980907,17,1760937,Polo
church_overture:4b937548-ab02-4b54-9cf5-db3644975bc4,First Baptist Church of Cobden,,-89.25600181,37.53063399,17,1715300,Cobden
church_overture:4b949470-212c-4f91-b95a-92c0bb785153,First Baptist Church,,-85.62968455,41.08430996,18,1871612,South Whitley
church_overture:4b963a84-56b5-4713-a5a8-b1d229971001,First Baptist Church,,-99.75711243,36.31603786,40,4028250,Gage
church_overture:4b9ea652-cb06-431e-bfaa-f71af337ca72,First Baptist Church,,-80.14110168,26.00829839,12,1232000,Hollywood
church_overture:4bad4a7a-91bb-458f-a4b2-ebb2ea1cd104,First Baptist Church,,-95.10388333,33.3644246,48,4871732,Talco
church_overture:4bade737-3175-4e49-988e-c7480c8b9f67,First Baptist Church of Owosso,,-84.17149233,42.99971461,26,2661940,Owosso
church_overture:4bb434f7-fc68-4d15-9c0a-983382dfa26f,First Baptist Church of Sharpsville,,-80.47002195,41.26031397,42,4269800,Sharpsville
church_overture:4bb5ec1e-a9d5-4a41-9255-c3c6c91be84e,First Baptist Church of Vidor,First Baptist Church,-94.01375887,30.12842337,48,4875476,Vidor
church_overture:4bbd4e83-924c-4c1f-a247-bce71ca5eb44,Cleveland First Baptist Church,,-82.51389595,35.06664887,45,NA,NA
church_overture:4bc23f31-d9d9-42d4-8ffe-c108043090f6,Southside First Baptist Church,,-94.56085236,39.03573234,29,2938000,Kansas City
church_overture:4bc44c86-1f8e-41f4-ba6f-479f0d6c9753,First Baptist Church,,-109.34065815183325,37.87920157006139,49,4951580,Monticello
church_overture:4bc49250-2b24-4886-9e39-d235b3af41b3,Monticello First Baptist Church,,-90.12215489,31.56076468,28,2848560,Monticello
church_overture:4bcd10cc-8fbc-406f-abcb-a2bde57ba496,Camden First Baptist Church,,-86.53750004664809,40.608803252110945,18,1809910,Camden
church_overture:4bd0fd0b-1b10-46b1-b80a-e27355860d7d,First Baptist Church,,-97.60123554,33.21369471,48,4819528,Decatur
church_overture:4bd863ee-ea26-48cb-b544-c44f745e17f3,First Baptist Church of Santo,,-98.21640582,32.60185652,48,4865780,Santo
church_overture:4c0fab11-7578-46c5-b93c-5cb378a8ca54,First Baptist Church,,-82.10903575,40.96905201,39,3984196,West Salem
church_overture:4c1206c7-a67c-4a70-9d43-4e748fdbd9e1,First Baptist Church,,-91.66891751,39.42882506,29,2957080,Perry
church_overture:4c1ee434-1ab0-4f2f-9e43-28ae42300f21,First Baptist Church,First Christian Church,-94.45249705,39.56485875,29,2958250,Plattsburg
church_overture:4c231502-98c7-4f42-a39b-3ede6d923529,McDowell First Baptist Church,,-82.74014454,37.45491518,21,2148954,McDowell
church_overture:4c2c5b5a-2650-4a00-832e-7276424bd9d1,Arnett First Baptist Church,,-99.77236602,36.13686952,40,4002800,Arnett
church_overture:4c2f9cd8-7543-4dab-9851-6908c88b833f,First Baptist Church of Newcomerstown,,-81.60880746,40.27375391,39,3954432,Newcomerstown
church_overture:4c353a5a-653d-45b7-8c28-cd24fa6132aa,First Baptist Church,,-71.10520369,42.52469238,25,2556165,Reading
church_overture:4c37b8f9-77d8-459e-a2a0-fe110e6c554d,First Baptist Church,,-85.27730775,40.55408404,18,1850796,Montpelier
church_overture:4c3ade65-c936-4f94-83e5-2ef52d165eec,First Baptist Church,,-122.67924958685754,42.1784921708997,41,4103050,Ashland
church_overture:4c5967ea-df85-4189-9a60-51d359063576,First Baptist Church,,-112.45408781,42.86413385,16,1664090,Pocatello
church_overture:4c617bef-94f8-4226-bdc3-e0a2591ff833,First Baptist Church,,-94.35648517,33.93960831,05,0533310,Horatio
church_overture:4c64a86a-3b91-457f-8739-591228a13d6c,First Baptist Church of Haughton,,-93.50156383,32.53143661,22,2233420,Haughton
church_overture:4c797e9f-112a-4ce7-b108-83be4a68e76e,First Baptist Church,,-118.902236,36.44431,06,0678638,Three Rivers
church_overture:4c8e3cd9-7144-44cc-a89c-500b1f4c701b,First Baptist Church,,-89.67008,30.54367,28,2857160,Picayune
church_overture:4cc06ae4-995b-426e-bd2e-55574b4d4261,First Baptist Church,First Christian Church,-94.61972089,35.05370541,40,4060350,Poteau
church_overture:4cc4189c-3831-473f-8710-aaa18436b985,First Baptist Church,,-97.07800017,36.7019331,40,4059850,Ponca City
church_overture:4cc5d66f-0697-496e-a5cf-fe7c91c71ad9,First Baptist Church,,-90.653819,34.544438,05,0531190,Helena-West Helena
church_overture:4cc8aaf0-fc16-4301-8dcb-6eaa1b95a3ad,1st Baptist Church,,-86.202289,33.613421,01,0164920,Riverside
church_overture:4cdda2ae-e5f6-45b3-88c0-a644f034bf48,First Baptist Church,First Baptist Children’s Center,-82.98886162,35.48856735,37,3771500,Waynesville
church_overture:4ce41bd4-58fb-4e0f-94bc-2e2e84957e1d,First Baptist Church,,-98.97124584,35.5140434,40,4015400,Clinton
church_overture:4cf1744b-b969-41ef-85a2-0f9614a58aaa,First Baptist Church,,-123.88717731,46.98294524,53,5332300,Hoquiam
church_overture:4cf1ca41-7457-469a-bbee-4e32d210eb4b,First Baptist Church,,-85.39533609,29.94229858,12,1244300,Mexico Beach
church_overture:4d11ecd1-e6fc-4773-801e-a48e03b57260,Barton First Baptist Church,,-89.67702998,34.97003188,28,NA,NA
church_overture:4d196e0f-e8f6-4823-80e2-dcc8d757c1ea,First Baptist Church,,-86.95740347,38.29584088,18,1835284,Huntingburg
church_overture:4d1bf1b9-2d7b-49ef-99bd-a881cf3b3c38,First Baptist Church of Conway,,-77.22602596,36.44515818,37,3714400,Conway
church_overture:4d1dadfd-22c2-425f-9fc2-02a98987bfd1,First Baptist Church,,-86.33267980150877,41.334881342032,18,1860822,Plymouth
church_overture:4d24c4e2-6f56-4778-9d73-32642de3e6f5,First Baptist Church of Hope Mills,,-78.92853344,34.96603328,37,NA,NA
church_overture:4d29b91c-2880-4314-8318-3312ffdf3868,First Baptist Church,,-96.67111472,30.9815243,48,4811992,Calvert
church_overture:4d397105-cfed-4315-b58a-1528f1d97e9c,First Baptist Church,,-71.45089412,41.57175609,44,NA,NA
church_overture:4d402fdb-73e9-47ad-ba46-264df7252892,First Baptist Church,,-99.87052354,43.37298773,46,4672180,Winner
church_overture:4d4625d2-158f-4730-833e-8126e981032f,Mount Vernon First Baptist Church,,-84.79075304,33.36976407,13,1355020,Newnan
church_overture:4d5d003f-f73e-4cf7-8172-edf0c46861b6,First Baptist Church,,-85.8423086,40.2734561,18,1821070,Elwood
church_overture:4d60e3f2-ac63-4b91-a7a7-483a96ebe6ae,First Baptist Church of Kenton,,-89.01203147,36.2016383,47,4739140,Kenton
church_overture:4d6cc65f-f8fb-48c1-bf24-9ebb32b1904d,First Baptist Church of Olathe,,-94.78274009,38.85556458,20,2052575,Olathe
church_overture:4d737a61-9d3d-46d4-ad91-c10c8264fd3e,First Baptist Church,,-97.73293001951677,44.87342724627472,46,4612180,Clark
church_overture:4d99ee3e-b8ac-4309-822c-a060d727bbf3,First Baptist Church of East Aurora,,-78.59824013,42.77853257,36,NA,NA
church_overture:4d9f448e-3255-4ca6-928a-573a6b550642,First Baptist Church,,-87.78031,30.8938,01,0104660,Bay Minette
church_overture:4d9fd14b-6056-47c1-a2a1-64cf07f63be9,First Baptist Church,,-77.06490253,41.6811553,42,4207160,Blossburg
church_overture:4dc636ef-c522-4131-a063-575fb2d78f4f,First Baptist Church,,-74.04623052,42.51576387,36,NA,NA
church_overture:4dc912ee-81b6-466c-b277-08685e62c162,First Baptist Church Livermore Falls,,-70.18857739,44.47477428,23,2340735,Livermore Falls
church_overture:4dcedc2e-845b-4002-adfd-62c68a50e564,First Baptist Church of Goodrich,,-83.50609065,42.94440848,26,NA,NA
church_overture:4ddb38f1-b9af-4857-9c41-48414ebe9d43,First Baptist Church,,-122.2325901,48.503056,53,5363210,Sedro-Woolley
church_overture:4ddc5050-6849-4f7f-8e98-f534077e2240,First Baptist Church,,-84.60181055358305,40.12853811868759,39,NA,NA
church_overture:4ddc5860-bf10-4381-a736-147cb8e02db5,First Baptist Church of Hiawatha,,-95.530465,39.842278,20,2031675,Hiawatha
church_overture:4de5a413-c267-4348-8de8-d1b567813f44,First Baptist Church-Rosiclare,,-88.340423,37.426819,17,1765897,Rosiclare
church_overture:4df4af15-71c9-4fa2-8b69-48f86d0d4bf7,First Baptist Church of Waimea,,-155.664889,20.023475,15,1578500,Waimea
church_overture:4dff4166-4b87-4ba4-b9db-76821f453cea,First Baptist Church,,-118.95466552,44.41631102,41,4137550,John Day
church_overture:4e0d0927-f4d3-425c-aae7-615d371ff791,First Baptist Church,,-86.68907398,33.69091646,01,0160648,Pinson
church_overture:4e0e7405-47b8-4259-acba-f8207c21f1e2,Jacksonville First Baptist Church,,-85.759158,33.824726,01,0138272,Jacksonville
church_overture:4e118a8d-9463-4184-96c6-52f522a4bbb8,First Baptist Church,,-85.37614980395041,30.797190108764166,12,1214850,Cottondale
church_overture:4e1ebb42-0010-4d60-bbf4-491c7a92e1e1,First Baptist Church,,-80.26072937,35.80128945,37,3738060,Lexington
church_overture:4e20146a-c823-4868-9a73-420908aa64cc,First Baptist Church of Vincentown,,-74.75092392,39.93783665,34,3476040,Vincentown
church_overture:4e221c30-31c6-4e04-9696-99e1cfd8d92f,First Baptist Church,,-91.66114381,31.85320118,22,2270245,Sicily Island
church_overture:4e30fcce-bab7-4437-816d-1d0c3f317456,First Baptist Church,,-94.92164631,38.81237189,20,2025425,Gardner
church_overture:4e465432-c786-4032-886c-2299452d641a,First Baptist Church,,-82.39365882,39.53547647,39,3944632,Logan
church_overture:4e4b33b3-e7ba-477f-8d5f-3fac4fcb3f1f,First Baptist Church,,-74.02046085,40.17951716,34,3404930,Belmar
church_overture:4e4ee9f7-9cc5-4753-ad55-5a4941b5d7c4,First Baptist Church Elliston,,-80.22487001,37.2154886,51,5125488,Elliston
church_overture:4e5c7503-3f56-4994-a65a-e2797c99b308,First Baptist Church of Hanson,,-70.85005639,42.0428408,25,NA,NA
church_overture:4e665b97-9def-4b13-8838-b49db2be882e,First Baptist Church,,-97.51184097,31.42090794,48,4853520,Oglesby
church_overture:4e7e27de-a3f3-4418-b0e9-dbe05d35aa38,First Baptist Church,,-90.60436928,29.7281681,22,2263155,Raceland
church_overture:4e86e4da-d885-4249-815d-8b2740522b65,First Baptist Church of Howell,,-83.92765113,42.60824523,26,2639540,Howell
church_overture:4e8b5e2e-b8f6-4252-a58b-15c9919a9a1e,First Baptist Church,,-97.29760831,29.69650132,48,4876024,Waelder
church_overture:4e8f8896-8bdf-4bd4-b845-5fea9b001b51,First Baptist Church,,-86.0680714,31.41478401,01,0123296,Elba
church_overture:4e926f5c-271f-478b-b5c8-19e10c6b4441,First Baptist Church,,-96.50733765,35.8017624,40,4020300,Depew
church_overture:4e961276-2011-4d6b-abac-abf7fca1afea,First Baptist Church,,-90.18518688,35.14873323,05,0574540,West Memphis
church_overture:4eafabbc-eec9-4448-88f3-9ade19464179,First Baptist Church of Golden,,-105.21618875,39.75033574,08,0830835,Golden
church_overture:4ecf7972-b245-47f5-a753-1997154ce407,First Baptist Church,,-85.01422224,41.95343994,26,2617020,Coldwater
church_overture:4ed058db-c148-441f-945e-5585fbb7d551,First Baptist Church of Cutler,,-89.56258868,38.03293548,17,1718225,Cutler
church_overture:4ef919cf-11e3-4055-a25c-860de3aeeb48,First Baptist Church,,-87.8105625,41.69145306,17,1757394,Palos Hills
church_overture:4efb6170-880b-4d1b-b7d5-e9db46d5f81b,First Baptist Church of Cole,,-97.57469898,35.10256931,40,4016200,Cole
church_overture:4f0fd0b6-7246-46a9-b43e-3af389030314,First Baptist Church of Mobile,,-88.05255501,30.6870975,01,0150000,Mobile
church_overture:4f1b8f70-18b3-4801-ac7c-70fdeebe22ea,Tylertown First Baptist Church,,-90.242428779602,31.033998027444,28,NA,NA
church_overture:4f1bc21f-8f3a-4107-b469-1d9c62e9de5c,First Baptist Church of Whitehall,,-73.3987885,43.55287461,36,3681622,Whitehall
church_overture:4f1d920c-c9e5-498a-a99a-70dde3e10206,First Baptist Church of Texline,,-103.02266212,36.37962483,48,4872476,Texline
church_overture:4f23fadc-448a-45c4-ad47-9fee7c2e23cc,First Baptist Church of Camdenton,,-92.74169258,38.00612525,29,2910810,Camdenton
church_overture:4f315586-9e44-4bed-816c-c1055e386303,First Baptist Church,,-117.93923114,33.77742014,06,0629000,Garden Grove
church_overture:4f344adb-cf0e-4969-8808-24003293a82f,First Baptist Church,,-106.06017887,34.75888227,35,3525380,Estancia
church_overture:4f3676db-7ccf-4e0c-8983-576c512a710d,First Baptist Church McIntosh,,-82.22276381,29.44957397,12,1242150,McIntosh
church_overture:4f3d0794-2752-41e5-aac2-41882e6e9db6,Salem First Baptist Church,,-123.03688379,44.94517489,41,4164900,Salem
church_overture:4f4364ac-2925-48cb-91e9-fe976edbcadf,First Baptist Church,,-101.8013329,39.77015771,20,2062175,St. Francis
church_overture:4f499f08-a963-44b9-9e5f-4e1736559b18,First Baptist Church Delray Beach,,-80.123221,26.43366,12,NA,NA
church_overture:4f4fc95f-c085-4e66-859d-843e2ae8c2a3,First Baptist Church,,-98.502021,29.534136,48,4865000,San Antonio
church_overture:4f54a128-b073-4249-8aaf-7990a1c649f7,First Baptist Church of Hayden,,-86.75593713,33.89122454,01,0133640,Hayden
church_overture:4f63f947-045a-4424-9a66-eb633a4b3aa1,First Baptist Church of Holly,,-83.63027727,42.81184336,26,2638700,Holly
church_overture:4f706c74-21d2-4266-9c4c-8efc44223a0d,First Baptist Church,,-83.51435454283589,40.80339275310105,39,3927636,Forest
church_overture:4f75ef1e-f4cd-4f43-9330-776dce99c1ad,First Baptist Church,,-80.78245759,28.47558906,12,1258700,Port St. John
church_overture:4f7ab234-8379-4010-b85e-759f9a6007ce,First Baptist Church,,-100.01365357,32.46726985,48,4847796,Merkel
church_overture:4f7bcce0-a40a-4d9a-83b3-733f258773ef,First Baptist Church,,-79.0146466,34.6197823,37,3739700,Lumberton
church_overture:4f7e5484-14d2-4020-b240-bc5d28a850c2,Eddyville First Baptist Church,,-88.07650078,37.09648773,21,2123824,Eddyville
church_overture:4f926194-25dc-4324-8bee-868ff08845a5,First Baptist Church,,-86.56798276,36.00856993,47,4741200,La Vergne
church_overture:4fa304c9-a750-4195-a5c2-25663d54280b,First Baptist Church,,-94.10513559,31.52971476,48,4865024,San Augustine
church_overture:4fa9c6ef-3bc5-4095-bc8d-5937127b718f,First Baptist Church,,-94.82747565,30.92019556,48,NA,NA
church_overture:4fb0766b-6dae-4b45-8483-2ba3e9bbad3c,First Baptist Church Of Westland,,-83.3781129,42.3022892,26,2686000,Westland
church_overture:4fc00b88-1601-467d-8ba8-880c6e859582,First Baptist Church,,-74.64710106,39.53233408,34,3420350,Egg Harbor City
church_overture:4fe08251-ed4f-4aa7-a3e3-4dbf001b8834,First Baptist Church of Poway,,-117.03687,32.961267,06,0658520,Poway
church_overture:4ff849f4-7ffd-46f7-b71d-ef2ddb5fe51e,First Baptist Church,,-102.16213,33.81077,48,4803540,Anton
church_overture:5008cec5-ff9e-4bd8-8aae-bd326e6b269e,First Baptist Church,,-92.14196851,36.52172098,29,2903052,Bakersfield
church_overture:501190da-fa62-4c35-a605-6ce82bef6e0a,First Baptist Church,,-86.21684978,41.06375171,18,1865214,Rochester
church_overture:50198205-317d-4311-8008-844c9d81c018,First Baptist Church,,-89.95985829,35.17507706,47,4748000,Memphis
church_overture:5026dba9-b0fe-4bd7-8508-6084564b8625,First Baptist Church,First Christian Church,-97.19158703,35.66207438,40,4044500,Luther
church_overture:503c372f-20c2-4510-8fe2-97426089d851,Pittsburg First Baptist Church,,-95.8512699,34.71203874,40,4059350,Pittsburg
church_overture:504a1c1a-e327-44e0-a295-76b0c6bdd2bd,First Baptist Church Of McHenry,,-88.27620953,42.33474235,17,1745694,McHenry
church_overture:504f18cb-2fc5-461e-9172-34c58456db81,First Baptist Church,,-97.664451,27.794127,48,4862600,Robstown
church_overture:505dee59-3b29-4d67-a3c8-dc5b81f07381,First Baptist Church of Cayce,,-81.054602,33.975239,45,4512655,Cayce
church_overture:50683032-c377-431f-81bf-afb8f836831b,First Baptist Church,,-70.94358363,42.12745019,25,2500135,Abington
church_overture:506de684-09c5-4283-b47a-c268242cb1b0,First Baptist Church,,-85.84327929,42.16788253,26,2646500,Lawton
church_overture:507771cf-ba1b-4c36-9397-813552a9def1,First Baptist Church of Willow Park,,-97.6637034266,32.774405269,48,4879492,Willow Park
church_overture:50780436-0149-4dc3-9e86-619d46850680,First Baptist Church,,-97.16534277,33.49178227,48,4874756,Valley View
church_overture:507d16fc-eebe-4e6f-add9-c24a94be37da,First Baptist Church Oakley,,-84.422651,39.16350898,39,3915000,Cincinnati
church_overture:50848e70-3188-4eef-a54b-05c58d55d31d,First Baptist Church of Alabaster,,-86.827533,33.246774,01,0100820,Alabaster
church_overture:508fa30c-afba-4b72-aa3d-d75ea09544ce,Lockhart First Baptist Church,,-81.48425534,34.79653893,45,NA,NA
church_overture:50a072c0-36d9-435a-98d6-26b40688ad7c,First Baptist Church,,-100.29373002,31.88380569,48,4810528,Bronte
church_overture:50a29641-fce8-4255-8987-591df13a9829,First Baptist Church,,-81.850749,41.380931,39,3905690,Berea
church_overture:50a76c64-534e-43fa-8805-851625e68623,Ansley First Baptist Church,,-99.37937437,41.28811232,31,3101535,Ansley
church_overture:50a995c5-9459-45e3-b55f-b35105dc60f4,First Baptist Church,,-119.968657,37.490417,06,0645932,Mariposa
church_overture:50c20a3b-9438-432f-bf43-a0f15d819aca,First Baptist Church Gulf Shores,First Baptist Church Youth Department,-87.68813549,30.27506238,01,0132272,Gulf Shores
church_overture:50c496be-220c-4ee4-8208-ca1e10ae71d5,First Baptist Church,,-76.29154231,36.78660691,51,5116000,Chesapeake
church_overture:50c6b042-706a-4ca9-a2a8-7cefcd9f1acc,First Baptist Church,,-98.87002206,35.06987712,40,4030350,Gotebo
church_overture:50df6a90-0888-41d5-9f74-737024e5f06c,First Baptist Church,,-96.62716314,28.62586781,48,4858916,Port Lavaca
church_overture:50e50f05-bd2a-463d-b148-a4c39666a3b2,First Baptist Church of Painesville,,-81.25097847,41.69953594,39,NA,NA
church_overture:50fadb00-386c-44b4-ae8d-dd583b5093a3,Flintville First Baptist Church,,-86.42311908,35.05981833,47,4726580,Flintville
church_overture:50fc1a03-8bbf-4382-bdfe-2e02f274669b,1st Baptist Church Bonne Terre,,-90.55370594,37.92253681,29,2907102,Bonne Terre
church_overture:51006688-82da-43d8-a0a1-182c91d3579c,First Baptist Church,,-96.65786316,39.68020245,20,2007650,Blue Rapids
church_overture:51017b4f-5298-416b-b17b-33c46a211fce,First Baptist Church of La Center,,-88.98085750365767,37.071483109906005,21,2143336,La Center
church_overture:510cff11-f3e8-4d49-a074-1edced2ffde4,First Baptist Church of Murphy,,-84.03443833,35.08101602,37,3745660,Murphy
church_overture:510f50f9-8baa-493d-ab66-f3d145a850ff,Orofino First Baptist Church,,-116.304597,46.49454,16,1659320,Orofino
church_overture:5111b88e-acfb-4df7-87fb-853d3c5470cc,First Baptist Church,,-83.61968504,41.0565443,39,3927048,Findlay
church_overture:51148ced-481d-467f-aaf1-0ea0c25ef2f7,First Baptist Church,,-92.53745424,42.84784004,19,1963210,Plainfield
church_overture:51231cb5-7b49-4ea6-bf8c-1ae9136f2f54,First Baptist Church,,-96.9051509,33.6575738,48,4878532,Whitesboro
church_overture:513b93e9-2903-47a2-aa47-6d5ecab03f08,"First Baptist Church, Crane",,-93.56281684502446,36.89012983489759,29,NA,NA
church_overture:5140ea3a-0dff-4a13-9ae7-9aaed85b41e9,First Baptist Church,,-95.741560557233,29.289296026825003,48,4819108,Damon
church_overture:514fad42-e6c4-41cb-b68f-4a376200e609,First Baptist Church,,-94.46403138,44.30607811,27,2746042,New Ulm
church_overture:516585e9-462e-441b-86cf-168684323943,First Baptist Church,,-102.22203486,31.12981044,48,4845432,McCamey
church_overture:51659e20-3f4b-4783-857b-3d4cdecf6ef0,First Baptist Church of Dundee,,-81.61939527,28.02373875,12,1218550,Dundee
church_overture:5169b444-9545-4303-9c51-fbdc582bc054,First Baptist Church,,-89.92282824479143,39.873174907258296,17,1760599,Pleasant Plains
church_overture:516ce0e6-f5c9-4604-9e73-7468ea550392,First Baptist Church,,-96.57073749,33.85554699,40,4012550,Cartwright
church_overture:5176c077-f084-4199-b3ba-080c1abb99cc,First Baptist Church,,-80.11649966,35.23423808,37,3747980,Norwood
church_overture:517792e2-bffd-4af1-81c7-71e5d6d411f9,First Baptist Church,,-103.66111641,30.35941797,48,4802104,Alpine
church_overture:5178064f-0127-4e48-b310-d2ef705d09fa,The First Baptist Church of Indiahoma,,-98.75176687,34.6190623,40,4036850,Indiahoma
church_overture:517c0ea5-eec0-4a7d-92ae-df15ae870c02,First Baptist Church of Sterling Heights,,-83.067583,42.538395,26,2676460,Sterling Heights
church_overture:5185bd6f-f46d-407b-affe-7302b3b5b7d8,First Baptist Church Coleman,,-99.42157074,31.82877787,48,4815916,Coleman
church_overture:51920433-5925-4d19-9601-ee515a179d9c,First Baptist Church,,-91.4723096,43.26279762,19,1982740,Waukon
church_overture:519cd386-2919-4eff-84a5-41b34fb80043,First Baptist Church,,-95.07269295,36.80365978,40,4006950,Bluejacket
church_overture:51acc735-0f51-4df7-97ef-588ee8e0eeca,First Baptist Church,,-82.95133784,42.46412376,26,2624290,Eastpointe
church_overture:51b7e30f-875c-4845-b5a0-a69f81a18549,First Baptist Church of Fannett,,-94.251702,29.923825,48,4825404,Fannett
church_overture:51b88ffc-0529-41ba-95b2-c31fc346ef23,First Baptist Church,,-93.88424086,42.06351567,19,1907480,Boone
church_overture:51c42b9a-6e40-45f2-8c2d-8b9ee9d91b1a,First Baptist Church,,-84.34588699,37.35591263,21,2154174,Mount Vernon
church_overture:51cbac33-a22e-482a-8d6b-9361997ff840,Mims First Baptist Church,,-80.84736999,28.66366552,12,1245775,Mims
church_overture:51cdb1a8-d449-4a84-ae6e-73fb37319ea9,First Baptist Church,,-84.046397,39.935039,39,NA,NA
church_overture:51d6723a-5e38-4d02-a3a2-28cfe18d7308,First Baptist Church,,-89.10431435,41.352884,17,1742184,LaSalle
church_overture:51d87631-fdeb-43bf-82a2-2cd48009d500,First Baptist Church,,-81.20348664,35.41012885,37,3731440,High Shoals
church_overture:51dbddd0-f6a5-42df-b2f1-64f9e14127a1,First Baptist Church,,-94.18909279,45.08628523,27,2712430,Cokato
church_overture:51f6535d-0c35-4980-81c7-fc087af02e1f,First Baptist Church,,-85.87193802,39.233373,18,1814734,Columbus
church_overture:5200909f-c8c6-43f4-a77b-57ff7c0dcb05,First Baptist Church,,-82.49465387,34.52078107,45,4505365,Belton
church_overture:520559a7-7cd6-428d-a2a8-a058bf65b93b,First Baptist Church,,-114.46223555713318,42.561305836910286,16,1682810,Twin Falls
church_overture:52095fb6-c9af-4665-b5d2-f3f32872384b,Silverhill First Baptist Church,,-87.75239437,30.54539215,01,0170536,Silverhill
church_overture:52182bc4-e9fb-4a40-ae00-473373740c71,Quitman First Baptist Church,,-92.212993,35.383897,05,0557950,Quitman
church_overture:5226a35d-7068-47d0-9799-90cfdacf6dd3,First Baptist Church,,-86.96054755,33.62866349,01,0131384,Graysville
church_overture:523daba8-a117-4073-8d81-45a1722af127,First Baptist Church,,-92.2638238,37.95605758,29,2917344,Crocker
church_overture:52483b13-673c-40d3-a0df-be774ccb82d5,First Baptist Church of Roebuck,,-81.95241371964015,34.89759951062245,45,4561720,Roebuck
church_overture:524d8ba2-b69c-4b2d-870b-ee49dac14ae0,First Baptist Church of Canby,,-96.27224335,44.70920408,27,2709604,Canby
church_overture:5253afd6-ccac-4f65-b77c-15b4a94a4979,First Baptist Church Coleman,,-82.06733823,28.80126279,12,1213400,Coleman
church_overture:525cd7c6-aac3-4065-8113-d09512209c6f,First Baptist Church,,-90.37316724934497,29.56727614095118,22,2242135,Larose
church_overture:5261bc2f-8c20-49d6-a458-0fbe29f00cf7,First Baptist Church,,-95.47948741,30.53515188,48,4851396,New Waverly
church_overture:5266185c-1e64-4863-a58b-71635a07954a,First Baptist Church of Burlington,,-79.052278,39.1826289,54,NA,NA
church_overture:52675513-155c-4cb5-bcc3-88908afe8628,First Baptist Church of Mariposa,,-119.98400473,37.50354591,06,0645932,Mariposa
church_overture:5268cbc4-b1e1-4e9e-b2c0-7c97699882c3,First Baptist Church,,-84.132031,36.101302,47,4715580,Clinton
church_overture:527aeb57-7f6b-455e-84cf-b0d29a4d1278,First Baptist Church,,-87.64919258,41.62277982,17,1733383,Harvey
church_overture:527d01d4-8695-43e8-b9db-94a59a123a3b,First Baptist Church,,-92.96690808,37.96669238,29,2945218,Macks Creek
church_overture:5282394d-2a2e-4757-9d13-05316128ebab,First Baptist Church,,-109.67751594392489,48.54728703663373,30,3035050,Havre
church_overture:52863902-2c59-46b8-869d-9c4cadf5fbd0,First Baptist Church Eads,,-89.6439877,35.20482909,47,NA,NA
church_overture:5292efdf-dbfd-4b7f-be4d-035bb8a7e1d2,First Baptist Church,,-83.84455783,38.74717781,39,3967272,Ripley
church_overture:52a7a1a7-6407-4d62-9d45-1bfc4b61e3be,First Baptist Church,,-73.86590334580157,42.20931291517858,36,3613002,Catskill
church_overture:52b3f18e-c8ca-46fa-a51c-0b4fbae391a7,First Baptist Church,,-89.014998,39.626848,17,1751232,Moweaqua
church_overture:52bfd8c6-4e8e-403d-b89a-cf76c989cd05,First Baptist Church,,-69.816375,43.91445165,23,2303355,Bath
church_overture:52c5949e-5b70-4ac7-b545-122b67e6c722,First Baptist Church,,-87.455473,40.768065,18,1839546,Kentland
church_overture:52cc8b87-efb4-4571-9eda-2a4a6b1e90f3,First Baptist Church,,-98.05998963,43.00866806,46,4602900,Avon
church_overture:52cce898-284a-45fa-bacb-0e12559c38f2,First Baptist Church,,-82.005702,39.938194,39,3988084,Zanesville
church_overture:52ebbaab-ffde-457f-80d1-a398446c53cc,Beckley First Baptist Church,,-81.19142071,37.775555,54,5405332,Beckley
church_overture:52ee2610-961e-4ae8-8f04-12554573778c,First Baptist Church of Perry,,-83.72906131,32.45949782,13,1360340,Perry
church_overture:52f715b0-5042-4205-bfe0-a29d7df5463a,First Baptist Church Sayre,,-99.63983586,35.29623121,40,4065700,Sayre
church_overture:52f978ce-1fcf-4958-812f-0e74da63517b,First Baptist Church,,-83.71413484,33.79185521,13,1352192,Monroe
church_overture:5307f21b-a20c-4e16-b1c9-7c3607ec361f,First Baptist Church Of Sonora,First Baptist Church,-85.8966269,37.5279989,21,2171724,Sonora
church_overture:530b4b30-0e20-4b85-a9d1-ef97b3b6bd7c,First Baptist Church,,-119.29540481,35.96676442,06,0657512,Pixley
church_overture:530fd378-d2f9-45ed-87a9-9a5a8bbae1a8,First Baptist Church,,-98.35361,40.930171,31,3119595,Grand Island
church_overture:531e71a7-9a75-4d7e-b71b-7c2c3295d258,First Baptist Church Herrin,,-89.02451879,37.78907128,17,1734358,Herrin
church_overture:5324d162-5124-4726-bfb4-ed0f08378d2e,First Baptist Church of Homeland,,-81.82803838,27.81928146,12,1232250,Homeland
church_overture:532b8f1d-664f-45d1-93ad-48e98bef1133,First Baptist Church,,-90.97129705,36.26473342,05,0556540,Pocahontas
church_overture:532d7da8-b249-4655-953c-e5a0bf120ce7,First Baptist Church-southport,,-85.643848,30.2874702,12,NA,NA
church_overture:535234b5-f7ef-489c-8b77-1f953c5bfd99,First Baptist Church,,-121.696714,39.35894,06,0631260,Gridley
church_overture:5356cb70-acf5-4d15-9327-2a409564d11d,First Baptist Church,,-93.57569766,33.38331081,05,0539640,Lewisville
church_overture:53620ab7-123a-4b64-9c96-59f1824be868,First Baptist Church,,-85.8277324994203,33.27494740805218,01,0102860,Ashland
church_overture:536532ce-c0d9-4e31-9504-8091747e1c84,First Baptist Church of Dawes,,-88.25444157,30.60782431,01,NA,NA
church_overture:538369bd-b720-418f-9f10-dd28bb96f617,First Baptist Church,,-92.49424258,33.77448171,05,0569050,Thornton
church_overture:538674b6-b395-4bee-8a36-69c21630226e,First Baptist Church,,-85.00590943,39.42005092,18,1808182,Brookville
church_overture:538809fa-6d9c-443e-b1ac-6202be5dee72,First Baptist Church,,-93.48138955,31.5676745,22,2248470,Many
church_overture:539b7b96-c64a-465d-8a56-55687c63a693,First Baptist Church Bright,,-84.8557127,39.24151622,18,NA,NA
church_overture:53a79270-c552-4cf9-a389-28c63fe0b3ea,First Baptist Church of West End,,-79.56826,35.243683,37,NA,NA
church_overture:53b818e3-5ad1-4022-add5-d5fe68d84855,First Baptist Church,,-78.561874,35.587746,37,NA,NA
church_overture:53dd6a43-2b9f-46c6-b9db-012319d5fd45,First Baptist Church,,-83.06017083,34.76465871,45,4574095,Walhalla
church_overture:53e50267-185a-4248-a9f7-c19b47ce661b,First Baptist Church,,-83.17635779,43.5986304,26,2613880,Cass City
church_overture:53eef095-9497-4e32-8fc7-472ad60183f1,First Baptist Church-maplewood,First Baptist Church,-93.3178027,30.2272015,22,2273640,Sulphur
church_overture:53f6b705-3627-48de-a756-46f54a6a164c,First Baptist Church,,-71.12862909,41.81590601,25,NA,NA
church_overture:5410e7fa-5e31-4dab-a995-e86d31b61cd2,First Baptist Church,,-89.340081,37.76741654,17,1751453,Murphysboro
church_overture:5412ad6e-2462-49c1-beca-0c4d3ba56cb0,First Baptist Church,,-151.073403,60.485562,02,0271640,Soldotna
church_overture:541771c4-8e0f-4161-bbdc-aca294bad58d,Shannon First Baptist Church,,-86.87314658,33.40268403,01,NA,NA
church_overture:541c1622-78da-40df-9e9c-763f4ae7b19a,First Baptist Church of Stanfield,,-111.96333385,32.87467293,04,0469130,Stanfield
church_overture:542055f6-3215-4176-87fb-73bfdc1921dc,First Baptist Church of Englewood,,-73.99025875,40.89834588,34,3421480,Englewood
church_overture:54243d2d-7782-4af9-b2d8-9f5cd6aa0036,First Baptist Church,,-82.52408242,27.86558988,12,1271000,Tampa
church_overture:5429a5d1-de97-46e9-8f76-f95f45b8d621,First Baptist Church of Wahneta,,-81.72630658,27.94969997,12,1274775,Wahneta
church_overture:54323561-37d3-403a-a68e-fc84285de932,First Baptist Church,First Baptist Church of Chesilhurst,-74.86639414,39.73200602,34,3412550,Chesilhurst
church_overture:543c4a60-9d11-4ca4-a8bd-7b2ceb12baec,First Baptist Church,,-97.99758895,34.16580454,40,4079250,Waurika
church_overture:544027d6-42e4-4241-b278-43aa78fe76ec,First Baptist Church,First Baptist Weslaco,-97.98966565,26.15490763,48,4877272,Weslaco
church_overture:5440539e-d9ac-40b0-a2a5-5e6c8f9f8344,First Baptist Church Pea Ridge,,-94.13311817284351,36.44348967523097,05,0554200,Pea Ridge
church_overture:5458d309-824a-4cf4-91e5-4643cd1f0eaf,First Baptist Church,,-92.743436,38.972754,29,2907318,Boonville
church_overture:5462aeb6-1f0d-4daa-9fe5-972cb21ef6ce,First Baptist Church Of Roy,,-112.0290643,41.1592861,49,4965110,Roy
church_overture:546389cb-20c9-455a-b33a-826fb88058c7,First Baptist Church,,-90.48882532,36.05703506,05,0553390,Paragould
church_overture:54651fe7-e63f-40a6-a3af-be4344f596d6,First Baptist Church of Pekin,,-86.00729794,38.49568461,18,1853388,New Pekin
church_overture:546f9919-60d6-457d-a7f2-f760c6cc9967,First Baptist Church,,-94.880882690000007,39.75824842,20,2020950,Elwood
church_overture:546fdf0e-e679-4564-a489-34a3914f223f,First Baptist Church,,-98.49644927,33.90815259,48,4879000,Wichita Falls
church_overture:547a4f6b-0cba-4256-852a-9ba2766dc9e2,First Baptist Church Strawn,,-98.49655002261512,32.55280653729002,48,4870580,Strawn
church_overture:547ce1f2-58e2-4816-980f-8617df69d6e8,First Baptist Church of Inverness,,-82.33252,28.834852,12,1233950,Inverness
church_overture:547e8e33-f172-4f27-8ede-8b2816dd3c82,First Baptist Church,,-80.40811891,41.65679585,42,NA,NA
church_overture:54859a85-e9ed-4a54-aacc-08c078c9da0d,First Baptist Church,,-85.86439553,41.78818622,26,NA,NA
church_overture:54860c1c-2276-40df-affe-62d614e2641f,First Baptist Church of Moffat,,-105.90553228,37.99823747,08,0851250,Moffat
church_overture:549db07b-8537-4aa0-8c80-db1a8550b862,First Baptist Church,,-97.67767567,28.25368679,48,4868132,Skidmore
church_overture:54a0aa26-03e7-4f45-800a-d6371a158b9f,First Baptist Church,,-92.65711559,45.40744462,27,2764318,Taylors Falls
church_overture:54b6270c-2fa8-4686-9a8e-c303f77df053,First Baptist Church,,-123.210382,39.15181,06,0681134,Ukiah
church_overture:54bea3e1-7dfe-42a9-bdf0-d94bde9a5f30,First Baptist Church of Whitefish,,-114.33724676,48.38734585,30,3079825,Whitefish
church_overture:54c30c85-2e92-474a-ab71-a455eb61bce8,First Baptist Church,,-89.65116351,39.17869668,17,1743965,Litchfield
church_overture:54dba3b0-96af-4dec-9287-96af5ccd0eca,First Baptist Church of West Point,,-120.53201362,38.40087638,06,0684732,West Point
church_overture:54ec9ce9-10e6-4e18-929a-085adea711b0,First Baptist Church Elk Grove,,-121.39733177240431,38.43196326016035,06,0622020,Elk Grove
church_overture:54efc9f5-8eda-408c-af04-bbf2fb808729,First Baptist Church,,-82.33774851,32.5961278,13,1374964,Swainsboro
church_overture:5507b4f2-6351-46a0-9149-289a257a4a44,First Baptist Church,,-107.92702543,38.90077293,08,0812635,Cedaredge
church_overture:550eaec3-1278-4834-bb80-6ed1578158a9,First Baptist Church,,-94.66352537,39.14511416,20,2036000,Kansas City
church_overture:5519ccd6-5812-4b9e-93db-75a03e23b20a,First Baptist Church,,-123.2355222,46.8398651,53,5350430,Oakville
church_overture:5520e9de-234a-4633-9dc9-11a655dc5380,First Baptist Church,,-95.70656216,37.2212843,20,2033875,Independence
church_overture:55210f8b-5280-4339-af5c-ee73161b8091,First Baptist Church of Pageland,,-80.39161296,34.7665021,45,4554025,Pageland
church_overture:55231fc9-6ca0-4886-9afa-c899db6f1018,First Baptist Church Reeltown,,-85.80070102,32.61072877,01,NA,NA
church_overture:552ae264-6075-47d2-b22d-e8279e3454ad,First Baptist Church,,-81.85131184,27.22994111,12,1201750,Arcadia
church_overture:552d2efc-105e-4806-951a-76d513257bd5,First Baptist Church Galena Park,,-95.23533942,29.73332583,48,4827996,Galena Park
church_overture:552f5551-2aa0-4e5d-ba39-735f86d224dc,First Baptist Church,,-87.54004088,41.53586956,17,1745421,Lynwood
church_overture:55345f15-c5e2-4093-9199-6e1788aaabb1,First Baptist Church,,-86.90499489,34.36741994,01,0125648,Falkville
church_overture:5538d09c-b42f-4e57-85bb-e09507700df1,First Baptist Church,,-94.39368203,29.56704547,48,4809250,Bolivar Peninsula
church_overture:55428cb3-7202-4cb4-87b7-63bdb4cbc589,First Baptist Church of Fort Worth,,-97.270549039187,32.840404222103,48,4831928,Haltom City
church_overture:555d4f5a-dacb-4c2e-a029-ba66360326dd,First Baptist Church,,-80.56560068,37.11569832,51,5165392,Radford
church_overture:5564a492-a63e-48a5-87c7-ec7430561a34,Lupton First Baptist Church,,-87.40895742424986,33.92430028288504,01,NA,NA
church_overture:556966d2-8481-4f1b-b20f-20e910251217,First Baptist Church of Greenwood,,-82.1631094,34.20606187,45,4530895,Greenwood
church_overture:55813a1f-1145-49e5-8456-1c0ea134da59,First Baptist Church,,-97.86099647,32.97141353,48,NA,NA
church_overture:5584ce54-8d28-45bf-8cf9-cd2292b36042,First Baptist Church of Palm Bay,,-80.5941953861487,28.027731023808663,12,1254000,Palm Bay
church_overture:5592fb3c-d9a7-4e0a-a836-c9be21f9d93b,First Baptist Church of Woodbury,,-75.1479787,39.8441289,34,3482120,Woodbury
church_overture:55a6f545-80e9-4dd9-9b05-43921e169dfc,First Baptist Church,,-91.845536,33.940099,05,0566440,Star City
church_overture:55ac8c6a-705f-46fa-a39b-aa76c41ce037,First Baptist Church,,-85.38959099,35.37275128,47,4722000,Dunlap
church_overture:55c1424d-430c-4937-b357-44564d17687e,First Baptist Church,,-89.89557,35.364949,47,4749060,Millington
church_overture:55cf8231-adf2-451e-8d14-62f822e3667a,First Baptist Church,,-91.4409076,30.69217897,22,2255105,New Roads
church_overture:55d375d3-ae45-4629-a96b-f82d03fe6bdd,First Baptist Church,,-88.97964823,39.90607379,17,1718823,Decatur
church_overture:55d438f3-ee68-4ef5-9e35-0bfef6a76395,Taylors First Baptist Church,,-82.31096,34.91954,45,4571395,Taylors
church_overture:55dafc6a-fd58-4102-933d-da9beaade561,First Baptist Church of Macon,,-83.63426381,32.83609808,13,1349008,Macon-Bibb County
church_overture:55e0cccb-a9f2-4d40-8d97-b42497181737,First Baptist Church,,-95.254461,30.006733,48,4835348,Humble
church_overture:55e5d156-e88b-4e8e-84f0-ca4a380f5073,First Baptist Church of Esto,,-85.64662021,30.98348211,12,1221250,Esto
church_overture:55ed0fb2-20bb-49fd-bff3-30863bd91701,First Baptist Church,,-92.10097003,46.71964911,55,5578650,Superior
church_overture:55f56f55-b794-4d70-9df5-b4dd2390199b,First Baptist Church Willimantic,,-72.21126085,41.71177123,09,0985810,Willimantic
church_overture:56143d8a-1c2b-4930-ba4b-0625307e7fc2,First Baptist Church,,-101.21864517,48.51114599,38,3830580,Glenburn
church_overture:561eff09-b1bb-4fca-bb05-ea97930d31f1,Tullos First Baptist Church,,-92.32924348,31.82002776,22,2276615,Tullos
church_overture:56231d65-0971-448f-b4a3-47b8e88e11b9,First Baptist Church,,-86.283513,37.884545,21,2139664,Irvington
church_overture:56255e31-2240-4988-a70f-ebaa5b28229a,First Baptist Church,,-96.30717106,35.43062749,40,4054200,Okemah
church_overture:563235cb-3470-4c27-a3b5-697f72710166,First Baptist Church,,-93.77612219288997,38.26259557237829,29,2918730,Deepwater
church_overture:5632647d-dd16-4c34-9a4d-83ebde35f1f3,First Baptist Church Gordonville,,-96.85388159,33.79849697,48,NA,NA
church_overture:56626b0a-7086-453d-b51e-1b1825b3788b,First Baptist Church of Draper,,-79.70801632,36.51456918,37,3720080,Eden
church_overture:566f6101-fa8a-45c5-8e7f-60e70d8f6abd,First Baptist Church,,-84.59836892,39.00522419,21,2124778,Elsmere
church_overture:5672c846-b273-401c-9f57-f4bad226e6e8,First Baptist Church Seymour,,-83.75098883,35.86549581,47,4767200,Seymour
church_overture:567de8f6-a0ed-402d-98ce-94b08b8d16e6,First Baptist Church Brunswick,,-81.49205857,31.14717449,13,1311560,Brunswick
church_overture:568ecd90-380a-4f8a-b4bd-20751004e808,First Baptist Church,,-102.34744385,31.38264553,48,4817516,Crane
church_overture:5692d314-3450-47a8-bdf5-0313f9dbc68a,First Baptist Church,,-94.97654424,32.27567043,48,4854432,Overton
church_overture:56938430-2726-4a73-9c5d-acc903e0d99a,First Baptist Church of Wakefield,,-71.07264902,42.50564784,25,2572250,Wakefield
church_overture:56ac77c8-a956-450b-825f-4b26683a70c7,First Baptist Church,,-79.76735244,34.19312741,45,4525810,Florence
church_overture:56b56944-fbaa-4d87-b08f-5e10cd4e5559,First Baptist Church of Wauchula,,-81.83248817,27.54575903,12,1275375,Wauchula
church_overture:56ccebd6-0910-4de0-9184-a3167308b173,First Baptist Church,,-86.48279503,31.4056312,01,0128936,Gantt
church_overture:56cfb247-8398-4d1a-8a90-9f63b5cf942c,First Baptist Church Mooresville,,-80.87586,35.8217,37,NA,NA
church_overture:56e0976a-c264-4fc0-8754-8d73116f63a1,First Baptist Church,,-95.45913934,29.35341105,48,4863332,Rosharon
church_overture:56f7302d-4ddc-4257-a824-feb39c537805,First Baptist Church,,-91.74455425,30.6958383,22,2249730,Melville
church_overture:56f7b37d-5af7-464d-a7fe-4a7c84e2e5db,First Baptist Church of Collingswood,,-75.06617051,39.9168144,34,3414260,Collingswood
church_overture:570d8e61-8fb7-4d40-861e-841ce0027b27,First Baptist Church,,-103.41603477,35.36465271,35,3542040,Logan
church_overture:57163fda-911b-4882-b2c2-816c0f37fb07,First Baptist Church of Mart,,-96.83196543,31.54343995,48,4846824,Mart
church_overture:57187593-bb96-4d0f-86e2-485a8df86fc4,First Baptist Church,,-98.584202199999993,37.29043069,20,2045500,Medicine Lodge
church_overture:5718d68c-c7b9-46d1-b4bd-f57ae81ba6d0,First Baptist Church,,-113.06738418,37.68112786,49,4911320,Cedar City
church_overture:5722cf8d-3c08-4368-8d26-949340e378dc,First Baptist Church Palm Beach Gardens,,-80.09560789,26.85324529,12,1254075,Palm Beach Gardens
church_overture:572f8421-1793-4851-ac90-986e31795b48,Magazine First Baptist Church,,-93.8066985,35.15238212,05,0543310,Magazine
church_overture:5745beca-5846-496a-954a-64ad90e7b955,First Baptist Church,,-80.63037992,40.36307152,39,3974608,Steubenville
church_overture:5747b998-8dd7-4a96-91ac-5aeea696c7a5,First Baptist Church,,-89.91691997,36.45210574,29,2926974,Gideon
church_overture:5755a37a-0bec-4271-9f38-040ef44b1f5e,First Baptist Church,,-90.0952525,35.67504546,05,0536310,Keiser
church_overture:577037a6-f212-4c12-97de-0e6b9bcc7b47,First Baptist Church,,-85.69284319,42.46027269,26,2661620,Otsego
church_overture:5773a71d-d305-4981-bfce-1ed0f62ec635,First Baptist Church,,-88.98794989,36.12721037,47,4765760,Rutherford
church_overture:5774021d-0fd7-41c6-8915-23a1bc3b6552,First Baptist Church Richburg,,-81.02006096158739,34.7199294567375,45,4559920,Richburg
church_overture:57829062-4262-4239-b011-6a651f520988,First Baptist Church,,-90.38419853,43.33809029,55,5567625,Richland Center
church_overture:57860f2d-4657-425c-bd6c-9bc3cc4f4d9d,First Baptist Church,,-85.05434435,42.79956171,26,NA,NA
church_overture:57871c4d-493f-466f-bb80-655567221f73,First Baptist Church of Shallotte,,-78.37046264,33.98583659,37,3760800,Shallotte
church_overture:5789a6b7-2e14-44b6-97e6-c97a63612792,First Baptist Church,,-81.082673,39.507051,39,NA,NA
church_overture:579bcc97-7257-49ba-a99f-73c99dcc015b,First Baptist Church,,-75.46837529,39.57242755,34,3465490,Salem
church_overture:57a0563b-e661-41b4-9dc4-0866efd6bebd,First Baptist Church Ansonia,,-73.064167,41.339302000000004,09,0901150,Ansonia
church_overture:57a5dcb0-6300-4c09-9389-73e8458997b1,First Baptist Church - Hollister,,-93.20171131952412,36.62287733085761,29,2932662,Hollister
church_overture:57b0b96b-759f-4550-8bc6-0bc925918e9e,First Baptist Church,,-94.57441533,32.50520656,48,4831904,Hallsville
church_overture:57b119c9-2b79-4f75-8731-fb71284c9b16,First Baptist Church,,-96.18667435,37.12878566,20,2063750,Sedan
church_overture:57ba2834-a496-46d4-97db-fe8a1c8dfd1c,First Baptist Church Lexington,,-81.27537,33.98049,45,NA,NA
church_overture:57c1c004-479c-42d3-9f85-284110140244,First Baptist Church of Linton,,-87.1372297,39.03962858,18,1844190,Linton
church_overture:57c86e45-b42f-4039-a4b6-9137faebefdc,Carey 1st Baptist Church,,-100.32688041,34.47139057,48,NA,NA
church_overture:57d42487-c223-450a-83be-abcc519f564e,First Baptist Church,,-78.97308303,34.80454811,37,3758720,St. Pauls
church_overture:57d57abd-1b99-4c9f-be0c-1efe369e2f9b,First Baptist Church,,-122.31232810851796,47.202278761790765,53,5356695,Puyallup
church_overture:57da7335-16e5-4521-9c2d-57c3f85e7c41,First Baptist Church,,-86.47065782,33.78119707,01,0172600,Springville
church_overture:57dedc03-e594-446e-8490-4aa40f5617f9,First Baptist Church-citrus Park,,-82.573237,28.138018,12,1236462,Keystone
church_overture:57e8f1c5-ef37-480e-982a-685276a2424d,First Baptist Church,,-93.84416722,38.7423722,29,2912682,Centerview
church_overture:5801b4a7-adac-4882-99a2-d243bf5346d4,First Baptist Church,,-89.154002,45.1388561,55,5502250,Antigo
church_overture:5802c3c4-2126-41c7-8268-42222dae0d07,First Baptist Church,,-91.96499043,30.14673692,22,2210075,Broussard
church_overture:580e3c59-b5df-499e-8bed-f1577b0d03f0,First Baptist Church,,-82.7188336236069,28.251552525102635,12,1248500,New Port Richey
church_overture:582c1f26-081c-4328-a4f5-ee5e5c972134,First Baptist Church,,-92.4898837,36.2842349,05,0526050,Gassville
church_overture:5838074e-3924-4340-bb07-3d312edf9978,First Baptist Church,,-82.05648362,36.19330374,47,4763840,Roan Mountain
church_overture:583bf470-b64e-429b-8069-49d4daca0824,First Baptist Church,,-74.812085,40.123501,34,3423820,Florence
church_overture:584671b7-3afb-4dc6-aa8a-20adeaf71128,First Baptist Church,,-100.1405627,36.43253905,48,4826328,Follett
church_overture:5848b368-ef9d-4690-ad0d-12da23d4392f,First Baptist Church,,-119.4568793806918,36.61073266025802,06,0660242,Reedley
church_overture:5853059d-4408-4e56-bf7d-fb4a49763fdc,First Baptist Church,,-98.04621812,32.5209136,48,4842940,Lipan
church_overture:5855a254-74aa-4341-9c81-6711c1d63143,First Baptist Church,,-80.12026059,35.63300641,37,3716980,Denton
church_overture:585841a4-145d-4047-b592-f43ac728215f,First Baptist Church of Seaford,,-75.57864419,38.64086432,10,NA,NA
church_overture:585ba014-98b4-4196-aaa3-9e97c99013bd,First Baptist Church of Chesapeake,,-81.53211738,38.22067333,54,5415028,Chesapeake
church_overture:585ba700-2576-4173-b73c-06eec4811408,Cold Springs First Baptist Church,,-85.14908186059446,35.658457353719356,47,NA,NA
church_overture:5865e1e1-84ce-4c92-8636-b3099b0e7649,First Baptist Church,,-93.05524628,32.79004666,22,2235870,Homer
church_overture:586ca3dd-94b2-4465-802c-812a0c550955,First Baptist Church,,-90.50233164,30.63310799,22,2237025,Independence
church_overture:587d73b4-f604-4f81-a92d-966a22f07235,First Baptist Church,,-84.299033,33.922226,13,1324768,Dunwoody
church_overture:58a55bd5-0830-4e27-96e1-ebf3824d9afe,First Baptist Church-McConnell,,-81.96653812,37.82392065,54,5449732,McConnell
church_overture:58a78a7a-8cca-4da7-adcf-1dd532ca5f98,First Baptist Church,,-122.9082975,46.27633517,53,5310565,Castle Rock
church_overture:58bec996-6f75-4731-b2a6-c59154a307ad,First Baptist Church,,-104.79704419,41.14610095,56,5613900,Cheyenne
church_overture:58cb693c-bc44-47cf-a898-51bc8b4cb08e,First Baptist Church,,-87.56854586,37.96821234,18,1822000,Evansville
church_overture:58cdcf07-bc9b-4400-8aff-0267edd31a67,First Baptist Church of Clarksville,,-90.903307,39.368567,29,2914194,Clarksville
church_overture:58da1f5a-5536-4650-bc22-9ff83a5c80b9,First Baptist Church,,-112.0849539,38.77529728,49,4963570,Richfield
church_overture:58e20782-ff2b-4b9b-adb3-13382453ac33,Mantachie First Baptist Church,,-88.49489035,34.32797325,28,2844920,Mantachie
church_overture:590c708a-3699-40cb-9b0a-b14745c1f6e6,First Baptist Church of Apache Junction,,-111.55725409,33.41285771,04,0402830,Apache Junction
church_overture:590f991a-89ce-494f-9dcd-bb293b3b21a1,First Baptist Church,,-81.35203742,38.8028387,54,5475820,Spencer
church_overture:59105f93-add3-4ea0-a76a-f78bca1f60ad,First Baptist Church,,-83.05094465,42.92856789,26,2601660,Almont
church_overture:59120c9a-f596-4c5a-8013-ff219fbe01a4,First Baptist Church,,-71.97982797,43.41279,33,3352020,New London
church_overture:59136812-231a-47b9-a760-d78e8f8c6f08,First Baptist Church,,-98.388807,30.5864894,48,4830584,Granite Shoals
church_overture:591c77b6-5bda-408f-b3a5-c7378f9909ff,First Baptist Church,,-81.86883149,35.33470322,37,3724080,Forest City
church_overture:5944e022-dc10-4c71-8405-14cfac0d022c,First Baptist Church of Trenton,,-84.46123742,39.4733379,39,3977322,Trenton
church_overture:59480aa6-ddc5-4602-bec7-84fcef1562d5,First Baptist Church,,-113.678153,42.616212,16,1670660,Rupert
church_overture:594ae6d7-b2e9-42d3-a6ab-64840d4307bd,First Baptist Church,,-79.16687205,42.54323494,36,3667411,Silver Creek
church_overture:5960fc08-e4fe-4b18-afb2-48f6e11965e8,First Baptist Church of D'Iberville,,-88.890465,30.428355,28,2819180,D'Iberville
church_overture:597749fc-7990-4309-b3ac-024ccf4b25c2,First Baptist Church,,-89.02669207,37.77349232,17,1724166,Energy
church_overture:5984a027-41fe-45fa-9ed7-53f49fc25492,First Baptist Church,,-98.73728978,33.19368435,48,4850868,Newcastle
church_overture:5994177d-8a19-41c3-ae48-6b6d29e05b9b,First Baptist Church,,-118.29292851,37.16339717,06,0606616,Big Pine
church_overture:59999b88-4df8-4979-b337-4f2070c8529c,First Baptist Church,,-111.85290255,40.75279448,49,4967000,Salt Lake City
church_overture:599d7803-0188-4b0e-b0d7-fc2154906238,First Baptist Church of Arlington,,-122.12273056,48.19692222,53,5302585,Arlington
church_overture:59a4f403-c6ba-408c-b8dc-a7b3947166b1,First Baptist Church,,-84.36939439,41.26698849,39,3921308,Defiance
church_overture:59be2015-cc70-41d4-8577-ddb404037ae0,First Baptist Church,,-76.6820284,40.0114091,42,NA,NA
church_overture:59c0d5c4-e88f-44ca-b328-2070cac393c9,Baudette First Baptist Church,,-94.65143356,48.741668,27,NA,NA
church_overture:59c33646-71a2-4b76-86e4-41e02623d13e,First Baptist Church of Paramount,,-118.14816793508945,33.90329617212324,06,0655618,Paramount
church_overture:59d2444e-bce9-4fc3-9f31-63f62ea81e04,First Baptist Church of Welcome,,-80.259267,35.912821,37,3771760,Welcome
church_overture:59dcc825-6ee3-4841-89d2-8f6c56899dfa,First Baptist Church,,-108.08127248,36.80146256,35,3526360,Flora Vista
church_overture:59e36933-7faf-4bb8-9087-6500e72a4ac3,First Baptist Church,,-92.66506935,33.21199732,05,0521070,El Dorado
church_overture:59e592f5-a83d-4578-bbed-82166729296b,First Baptist Church,First Babtist Church Parsonage,-91.07206318,41.44532648,19,1955110,Muscatine
church_overture:59ea5844-4451-413c-87a6-e18ac7ff7352,First Baptist Church,,-107.25235189,33.12840088,35,3579840,Truth or Consequences
church_overture:59ecf903-a5a0-4643-8a57-76f25713b663,First Baptist Church,,-92.5660912,38.63130989,29,2910468,California
church_overture:59ed7bab-58c5-4c37-8aeb-ef549c4b77fa,First Baptist Church of Anthony,,-106.60502831,32.00237692,35,3503820,Anthony
church_overture:59f1a6b2-9a31-4e8c-9e05-0e7f646c266e,First Baptist Church,,-121.99061,47.216108,53,5322045,Enumclaw
church_overture:59fbf278-5580-4bd9-8ab0-2b415e4b790c,First Baptist Church of Red Oak,,-84.49168426,33.62740797,13,1372122,South Fulton
church_overture:59ff0408-57bd-4112-82ff-c652742eaa5c,First Baptist Church-Golden Gate,,-81.719518,26.179274,12,NA,NA
church_overture:5a031df3-031e-4e5c-92ba-db4f911821e7,First Baptist Church,,-79.771818,34.94096043,37,3757260,Rockingham
church_overture:5a17d9c4-ea9a-4539-b8be-7b2b9d56ec2c,First Baptist Church of White Plains,,-85.68730827,33.74599677,01,0182104,White Plains
church_overture:5a2bc3f9-5d1e-4b29-9adc-d8b2a1c142f0,First Baptist Church of Forks,,-124.38487243652,47.944557189941,53,5324810,Forks
church_overture:5a2c40fc-e15a-4c68-834a-1a46568d6f2b,First Baptist Church Of Flat Rock,,-83.26810031,42.09595015,26,2628360,Flat Rock
church_overture:5a3e1399-09b1-45b2-b35d-f0a9b1325554,Dora First Baptist Church,,-87.07945872,33.74018589,01,0121136,Dora
church_overture:5a4ab55f-7d08-42c0-a3a0-89e6323a4c88,First Baptist Church Maypearl,,-96.99284505,32.3186013,48,NA,NA
church_overture:5a4e9191-6fac-45c3-bb6e-a32a25cc68ed,First Baptist Church,,-99.17158021,35.45515427,40,4027450,Foss
church_overture:5a52f21f-3ca5-4600-a015-42b6f55d1b9f,First Baptist Church,,-96.02373587,32.17119988,48,4846224,Malakoff
church_overture:5a575ee9-98d1-4a15-8069-024d8de9e3ca,First Baptist Church,,-122.47789339,48.75299876,53,5305280,Bellingham
church_overture:5a746edc-486b-4413-a6e5-685de664e72e,First Baptist Church of Morgantown,,-79.9543317,39.6311478,54,5455756,Morgantown
church_overture:5a76fd1c-b960-4ff8-a81a-3581473eec75,Baxter First Baptist Church,,-85.63790427,36.15188473,47,4703680,Baxter
church_overture:5a8e46d8-5f22-4e89-b9d9-ab40c74bc5a2,First Baptist Church,,-96.37046195,30.14699972,48,4810156,Brenham
church_overture:5a9ede07-a0b8-4e83-a3a8-c550a5aae326,Owenton First Baptist Church,,-84.835723,38.5377614,21,2158692,Owenton
church_overture:5aa962f9-6625-4933-9c2a-0271e6e826e0,First Baptist Church,,-92.4299637,36.60263171,29,2926218,Gainesville
church_overture:5ab20184-62be-40c7-8e38-fda2589b68e8,First Baptist Church of Willow,,-87.86813215,41.73731147,17,1782049,Willow Springs
church_overture:5ab701aa-b587-49ec-9be0-36bd16d5e24a,First Baptist Church,,-93.32439712,35.28245212,05,NA,NA
church_overture:5ab76ac0-8be2-405f-b4e1-7e4f2b79e6fb,First Baptist Church,,-91.647739,37.178375,29,2971512,Summersville
church_overture:5ac5aedd-8167-4e7e-9673-510fc6b877ae,First Baptist Church,,-78.03098654,39.35190438,54,NA,NA
church_overture:5ad5c4b5-bce6-4e15-b3c5-b291a3b1be13,First Baptist Church,,-70.96000415,42.4637833,25,2537490,Lynn
church_overture:5ae58526-a560-48b1-8d92-d52dafad93e2,First Baptist Church of Scarbro,,-81.16672584668915,37.953988927890805,54,5472292,Scarbro
church_overture:5ae98e83-fb80-4819-9036-51dde19ac8c0,First Baptist Church of Effingham,,-88.54466636,39.11977376,17,1722736,Effingham
church_overture:5aed2223-7b8f-4e12-a228-f9435f91c12c,First Baptist Church of Boston,,-71.2005367,42.5496067,25,2580195,Wilmington
church_overture:5b001f4f-c9dd-4503-b620-d5ca3ee3b8cd,First Baptist Church,,-88.21041468514484,34.507295911161926,28,2805100,Belmont
church_overture:5b022e75-233b-4b22-865e-e6ff750aac70,First Baptist Church,,-90.58136165,30.34553098,22,2239685,Killian
church_overture:5b04b3ce-3935-4ea2-b31c-a2bd0befba38,First Baptist Church of Crofton,,-76.697724,39.004427,24,2420875,Crofton
church_overture:5b1392b9-b10a-4c23-af6f-304f0eebae9c,First Baptist Church,,-87.99053375,34.14015228,01,0132848,Hamilton
church_overture:5b332420-1d1b-4590-b64c-e26a629f92f9,First Baptist Church Fulton,,-88.87919798,36.5038091,21,2129566,Fulton
church_overture:5b4ca0bb-d58c-4947-bb0f-e03d3224b79d,First Baptist Church,,-85.97515509,38.08650576,18,NA,NA
church_overture:5b4d3d79-5158-478e-b6b3-8239d050c681,First Baptist Church of Cape May,,-74.82498598,39.08087732,34,3410300,Cape May Court House
church_overture:5b518f08-9a5c-40ce-b0b6-87cf111293b2,First Baptist Church,,-96.06096547,31.46286478,48,4811116,Buffalo
church_overture:5b546c9b-69f5-48a1-85c8-a49cd1e27bbc,First Baptist Church,,-80.00816091,35.96022442,37,3731400,High Point
church_overture:5b5542ab-19c3-4aa4-b54c-06add9b92ca5,First Baptist Church,,-80.3681717,34.990139,37,3741640,Marshville
church_overture:5b5d799c-4bf1-46e8-b29a-84559516b245,First Baptist Church,,-81.243528800000007,35.4592047,37,3738320,Lincolnton
church_overture:5b6644c9-6814-48d8-9aad-d4320b609084,First Baptist Church of High Falls,,-84.01113999611641,33.182848882425034,13,NA,NA
church_overture:5b6aac7f-b003-4fbd-9e82-dd118c78dd3c,Johnston First Baptist Church,,-81.80031426,33.83517625,45,4537150,Johnston
church_overture:5b6bdddc-841c-4c14-bad5-f042b3b8900f,First Baptist Church of Highlands,,-83.20041888,35.05420891,37,3731360,Highlands
church_overture:5b8584c6-4523-41cd-9123-21f15f8a439f,First Baptist Church,,-71.04276,42.257699,25,2541725,Milton
church_overture:5b8eb1ed-0201-4e40-8d64-bfe692dd522e,First Baptist Church,,-80.187566325668,40.26081098895498,42,4211152,Canonsburg
church_overture:5b8f3d78-224b-4957-a5ab-fdc9bd7d3f74,First Baptist Church Of Dillon,,-112.6377729,45.2157393,30,3020800,Dillon
church_overture:5b91320d-7249-426f-b75c-f17cbc0e03cf,First Baptist Church,,-84.2527177,38.20810667,21,2159196,Paris
church_overture:5b921901-0997-416b-9401-44fa17630c3e,First Baptist Church,,-88.99592654,36.06637079,47,4722180,Dyer
church_overture:5b9932ad-45d7-4fcb-85d4-786a06467e30,First Baptist Church,,-95.808261,29.556404,48,4863284,Rosenberg
church_overture:5b9f03d4-acc6-40b1-83ca-f6ca6b7cdd0a,First Baptist Church,,-80.00409806296206,40.252980239407385,42,4225944,Finleyville
church_overture:5bb9ca19-037f-4e76-bcf2-d80c11dc0ba4,First Baptist Church Of Benton,First Baptist Church,-92.588576,34.562076,05,0505290,Benton
church_overture:5bc0b07c-da2e-411a-bb88-ab5eda738050,First Baptist Church,,-95.24458375359735,37.56857770713843,20,2021500,Erie
church_overture:5bc8c9af-419e-46f9-a7ce-e5fc21fdf1b8,First Baptist Church,,-72.81525341,43.19364184,50,5067225,South Londonderry
church_overture:5bd1b9ff-59f5-4371-817e-bf15fe4006cb,First Baptist Church,,-104.68188275,34.93976391,35,3570670,Santa Rosa
church_overture:5bd9907a-ebc7-4105-b419-8f7580961450,First Baptist Church,First Baptist Blacksburg,-81.5166855,35.1203125,45,4506400,Blacksburg
church_overture:5be916db-a4f9-4f47-b958-189f33150195,First Baptist Church,,-80.07103046,26.48285598,12,1217100,Delray Beach
church_overture:5be9ae8e-3773-4f58-b546-7e762fb1189a,Sanford First Baptist Church,,-70.77562039,43.43909653,23,2365725,Sanford
church_overture:5c0d9e0b-4aa5-4fca-8d82-cfda02e21a94,First Baptist Church,,-83.49161628,36.12042802,47,4737960,Jefferson City
church_overture:5c119740-da2f-4a3d-b6fb-b36a1269c021,First Baptist Church of Carlyss,,-93.37587902,30.17458837,22,2212840,Carlyss
church_overture:5c156846-9e61-4ffa-ae93-25d0867aed93,First Baptist Church of Oak Hill,,-80.84771472,28.86430242,12,1250450,Oak Hill
church_overture:5c18bde7-b2c8-424d-8db8-dca472ac9521,First Baptist Church,,-82.64683922,34.50258187,45,4501360,Anderson
church_overture:5c20f69f-b843-4443-9bc7-c69698231cd0,First Baptist Church,,-115.34540825,47.59391782,30,3073825,Thompson Falls
church_overture:5c2a5533-42f5-47ef-b825-f4938cc881f0,First Baptist Church,,-95.44946949,32.79792941,48,4860188,Quitman
church_overture:5c2fd473-34ad-4dde-b5bc-41a0d3b75663,Pangburn First Baptist Church,,-91.8390892,35.42748806,05,0553240,Pangburn
church_overture:5c655a43-ae85-48c8-882a-3ba3be1b8983,First Baptist Church Rusk,,-95.145269,31.793039,48,4863848,Rusk
church_overture:5c6642ba-39e7-4652-afe4-e6d1fc4e26df,First Baptist Church,,-108.9039657,37.76432077,08,0821265,Dove Creek
church_overture:5c79a15f-abbc-4194-acb5-9bf78df4caad,First Baptist Church,,-69.00408599,44.42500745,23,2303950,Belfast
church_overture:5c826678-699a-4296-873a-a2edcd19690a,The First Baptist Church of Chicago,,-87.60269758,41.80393453,17,1714000,Chicago
church_overture:5ca83ac0-6edd-43d0-aa8d-060a9c2ebb11,First Baptist Church of Fincastle,,-79.870923,37.497707,51,5127824,Fincastle
church_overture:5cb58d31-8c1f-446b-b06d-d32d8b3fd9c5,First Baptist Church,,-89.32968024,41.71599167,17,1701270,Amboy
church_overture:5cc480ee-2cef-4e7d-a4ea-8d0952a9db2c,First Baptist Church of Chandler,,-95.299305,32.346837,48,4874144,Tyler
church_overture:5cc79cdf-bc51-471c-868f-6e9dba532abd,First Baptist Church Daingerfield,,-94.72359962,33.03080434,48,4818464,Daingerfield
church_overture:5cd86c1e-a47e-4e10-81b5-77e8d67fd7b2,First Baptist Church of Goliad,,-97.38975706,28.67998501,48,NA,NA
church_overture:5cdf171e-4dca-42e6-91e8-614deeefcec7,First Baptist Church,,-82.53299845,39.12217153,39,3982712,Wellston
church_overture:5ce47eb5-0e2d-4a3d-81b7-9fbfdb798850,First Baptist Church,,-101.86669554,34.74360141,48,NA,NA
church_overture:5ce67797-b619-4b46-bd0d-152861fe48a6,First Baptist Church,,-110.64168929,32.59380839,04,0463540,San Manuel
church_overture:5d0c497d-f203-4ffd-8716-ed0a41f06f6a,First Baptist Church,,-95.24880549,31.96410449,48,4837216,Jacksonville
church_overture:5d21f5ee-3d33-4ae3-ba6f-098b7e41ada7,First Baptist Church,,-84.01568046,39.83519389,39,3925914,Fairborn
church_overture:5d2301cc-42a5-4fab-a44f-31e4861eea87,First Baptist Church,,-93.206668,33.350041,05,0543100,McNeil
church_overture:5d3c4a8b-c441-49a6-b74d-e8ce835160a7,Flat Rock First Baptist Church,,-93.31521601545028,35.353166512887306,05,NA,NA
church_overture:5d4486e0-3f2d-487b-a0a0-3dcf86d82c85,First Baptist Church,,-90.09741983138098,38.08226731675328,17,1761639,Prairie du Rocher
church_overture:5d4b6f0e-3816-4b54-98b1-e54cac919970,First Baptist Church of Fairview Heights,,-90.00131008,38.59319861,17,1725141,Fairview Heights
church_overture:5d4db9c8-1db1-4f70-be77-47665f817114,First Baptist Church of Sandy Hook,,-83.124064,38.093614,21,2168556,Sandy Hook
church_overture:5d5a9256-9b0c-4a56-b32a-6dc6a8cabcdc,Morganfield First Baptist Church,Morganfield Christian Church,-87.91574399,37.68520667,21,2153472,Morganfield
church_overture:5d63db95-487c-4586-8159-d6ec92f00418,First Baptist Church,,-87.12652626,39.51940888,18,1807174,Brazil
church_overture:5d84c0f0-e1d2-4ee1-85b5-d6e3b16345e1,First Baptist Church,,-95.200351,42.6411245,19,1975630,Storm Lake
church_overture:5d89a772-3488-4170-8c3c-9bdca0a97dd8,Barney First Baptist Church,,-83.51650577,31.00721449,13,NA,NA
church_overture:5d924f7a-42ce-4e66-b380-83e17bf2002e,First Baptist Church Henderson,,-92.22220077478468,36.385955838924474,05,0531270,Henderson
church_overture:5d9add43-6e65-4166-ac62-89501f0648fb,First Baptist Church,,-94.87896665,36.87372498,40,4048000,Miami
church_overture:5d9d48b0-11ef-407d-9e5a-3175ed72232a,First Baptist Church,,-93.16982168,39.78790996,29,2939566,Laclede
church_overture:5dab4ff5-8e16-44b1-a45f-34b83d284bc6,First Baptist Church,,-89.73529637,38.88843749,17,1700737,Alhambra
church_overture:5db2b67a-a5a6-4b2e-832a-99f5bcdc5cef,First Baptist Church of Lake Placid,,-81.35144,27.32708,12,NA,NA
church_overture:5dc0e9e7-0759-4af4-9fa8-14da0b5bfbe0,First Baptist Church of Red Bank,,-74.06977848,40.3481813,34,3462430,Red Bank
church_overture:5dc107ff-2804-4ca8-97d5-a05b0a4e79fb,First Baptist Church,,-96.70049173,35.49218043,40,4060500,Prague
church_overture:5dcaf40a-cd03-4eb5-9d72-293a99404b9e,First Baptist Church,,-85.73921192,37.56710675,21,2137396,Hodgenville
church_overture:5dcc4f9a-d9ce-4e6e-96ed-55b68f2c3805,First Baptist Church of Bellevue,,-89.47163501,31.31327036,28,NA,NA
church_overture:5de19296-24db-4bdf-aee8-86e372228d58,First Baptist Church,,-100.20522796,30.0116571,48,4862816,Rocksprings
church_overture:5de99c6f-f446-44d3-9759-245791d6fc2e,First Baptist Church of Grand Terrace,,-117.313945,34.03618,06,0630658,Grand Terrace
church_overture:5df6a029-37c5-493f-a0b6-b70d2aa8bcc9,First Baptist Church,,-85.25765959,37.56997774,21,2144344,Lebanon
church_overture:5dfa732c-8675-43dd-b07e-c48c53a09159,The First Baptist Church of Silver Spring,,-77.02375641,38.99554248,24,2472450,Silver Spring
church_overture:5e07030d-1b18-4b1c-99e3-d22cd2c25c34,First Baptist Church,,-97.31947637,27.88268306,48,4858904,Portland
church_overture:5e14a4da-b0ba-44a6-80bf-3b1746792637,First Baptist Church of Nicholson,,-89.69570558,30.47867131,28,2851840,Nicholson
church_overture:5e17bbea-c8a3-4da9-93b6-7fd2acde3034,First Baptist Church of Norway,,-87.90643499,45.78461878,26,2659220,Norway
church_overture:5e23b6a7-09af-44a7-bc47-011e3ea4d123,First Baptist Church,,-89.69957713,36.4303167,29,2959186,Portageville
church_overture:5e251983-9cfa-4422-ba11-c65f508e2081,Apollo First Baptist Church,,-79.55660558716839,40.58273041467162,42,4256960,Orchard Hills
church_overture:5e296280-11e1-495c-95e0-44673a0de360,New Castle First Baptist Church,,-107.53764,39.57274204,08,0853395,New Castle
church_overture:5e2ae6ed-d1f5-4691-b2ec-74744ee857e6,First Baptist Church Hebron,,-96.85623007,33.02470661,48,4833020,Hebron
church_overture:5e3855d9-3665-4897-8db7-c1ce3b18f5f9,First Baptist Church,,-117.97131978,35.13046433,06,0609780,California City
church_overture:5e3d2b83-a6e4-40a5-bc94-003aac599998,First Baptist Church,,-80.77378364,41.73883385,39,3938500,Jefferson
church_overture:5e4290ed-bcc0-4e96-9b98-36cab266d781,First Baptist Church of Carmichaels,,-79.96227249,39.8721881,42,NA,NA
church_overture:5e4d63e8-d17b-41d7-9e2e-0e910f5f44a0,First Baptist Church,,-97.3812818,32.8001939,48,4827000,Fort Worth
church_overture:5e567079-2bdb-499a-9baf-a863510a837f,First Baptist Church,,-86.49458016,33.22374659,01,0182848,Wilsonville
church_overture:5e5f9218-875b-418e-aa25-a5eaede4b937,First Baptist Church La Feria,,-97.82410563,26.15640122,48,4840204,La Feria
church_overture:5e6f23f4-a269-4bc4-8b7e-333d552c0419,San Fernando First Baptist Church,,-118.421163,34.295942,06,0644000,Los Angeles
church_overture:5e7a6a5e-4261-44f6-b16a-c2f419d878fc,First Baptist Church,,-116.97888963,33.93425313,06,0604758,Beaumont
church_overture:5e7e1776-b3c4-4282-8338-a5b2c3783fbb,First Baptist Church,,-91.83742715,30.3396451,22,2213575,Cecilia
church_overture:5e83ecab-4f98-4271-8427-2a60ee2889af,First Baptist Church,,-76.84694367,41.02871838,42,4250016,Milton
church_overture:5e962c30-a9b3-4234-b013-8ba07321567b,First Baptist Church of Texhoma,,-101.78795,36.50501,40,4073100,Texhoma
church_overture:5e9f261c-b8b7-46c5-abdc-2ffaa33f0bda,First Baptist Church Lake Panasoffkee,,-82.11934,28.7677,12,1238575,Lake Panasoffkee
church_overture:5ea3f266-bc5a-4b6c-9087-5f4c5cf0a5c0,First Baptist Church,,-94.80138635,32.15297255,48,4833212,Henderson
church_overture:5eaa056f-4c14-4fe5-a1d2-4025b71a485b,First Baptist Church,,-88.04103422,41.59754431,17,NA,NA
church_overture:5eae298a-0e33-41d9-90f9-42cfc44b86ef,First Baptist Church,,-91.313855,38.116132,29,NA,NA
church_overture:5eb15799-5ec1-4294-be1b-2a1808b9bdc7,First Baptist Church,,-81.83345849,38.07750264,54,5420212,Danville
church_overture:5eb61264-c478-4a7e-9f36-fec8a54e4a23,First Baptist Church,,-96.88672190344536,32.18346177716248,48,4837072,Italy
church_overture:5ec1e76d-4414-4b87-9ed4-e6012d37f2dc,First Baptist Church,,-73.45521026,44.69809122,36,3658574,Plattsburgh
church_overture:5ec3836f-27cc-4883-8b11-7fe4b41800f7,First Baptist Church,,-80.608344,40.455795,39,3977112,Toronto
church_overture:5ec395a0-4643-4e59-a533-ef16a1c349cf,First Baptist Church,,-91.32645515341447,38.40273223199024,29,2926866,Gerald
church_overture:5ec91f62-4f67-4f32-90b4-4c0da7248775,First Baptist Church,,-78.12715401,36.72946547,51,5173904,South Hill
church_overture:5ec94c54-2ee1-405d-8713-f0ee9ed3ef71,Clifton First Baptist Church,,-81.82090539,34.98775329,45,4515220,Clifton
church_overture:5ecef230-f7f7-4164-9da8-0541f8f81596,First Baptist Church - Trinity,,-79.974487,35.893092,37,3701720,Archdale
church_overture:5ef17465-7ec7-4559-bbd1-04b1218a1d09,First Baptist Church,,-95.91545405,29.49428097,48,4806272,Beasley
church_overture:5f024d0d-54b0-4d9f-a8eb-52d72f84aafd,First Baptist Church Cumberland Gap,,-83.66412889,36.59826573,47,4718880,Cumberland Gap
church_overture:5f0bad8a-7f80-4db7-977c-9ab946718b3d,First Baptist Church,,-93.05106409104685,32.530204097953856,22,2228835,Gibsland
church_overture:5f0f13b2-6105-4bcd-8680-765594495206,First Baptist Church,,-116.128286,47.543013,16,1642580,Kellogg
church_overture:5f121382-0611-458d-a0f0-54fb380b0cc1,First Baptist Church,,-97.53184603,45.34036707,46,4669780,Webster
church_overture:5f1c78bf-c709-48d2-b38f-47fd688144c8,First Baptist Church,,-84.48180623,34.69596944,13,1327092,Ellijay
church_overture:5f1dcf4f-c3f8-4a57-8efa-8bc20b0c4cfc,First Baptist Church,,-71.18436526,42.72825349,25,2540710,Methuen Town
church_overture:5f20de55-652f-4e06-b578-8c5ade279b44,Higginson First Baptist Church,,-91.71309884557385,35.19551913344302,05,0532140,Higginson
church_overture:5f22afb8-b7a7-4176-b131-af3ef6d946b4,Orleans 1st Baptist Church,,-86.440468989562,38.66110774581799,18,NA,NA
church_overture:5f31a4bd-038d-4c26-9d42-8f802263246f,First Baptist Church,,-85.3166173,37.09344553,21,2116750,Columbia
church_overture:5f3d381b-b571-4df2-bea7-9871a3802100,First Baptist Church,,-80.27345775194766,40.277522907015936,42,4283272,Westland
church_overture:5f4552e5-3b45-42ab-b561-2b46dfe9e47a,First Baptist Church,,-118.3747866,34.16291454,06,0644000,Los Angeles
church_overture:5f4996ce-137e-4bdf-a810-cdc166492b88,Amo 1st Baptist Church,,-86.61333832,39.6909244,18,1801450,Amo
church_overture:5f5e1e38-0211-49db-b7b3-a52571c2f342,First Baptist Church,,-83.25856188804961,41.232007016774105,39,NA,NA
church_overture:5f6049b9-a5c1-4c3e-8349-ce745d234aeb,First Baptist Church,,-96.27220438,29.19654659,48,4822864,El Campo
church_overture:5f630611-c80b-40d8-bbe1-af31fadb03c2,First Baptist Church,,-76.79213768,40.85950096,42,4275304,Sunbury
church_overture:5f73e098-ae86-4d91-8446-d2c189deaeee,First Baptist Church Delmar,,-75.570248,38.450698,24,2422600,Delmar
church_overture:5f902cab-91a0-4901-8574-bd27b450fbd0,First Baptist Church,,-122.45991864,37.68880981,06,NA,NA
church_overture:5f948b85-b691-49e5-8299-5e86ca319e27,Avondale Estates First Baptist Church,,-84.2605201,33.77424098,13,1304644,Avondale Estates
church_overture:5f99a832-a2ed-4e52-98c3-1487ca4f8a95,First Baptist Church of Saginaw,,-97.365894,32.857399,48,4864112,Saginaw
church_overture:5f9c0d01-2a37-4b00-90c4-be0716148417,Notasulga First Baptist Church,,-85.67636395,32.56105247,01,0155440,Notasulga
church_overture:5faae7d0-b6a7-4b10-b11d-cc85eaf71f16,First Baptist Church of South Greenfield,,-93.84273522,37.37683097,29,2968888,South Greenfield
church_overture:5faedf21-d90a-4aeb-a90e-2b2fde6cb0b6,First Baptist Church,,-98.61288049,27.87173437,48,4827432,Freer
church_overture:5fc5ca67-1b9b-49cd-9086-2cc48781d4a3,First Baptist Church,,-85.646899199999993,42.44309202,26,2664740,Plainwell
church_overture:5fd552dc-6ac5-4a1c-a507-b07de8eac552,First Baptist Church,,-99.88011407,36.27144352,40,4066750,Shattuck
church_overture:5fd82bed-808b-43d4-9a48-1c6d940d241d,First Baptist Church,,-78.57125756,39.083558,54,NA,NA
church_overture:5fdc5622-69c6-48ba-8062-bc740ac6408d,Hector First Baptist Church,,-92.97519736,35.4504034,05,NA,NA
church_overture:5fe02693-c416-470e-bcf6-bfc26e32e27e,First Baptist Church of Wapato,,-120.43311904,46.44815327,53,NA,NA
church_overture:5fe48d5e-42a9-43e3-8c9d-f4a6988e9c7b,First Baptist Church,,-89.86253595,37.72943013,29,2957116,Perryville
church_overture:5fe58d8a-5451-4545-b2d9-15de5c0c3367,First Baptist Church,,-82.110022,29.944957,12,1268525,Starke
church_overture:5fe68156-ea7b-4edf-ba04-0da507d140c0,First Baptist Church,,-82.33647989,30.02336741,12,1237650,Lake Butler
church_overture:5fe95dd2-e3e1-4f64-977d-fbf73c080696,First Baptist Church of Axis,,-88.02573683,30.93211069,01,0103508,Axis
church_overture:5fec3f40-a28d-4214-8f37-e6056d8a9cc9,First Baptist Church,,-97.68766906,33.14988233,48,4855056,Paradise
church_overture:5ff46e79-266b-42bd-9593-65fc15810439,First Baptist Church,,-101.75670765,38.47071232,20,2071450,Tribune
church_overture:6014b515-d9ac-43f8-a6de-32c5c1d632bc,First Baptist Church of Gibsonton,,-82.38140059,27.85227568,12,1225900,Gibsonton
church_overture:601bf9d1-25fb-482c-bf0c-24331c991f8e,First Baptist Church,,-84.61085907,32.84994204,13,1349532,Manchester
church_overture:601de92e-4297-45d9-9db7-b38912066b32,First Baptist Church,,-84.43221635,40.12366458,39,3908084,Bradford
church_overture:601f3af9-d725-4c8b-a2cf-5f921380f20e,First Baptist Church,,-83.40951405,43.49474295,26,2613420,Caro
church_overture:602149ec-5ab9-4db6-bfa4-cf8c7be0575b,First Baptist Church,,-83.99618551,42.91107184,26,2623500,Durand
church_overture:602e1a3b-ddb7-4595-a96b-3cfb5ece9311,First Baptist Church,,-87.99718068,35.38304246,47,4715480,Clifton
church_overture:603bb567-6098-4d5a-885b-0332a3dd16df,Elmendorf First Baptist Church,,-98.33757845,29.25376328,48,4823272,Elmendorf
church_overture:605f3a00-b623-4905-b0fd-5a22fa301789,First Baptist Church,,-78.78190244,35.78555334,37,3710740,Cary
church_overture:605fb68d-cddf-4fa7-8c2c-a6cac72c0c52,First Baptist Church,,-85.02647978723782,33.60207237677922,13,1313492,Carrollton
church_overture:6067041f-25d2-42b6-bf63-9978bdd1d496,First Baptist Church Whitehouse,,-95.21383324,32.22756685,48,4878388,Whitehouse
church_overture:609021ed-3f8c-4e6b-bd3b-418b214007b4,First Baptist Church,,-119.86442506,47.23044998,53,5357115,Quincy
church_overture:60938452-d266-4e32-97c1-dc1221917631,First Baptist Church,,-84.93607187,31.37733281,13,1308536,Blakely
church_overture:609bf468-164f-41f6-958e-1328fb26359c,First Baptist Church,,-86.68473002,37.22424975,21,2153490,Morgantown
church_overture:609e7459-c85c-4ecc-9e46-1ebcd87e6e32,First Baptist Church,,-76.71092915,37.27405489,51,5186160,Williamsburg
church_overture:60a65045-8112-48e4-bc3e-b5bae90e05c9,First Baptist Church of Sellersburg,,-85.76566128,38.38667157,18,1868670,Sellersburg
church_overture:60ae96ba-3971-467f-ac93-1f5beb280392,Wilmington First Baptist Church,,-83.82721157,39.44661881,39,3985792,Wilmington
church_overture:60bc78f4-ca2a-4818-8f45-3606ddc454c2,First Baptist Church Milton,,-87.04025856,30.62105557,12,1245750,Milton
church_overture:60ce23a2-709f-475f-b88f-9137a9bd4374,First Baptist Church,,-84.46500015,35.60010231,47,4772540,Sweetwater
church_overture:60d51ff8-8f11-4973-abff-b9d96e417bf0,First Baptist Church Of Atmore,,-87.49392809,31.01996892,01,0103004,Atmore
church_overture:60d942bc-7914-4e7b-bf60-6e3fa30b7d1f,First Baptist Church of Boaz,,-86.16378453,34.1946858,01,0107912,Boaz
church_overture:60dc0157-ba37-40d8-bc90-97f2f57d9416,First Baptist Church,,-80.76723024,32.13639877,45,4534045,Hilton Head Island
church_overture:60dc3605-3d90-4aae-8a85-9218d31377cb,First Baptist Church of Leadville,,-106.30029832,39.25829463,08,0844375,Leadville North
church_overture:60ea5900-bb3a-47fc-8ebd-e22c93aefa2c,First Baptist Church,,-98.57063708,31.45321684,48,4830056,Goldthwaite
church_overture:60ec7cb7-813f-4198-aa1b-5c7e32d26553,First Baptist Church,,-95.65114093,35.94207135,40,4017800,Coweta
church_overture:60edfd8c-67d3-4792-aac7-6f2f8b01f1e3,First Baptist Church,,-85.2377721700032,31.18476396313437,01,0102836,Ashford
church_overture:60f6ca69-059e-4217-abbc-f0bdef2586a9,First Baptist Church of Arcola,,-90.5338042,30.7993538,22,NA,NA
church_overture:60ff204e-2c81-4fea-a3d1-989f3e2510cc,First Baptist Church,,-105.74589095924622,32.95831874790128,35,3516280,Cloudcroft
church_overture:610027c9-9a43-49db-ac17-1c5a8d1112cf,First Baptist Church,,-93.86920991,36.67863231,29,2911890,Cassville
church_overture:6103f1c4-2847-4873-a43a-b21fc9f2e789,First Baptist Church,,-89.58972084,40.6483348,17,1717549,Creve Coeur
church_overture:6113d9db-d1f4-4e1f-a17d-17df033262f8,First Baptist Church of Mulberry Grove,,-89.2703094,38.9258652,17,1751284,Mulberry Grove
church_overture:6115c67a-5c32-4363-a5cd-4f2ae61ac94c,First Baptist Church,,-100.18411964,31.59880679,48,4848396,Miles
church_overture:611bd863-615a-47c8-8bd4-2ce12c4fe304,First Baptist Church,,-91.49344627,32.45492121,22,2220190,Delhi
church_overture:61226135-1c95-4c4c-ae52-c68cb69cd251,First Baptist Church,,-79.12428138,37.503669,51,NA,NA
church_overture:6135afa9-cd2d-4fae-b14f-fc3477380fca,First Baptist Church,,-96.31870228,39.20388214,20,2075325,Wamego
church_overture:613cb605-3ce0-4ba9-b315-285dc0f09520,First Baptist Church of Savannah,,-81.0938527,32.07620789,13,1369000,Savannah
church_overture:61413b8c-7a54-45fa-8529-68f9ded7dca1,First Baptist Church of Bellevue,,-84.48199126,39.10568578,21,2105446,Bellevue
church_overture:614b5b3c-3f54-4406-b055-51ba97680ccf,First Baptist Church Of St. Paul,,-93.090125080000007,44.952640100000004,27,2758000,St. Paul
church_overture:614ed393-1b2b-4b1d-b83a-5283d631a146,First Baptist Church,,-76.09363464,39.54725776,24,2437600,Havre de Grace
church_overture:614ef79b-b11c-43e8-9130-c0960a27359e,First Baptist Church of Devine,,-98.90808038,29.14194932,48,4820152,Devine
church_overture:614ff0f8-6db5-4051-a407-2c723eb92a1b,First Baptist Church of Elroy,,-97.63781216,30.1223425,48,NA,NA
church_overture:6162d051-c5a7-41c5-8386-b86682369fbf,First Baptist Church,,-89.74571635,30.37370778,22,2259445,Pearl River
church_overture:6164a140-62cb-43b6-8a2a-096f7ce2564b,First Baptist Church,,-77.82630922,35.60497705,37,3764560,Stantonsburg
church_overture:616955e6-8e3c-43d8-a95f-43d6bead7cd2,First Baptist Church,,-84.50705793,39.082034,21,2117848,Covington
church_overture:616e4b6f-7bea-4f52-9ce2-e0f8f83696f6,First Baptist Church,,-77.123043,34.690878,37,3766360,Swansboro
church_overture:61705a34-8b67-40ca-8943-6a4b0b7defb2,First Baptist Church,,-95.24925438,35.80019776,40,4027200,Fort Gibson
church_overture:61725da6-9104-45c9-b189-518e94a14d94,First Baptist Church Of Dubuque,,-90.71467014,42.50876294,19,1922395,Dubuque
church_overture:61885862-d0bd-47b5-a06b-cdca7ea3d4b7,First Baptist Church,,-123.80474158,39.44693812,06,0625058,Fort Bragg
church_overture:619354b7-7005-43c4-80f6-dc329022bcd7,Powdersville First Baptist Church,,-82.508275,34.797775,45,4558170,Powdersville
church_overture:61a56f57-e83f-41b3-aa88-73b750f7bb0c,First Baptist Church,,-85.7359989,37.83582457,21,2144362,Lebanon Junction
church_overture:61adb3aa-ab02-4f40-bc45-af4083806ff1,First Baptist Church,,-98.00099188,41.69073289,31,3100555,Albion
church_overture:61b2d047-b278-4e13-bf68-1694a14b9b31,First Baptist Church,,-90.8630055,33.17834777,28,2832900,Hollandale
church_overture:61b39c51-2546-4fcd-add9-3dade1ed1166,First Baptist Church,,-87.28709514,41.14417919,18,1866006,Roselawn
church_overture:61bcee0b-b644-4fb8-afcd-9238e43c6aa7,First Baptist Church,,-73.58546817,43.30026277,36,3635980,Hudson Falls
church_overture:61ca69b6-3e97-4055-bcb5-ffaafcbc03f9,First Baptist Church,,-76.92501408,36.67233549,51,5129600,Franklin
church_overture:61e4af42-c576-435e-b73c-fe04c647d619,First Baptist Church,,-86.22733429714698,40.04192094783983,18,1882700,Westfield
church_overture:61ea137f-54f7-4a84-b583-854d846e2100,First Baptist Church,,-84.04082925123537,38.95671657227673,39,NA,NA
church_overture:61f218f2-0458-405d-a2df-60bc359ec559,First Baptist Church,,-80.250771045685,34.219565123397,45,4506310,Bishopville
church_overture:61f2df40-e8f6-41f7-b470-ccf7f11c0877,First Baptist Church,,-107.76067039,32.26788029,35,3520270,Deming
church_overture:61f82c11-3467-4f13-af72-be15a96431cc,First Baptist Church of Seville,,-81.8609482,41.00974653,39,3971486,Seville
church_overture:62067636-6f9c-458d-aceb-ec06e8535be3,First Baptist Church,,-83.59599060614,33.966144747544,13,1373312,Statham
church_overture:620d5968-d11c-4a34-a1f3-06425eb007cf,First Baptist Church,,-87.3271796,30.61550342,12,NA,NA
church_overture:6217ce81-1ef0-4ea5-8bff-a8d9903c0d82,First Baptist Church,,-97.70761218,30.63192878,48,4829336,Georgetown
church_overture:6231c6f2-71dc-47df-9c5e-7511246ada60,Magnolia First Baptist Church,,-97.466407,31.053241,48,4807492,Belton
church_overture:623707b7-8a14-4f97-8bf1-98cf47982427,First Baptist Church,,-80.89947655758012,40.08172425391164,39,3969526,St. Clairsville
church_overture:624794f8-2af9-44c7-84a2-72b2f44b1fcb,First Baptist Church,,-94.397456,33.729796,05,0524250,Foreman
church_overture:6251887d-8fb2-44f5-ad19-b14692d6681b,First Baptist Church,,-90.00359054,38.66056074,17,1715599,Collinsville
church_overture:6258b4de-10f9-4760-b337-86b2a009cc27,First Baptist Church,,-88.18581979,37.71799464,17,1769082,Shawneetown
church_overture:6259badb-927c-4b22-a6e1-2639de974764,First Baptist Church,,-74.4875552826393,42.67728552287371,36,3616628,Cobleskill
church_overture:625f53f2-0518-4696-8587-811d3d392007,First Baptist Church Of Barron,,-91.86283342,45.40095671,55,5504875,Barron
church_overture:6261aaea-2a1b-4b96-b8c4-be6d58b5b3e2,First Baptist Church of Winton,,-76.93958808,36.38561394,37,3775080,Winton
church_overture:62630bb9-635e-4075-b536-9cab56f3d6cc,First Baptist Church,,-97.87865009,32.57443719,48,4834865,Horseshoe Bend
church_overture:6267501f-6ee2-429c-80c6-3b4cc7cd1f6a,First Baptist Church,,-72.97650088,43.47173891,50,5075850,Wallingford
church_overture:627cffd3-1d9b-4028-bb6a-3b260cb359fa,First Baptist Church of Pine,,-91.11233718,34.58311915,05,NA,NA
church_overture:6282c9d5-f4be-413b-ba21-31d48281bc59,First Baptist Church,,-110.8052487,39.60216439,49,4962030,Price
church_overture:628f87d6-ecfb-43c6-8116-7c258f563d85,First Baptist Church,,-74.7135985,40.14694009,34,3406670,Bordentown
church_overture:6293474b-6329-443f-bcda-1e7248a0e6a8,Manchester First Baptist Church,,-77.23049233,42.96618664,36,3644853,Manchester
church_overture:62af7872-1189-494a-be31-eb40eeb32dec,First Baptist Church,,-81.72759827,28.0909992,12,1237525,Lake Alfred
church_overture:62b52060-02d8-45fc-bb73-4963d24aacdc,Harrison First Baptist Church,,-85.13872632372193,35.112038242077624,47,4714000,Chattanooga
church_overture:62b603be-50a6-4706-bbba-ce82db15bb0c,First Baptist Church,,-73.78841926,43.08027158,36,3665255,Saratoga Springs
church_overture:62c4a67b-5e76-4ad5-ad95-5512f4dafed4,First Baptist Church,,-94.41528467,35.38632022,05,0524550,Fort Smith
church_overture:62c4c219-1b58-40fd-a83b-6c2024a0a690,Onalaska First Baptist Church,,-95.11569187,30.80641237,48,4854048,Onalaska
church_overture:62d3512b-9e05-46fa-befc-ffe9f706cdad,First Baptist Church of Whitesville,,-81.52738433,37.974096780000004,54,5486836,Whitesville
church_overture:62d3b809-7aa6-4375-901c-e99171fa2918,First Baptist Church,1st Baptist Youth Center,-91.39960628,39.58676346,29,2952058,New London
church_overture:62d5f09a-61e8-4221-828e-6839a782965e,First Baptist Church of Crown Heights,,-73.95362193,40.66966221,36,3651000,New York
church_overture:62d80cf5-499f-4dd0-8dd3-b1ffbe862d68,First Baptist Church,,-90.79294751,35.22740608,05,0577090,Wynne
church_overture:62f5a39b-cdbb-45fe-97b3-8b5a565ac4b8,First Baptist Church of Butner,,-78.76206631,36.13411325,37,3709360,Butner
church_overture:62f982d6-824e-48bc-9c6e-37d9fe747190,First Baptist Church,,-71.47379994,42.08606257,25,2504965,Bellingham
church_overture:62f9fe4c-0a63-48bf-a8b7-73fc7c5e3b5f,First Baptist Church of Jackson,,-90.18075329,32.30330481,28,2836000,Jackson
church_overture:6306a8f6-91c0-48f9-b00d-84abc3296b9c,First Baptist Church,,-105.64081614,48.09878264,30,3081475,Wolf Point
church_overture:6308de4b-1c39-4f2d-9ead-ebebcbf5ab84,First Baptist Church,,-71.80937,42.2768,25,2582000,Worcester
church_overture:630966b6-50b9-455b-b77a-62adb1831f2d,First Baptist Church,,-89.25897367,35.59266381,47,4708920,Brownsville
church_overture:631258ba-6bc2-495b-93a6-899be1f2df16,Brownstown First Baptist Church,,-86.06441352,38.86336881,18,NA,NA
church_overture:63172f78-01d4-488a-a0de-0c02ad3d97d2,First Baptist Church,,-98.854921,30.257391,48,4827348,Fredericksburg
church_overture:631d5eee-3c24-4d49-892a-13762c7eb08f,First Baptist Church of Jasper,,-82.94590003,30.52010011,12,1235375,Jasper
church_overture:632043d0-d81c-469b-a9ad-2e109797f600,First Baptist Church of Royal Oak,,-83.144874,42.491736,26,2670040,Royal Oak
church_overture:63295c23-0417-4cf0-981e-73a61ff0f3c6,First Baptist Church,,-120.69103051,35.63117129,06,0622300,El Paso de Robles (Paso Robles)
church_overture:632e6d2f-77a3-49cd-a949-08a6aa3f1058,Thomas First Baptist Church,,-90.02910309,30.96728068,22,NA,NA
church_overture:63414303-4623-4096-8379-6a8014cafd12,First Baptist Church,,-96.33560096,36.66385362,40,4057600,Pawhuska
church_overture:634a05fa-353b-420f-881b-7ea405166e32,First Baptist Church,,-118.220380228,34.2032282245,06,0630000,Glendale
church_overture:63674979-40e7-46db-87b4-3694d551ea48,First Baptist Church - Timpson,,-94.4002388388114,31.90717986450469,48,4873076,Timpson
church_overture:636cc864-ce65-4c45-a44b-117e787a17cf,First Baptist Church,,-93.22470484946847,44.08346771535235,27,2749300,Owatonna
church_overture:636ccbd2-2100-415d-a8a3-0347fe4f4f36,First Baptist Church,,-94.79196476,29.30158973,48,4828068,Galveston
church_overture:6382bfbd-812b-4264-9d01-25431b97bcbd,First Baptist Church,,-85.471218,38.323545,21,2118496,Crestwood
church_overture:63904a2b-d9de-4643-889c-095a0f69af9c,First Baptist Church Franklin,,-84.30357573,39.56202103,39,3928476,Franklin
church_overture:639fa6be-928c-4b1f-935e-6f75ab7a60a2,First Baptist Church Of Royal,,-93.2543964,34.5101375,05,NA,NA
church_overture:63b23975-4e99-46ef-ac18-10d6d21c3c61,Arcadia First Baptist Church,,-81.99093968,34.96161998,45,4502080,Arcadia
church_overture:63d7c078-66b6-4881-8d3f-ac6311505dcb,First Baptist Church of Birmingham,,-86.78005875,33.46822621,01,0135800,Homewood
church_overture:63f048b2-76ba-4305-9371-5a564705e6e9,First Baptist Church Moultrie,,-83.727871980596,31.165010794095,13,NA,NA
church_overture:63f9c967-1005-482b-a914-df6f720712c3,First Baptist Church of Fannin,,-89.95732857,32.41674407,28,NA,NA
church_overture:640eb64b-fb8b-46af-b307-f1ff67bc0ea8,First Baptist Church,,-86.210264660000007,32.53906302,01,0181720,Wetumpka
church_overture:640ebe9c-3b74-40d0-8e62-54b315f83aab,First Baptist Church,,-89.91159304,35.92822442,05,0507330,Blytheville
church_overture:6411550c-f2ee-46f0-8a6d-05301f380158,First Baptist Church,,-94.68124065,31.92062785,48,4849728,Mount Enterprise
church_overture:6424b223-f8c4-415b-b06f-20c115f8951b,First Baptist Church,,-84.52936279,39.73845465,39,NA,NA
church_overture:642cdd10-3083-4cb6-b27e-36068723f42c,First Baptist Church of Comanche,,-98.60519116,31.90186232,48,4816192,Comanche
church_overture:64314b52-fe96-4edb-b621-29c42cd1646f,First Baptist Church of North Wilkesboro,,-81.14251086,36.16363618,37,3747880,North Wilkesboro
church_overture:64341ad1-b553-4245-94d8-29ad9db9dfa7,First Baptist Church,,-85.55172666368928,43.219430371783766,26,2614200,Cedar Springs
church_overture:6435ee25-c21c-476f-affc-190470fb86b0,First Baptist Church of Arlington Heights,,-87.99840347,42.0819764,17,1702154,Arlington Heights
church_overture:6443df42-2c20-46ba-8a16-492599c265f2,First Baptist Church of Laporte,,-95.01959437162454,29.661920280950085,48,4841440,La Porte
church_overture:644d2962-2083-4758-b067-b94215419198,First Baptist Church of Brookside,,-95.317418,29.588163,48,4810648,Brookside Village
church_overture:6454cac0-3320-40a5-b657-f39a6f5356d4,First Baptist Church,,-81.75923564,38.94978986,54,5467108,Ravenswood
church_overture:647708fb-9446-4eeb-bc1a-46d4ec5340a8,First Baptist Church,,-81.51514672,40.79817901,39,3948244,Massillon
church_overture:64798279-cafb-4c4e-9175-947af63fcc06,First Baptist Church,,-90.68811884264285,37.164510944225206,29,2957422,Piedmont
church_overture:648874b9-1779-4dc4-9b1d-4dc6088a3795,First Baptist Church,,-99.62693084,33.44774473,48,4850040,Munday
church_overture:648e4c73-82c6-46af-bace-6ed289eb8197,First Baptist Church Inez,,-96.78981581,28.90164231,48,4835996,Inez
church_overture:648e7113-faf5-437f-9606-aae06a8095ed,First Baptist Church of Locust,,-80.42559071,35.25643326,37,3738860,Locust
church_overture:6498390c-dd01-418f-9f0b-da6ccbb678ef,First Baptist Church,,-88.87846046,39.77448775,17,1751206,Mount Zion
church_overture:649d9b46-1df0-452e-8b94-ce0d57072dfb,Clarkston First Baptist Church,,-84.22776018,33.54498477,13,1373704,Stockbridge
church_overture:64b60eac-4c61-41ac-8bb2-a85700fa5b4b,First Baptist Church,,-95.3867974,40.43158582,29,NA,NA
church_overture:64b6501a-c702-4405-9602-cdfaebc1fc24,First Baptist Church of Sledge,,-90.21923206,34.43066241,28,2868400,Sledge
church_overture:64cf2b4e-54ac-42d3-8ab9-d7f31359d48e,First Baptist Church,,-86.88317967,36.84528336,21,2167512,Russellville
church_overture:64d225e7-8aa6-494b-85e4-9eadd7ac9567,First Baptist Church,,-95.39897683,45.65198947,27,2724074,Glenwood
church_overture:64d73c63-60e1-47e7-b748-a3a243897e93,Highland Park First Baptist Church,,-85.537377,38.138338,21,2148006,Louisville/Jefferson County metro government (balance)
church_overture:64e93239-b0d4-493d-a913-3590bba6bbd6,First Baptist Church of Columbiana,,-86.60782277,33.1813989,01,0116768,Columbiana
church_overture:64f07803-8b26-46a4-ba2e-011b2f26395e,Bartlesville First Baptist Church,,-95.97425853,36.74891543,40,4004450,Bartlesville
church_overture:64f4c29e-ff41-4a9a-9cb9-f9cd53b157c2,First Baptist Church of Saint Jo,,-97.52553449,33.69804549,48,4864184,St. Jo
church_overture:64fab429-4954-488e-bdc4-da9179da01a6,First Baptist Church,,-99.333963571135,34.77303188535373,40,4006650,Blair
church_overture:650bd26c-4a4a-4f5a-8f40-97ac24dcf7b6,First Baptist Church of McKees Rocks,,-80.07371947,40.47189908,42,NA,NA
church_overture:650c1956-de50-4664-90ec-c1edc7bc5edf,First Baptist Church,,-93.73315418033033,34.627589388065836,05,0554410,Pencil Bluff
church_overture:65181926-958a-438d-97d7-30b42716c6ed,First Baptist Church of Gholson,,-97.21819043,31.70131102,48,4829408,Gholson
church_overture:652c5b03-6697-449a-a42a-9fa0546014d5,First Baptist Church,,-122.14684203,38.051349635,06,0605290,Benicia
church_overture:653086a8-d579-46c9-8df4-2c21be0bd9d0,First Baptist Church,,-97.60613947,32.017967229999996,48,4849356,Morgan
church_overture:6531ec33-2129-4283-820b-263d6182af7f,Nolensville First Baptist Church,,-86.7074294,35.93882185,47,NA,NA
church_overture:6534960e-7fab-4b66-8f41-0081b01bdc07,First Baptist Church of Graton,,-122.86655668,38.43180483,06,0630812,Graton
church_overture:653679aa-e685-4f81-82d9-6affce02aeb8,Apex First Baptist Church,,-78.8543078,35.72604561,37,3701520,Apex
church_overture:653b83a7-5583-4e7c-97cc-34f91cffa93b,First Baptist Church of Exeter,,-70.949042,42.980225,33,3325300,Exeter
church_overture:6541cdf2-be3f-4eab-8674-4ac501040b8b,First Baptist Church,,-86.47555592,33.94730275,01,0157000,Oneonta
church_overture:6541ce24-57e3-4819-ade7-1fc496f9bd41,Warner First Baptist Church,,-95.30799176,35.49413935,40,4078400,Warner
church_overture:6557d3a3-4411-453e-a9da-f8ab015f2245,First Baptist Church,,-86.14796706,44.3965388,26,NA,NA
church_overture:655e0edf-092a-460f-af12-c47cd7b3a0de,First Baptist Church,,-90.57268934,34.19825376,28,2813820,Clarksdale
church_overture:6566f757-893b-4d47-8812-2590047425f0,First Baptist Church of Temple,,-85.03196601,33.73498852,13,1375832,Temple
church_overture:6569880a-8b4a-494d-b13b-e8b2bab9646e,Mineral Springs First Baptist Church,,-85.20293807,36.15565514,47,NA,NA
church_overture:656c0a4e-2c88-4252-8cbe-c0aad8bcb8d6,First Baptist Church,,-118.41877698898315,35.75586370058305,06,0638310,Kernville
church_overture:6576917d-c003-4fe2-994a-36ce6d4ddedd,First Baptist Church of Archdale,,-79.981016,35.926941,37,3731400,High Point
church_overture:65794156-0705-4652-b642-8ce208e52403,First Baptist Church,,-79.75786392,39.82177031,42,4224536,Fairchance
church_overture:65833be1-c596-4dd6-8ed8-a0016769ec94,First Baptist Church of Downey,,-118.1305820651329,33.94090968615784,06,0619766,Downey
church_overture:65916084-9919-4ad5-8658-72b28df704c6,First Baptist Church,,-84.683274,38.279109,21,NA,NA
church_overture:65936c38-bde2-4a49-b670-69f088bd157a,First Baptist Church,,-88.191524,40.075829,17,1777005,Urbana
church_overture:65a1d414-002a-416f-87bb-62eda37c4071,First Baptist Church Of Ooltewah,,-85.06437805,35.07072714,47,4716300,Collegedale
church_overture:65b7ea1b-4b6a-408e-bf2f-9b0ab969623b,First Baptist Church Of Royal Palm Beach,,-80.2160033971867,26.709841215821427,12,1262100,Royal Palm Beach
church_overture:65bb90d9-83f7-4867-a369-ce61febe0263,First Baptist Church,,-87.4797166,35.9132932,47,NA,NA
church_overture:65c2aef2-d219-4c5c-8728-b404e0c69c08,First Baptist Church,,-92.25612847,30.24236585,22,2263645,Rayne
church_overture:65c79b1f-6c11-4e1c-a350-47de11ed87d4,First Baptist Church Salina,,-95.15185133,36.29366186,40,4064950,Salina
church_overture:65da5106-1bff-41a4-8568-d43e82c77240,First Baptist Church,,-96.2476298,33.3772889,48,4842352,Leonard
church_overture:65df76a0-3704-4cc4-8715-5ec3c352fbea,First Baptist Church of Raymond,,-90.42272474,32.25744173,28,2861160,Raymond
church_overture:65e0b42e-342e-429b-b61c-f4510cf56f7f,First Baptist Church Sevierville,,-83.56577796,35.86231389,47,4767120,Sevierville
church_overture:65edd5e1-99dc-44c3-a727-69295236e480,First Baptist Church Villa Rica,,-84.95830469,33.73494498,13,1379528,Villa Rica
church_overture:65f6558b-1411-497f-896c-0fa49f33e829,First Baptist Church,,-99.29634429,32.72687671,48,4801648,Albany
church_overture:65f66bad-2ddc-45d8-8d16-a7d4ce352b35,First Baptist Church,,-95.87984146,32.93718215,48,4858532,Point
church_overture:65fbb8b5-e1aa-4e88-9430-5ead44d5e0eb,First Baptist Church,,-94.7959247,36.42701563,40,4037650,Jay
church_overture:65fd13ef-2dae-4149-a2da-b4b47b3330d9,First Baptist Church,,-86.57017237,35.1536505,47,4725920,Fayetteville
church_overture:6607214e-7cfd-4bfc-8cab-cd86f6c337f1,First Baptist Church,,-96.69144474,33.53178409,48,4820932,Dorchester
church_overture:661629db-7b4d-449a-b911-fa2d4b25f825,First Baptist Church,,-90.0535637,33.11438873,28,2840600,Lexington
church_overture:661dbd5c-74ac-4e57-8f7a-df5aa5f88b9d,First Baptist Church of Eutawville,,-80.34613333,33.3915998,45,4524100,Eutawville
church_overture:662c0a5b-3c95-4eec-9e44-41ab62077c10,First Baptist Church of New Bern,,-77.04020365,35.10637769,37,3746340,New Bern
church_overture:6649c9e0-8ac9-40b7-9e1b-47caeb89ac05,First Baptist Church of Centralia,,-89.13206402,38.52572338,17,1712164,Centralia
church_overture:664d3bce-9fe0-4135-9c50-01a5c79508ba,First Baptist Church of Merced,,-120.47662395512431,37.32677666603625,06,0646898,Merced
church_overture:665063ea-721a-4df5-944b-88a912ca5aaf,First Baptist Church,,-97.3185426,30.11294988,48,4805864,Bastrop
church_overture:665f51eb-6973-457a-bf6a-083188a50ee0,First Baptist Church,,-95.84147936,46.82351281,27,2715832,Detroit Lakes
church_overture:666bf2a2-0578-4a1b-932e-c536b6970337,First Baptist Church Meadowview,,-96.61979561,32.82371565,48,4847892,Mesquite
church_overture:66702761-4a27-4864-b0dc-f8fce6357b3b,First Baptist Church Sheffield Lake,,-82.093875,41.488995,39,3972088,Sheffield Lake
church_overture:66786238-6339-479c-91a9-8702f111c42b,First Baptist Church,,-111.8401517,33.25669123,04,0412000,Chandler
church_overture:667aba40-5b9c-454e-9302-9f3b83d4e72b,First Baptist Church Hilliard,,-81.92369391,30.68796565,12,1230750,Hilliard
church_overture:668746ad-21c8-4342-b515-e0e3fd953e60,First Baptist Church of Monterey,,-121.90267055,36.6135456,06,0648872,Monterey
church_overture:66a310f3-ce75-477b-8128-8fa3d885cc90,Monette First Baptist Church,,-90.35833162,35.8919658,05,0546400,Monette
church_overture:66d51c9a-f165-4995-971e-3fd1cb483baf,First Baptist Church of Villa Park,,-87.9842726026,41.9029787709,17,1777993,Villa Park
church_overture:66e601eb-1977-4c6f-8646-89e73e280036,First Baptist Church,,-105.46417473,38.13149764,08,0883450,Westcliffe
church_overture:66e97ece-52a2-4149-91cf-fb81f18d5354,First Baptist Church,,-121.6604360254348,37.12740559071683,06,0649278,Morgan Hill
church_overture:66ec4ed1-2680-49dd-bcd6-912e41f257b9,First Baptist Church,,-89.52097691,37.22021887,29,2966368,Scott City
church_overture:6702aa6d-0bf9-4b7b-9bba-7f1a1b41eb3d,Tompkinsville First Baptist Church,First Baptist Church,-85.69102064,36.70101747,21,2177160,Tompkinsville
church_overture:671e8bee-1f12-45f7-b6c3-402ea72ddeb2,First Baptist Church,,-86.89632327847394,41.71355185569723,18,1848798,Michigan City
church_overture:67252c32-dac3-42b3-842b-cb7be53f9500,Hill First Baptist Church,,-83.3844883,33.95722434,13,1303440,Athens-Clarke County unified government (balance)
church_overture:6726202c-113c-4be5-846d-98dc271474d1,First Baptist Church Lyons,,-96.56635787,30.38748521,48,4845276,Lyons
church_overture:67284a51-2faf-4ad5-bfa8-67be5bf32ced,First Baptist Church,,-95.366788,35.123879,40,4061550,Quinton
church_overture:67288d0c-62ae-4d5a-9d6e-be8038199d80,Osgood First Baptist Church,,-85.29481378,39.12938958,18,1857132,Osgood
church_overture:6735a8c8-2ce9-4e84-a6e6-821e1b5297c5,First Baptist Church of Gahanna,,-82.86299345,40.01905305,39,3929106,Gahanna
church_overture:67408b59-9a02-4aa6-aa83-16efed60b6d7,First Baptist Church of Cedar Hill,,-90.62853106,38.36578537,29,2912358,Cedar Hill
church_overture:674a1c9e-66ef-44d6-96a6-204a513b8c8e,Satanta First Baptist Church,,-100.98453106,37.43769031,20,2063150,Satanta
church_overture:67529574-80d6-481a-a5d9-41b00cc98964,St John First Baptist Church,,-80.67747012,26.68044343,12,1205200,Belle Glade
church_overture:67674140-3b79-4af9-a608-a54de4be2f1e,First Baptist Church,,-96.89951849635268,33.65795943581572,48,4878532,Whitesboro
church_overture:67780296-1a6f-4362-9f49-27020f47a418,First Baptist Church of Dorset,,-80.667618,41.68392035,39,NA,NA
church_overture:677a5be3-5f55-4b26-96fd-a4da36dc1d45,First Baptist Church,,-77.74239107,36.04124767,37,3757500,Rocky Mount
church_overture:677d6b3c-18f1-427e-81dd-2a1745b3ed83,First Baptist Church Of Sycamore,,-88.6914103,41.9891318,17,1774223,Sycamore
church_overture:67922771-a49f-413c-9951-18fc661a49f1,First Baptist Church,,-80.078056,34.973505,37,3770380,Wadesboro
church_overture:679cfd32-ae18-46dc-92f9-5497e5ffd306,First Baptist Church,,-82.54757362,35.59892351,37,3702140,Asheville
church_overture:67a65177-8e99-486e-ba55-0d1a4df6d0fc,First Baptist Church,,-99.13098485,31.71197681,48,4805552,Bangs
church_overture:67a79047-1407-49da-92e5-eefd6cad618a,First Baptist Church,,-79.06344898,35.9108094,37,3711800,Chapel Hill
church_overture:67b5dc55-d5b1-4935-aca5-e3dbc09ce95c,First Baptist Church,,-83.94139729,33.0364995,13,1330732,Forsyth
church_overture:67b85703-3396-4fc8-a7d1-deae4bfc1130,First Baptist Church,,-79.540405,36.107845,37,3725980,Gibsonville
church_overture:67c8c76c-ca81-4b12-a6cf-75fa8f8ec81f,First Baptist Church,,-90.29331402,37.55754561,29,2925768,Fredericktown
church_overture:67c98a7c-f46d-424b-9c52-77a20f8bdea9,First Baptist Church of Ulysses,,-77.76234045,41.90166634,42,4278240,Ulysses
church_overture:67cd5e61-46b3-44a2-88ac-c9cf841bf97a,First Baptist Church Eaton,,-85.3497299,40.33878,18,1820080,Eaton
church_overture:67db6c99-f8ef-44f5-ab49-8710cb6d55e0,Meridian First Baptist Church,,-116.39938091,43.61233728,16,1652120,Meridian
church_overture:67dee976-8e74-4ec2-ace1-0480ef98831d,First Baptist Church Canyon,,-101.925566,34.98033,48,4812532,Canyon
church_overture:67f0b8f3-7a93-4140-afb6-eb19c3fb0cbb,First Baptist Church,,-124.22089328,43.35557605,41,4115250,Coos Bay
church_overture:67f486bb-28ec-4414-81ae-a2192552f36b,First Baptist Church,,-72.569691,41.758482,09,NA,NA
church_overture:68009412-1667-4594-acf2-cf92b6549654,First Baptist Church of Roxana,,-90.07899483,38.84847574,17,1766131,Roxana
church_overture:680c4e75-24ed-4c11-a57b-7d7e3c7f802c,First Baptist Church of College Station,,-96.31685393,30.58704869,48,4815976,College Station
church_overture:680f957c-3208-45a5-b2ba-88a4c4431aa8,Banquete First Baptist Church,,-97.79747157,27.80731438,48,4805576,Banquete
church_overture:68110717-b875-43e8-99b5-74c89b2d0dd3,First Baptist Church St Matthews,,-80.78092721,33.66609466,45,4562620,St. Matthews
church_overture:68133386-b6e6-47b0-9f66-0f6af64b17b0,First Baptist Church El Cajon,,-116.96074697,32.7943678,06,0621712,El Cajon
church_overture:68258ed2-e03b-4d39-8335-2d476a71a6a0,First Baptist Church of Vass,,-79.28346525,35.25719774,37,3769840,Vass
church_overture:68276d16-ad2b-4481-b701-e2ec5f17b2b2,First Baptist Church Lloyd,,-82.86685308,38.62171535,21,NA,NA
church_overture:68299e5f-e543-4b4b-be73-b99861b51088,First Baptist Church,,-91.75927196,36.21684282,05,0533370,Horseshoe Bend
church_overture:684212f4-401c-4187-a4f2-869849794ad9,First Baptist Church,,-82.7745889,37.66641019,21,2162940,Prestonsburg
church_overture:684e7c8f-e978-4255-9fc1-4828718db14c,First Baptist Church of Crestwood,,-90.39075001,38.55216642,29,2917218,Crestwood
church_overture:68564bdc-15b5-4a1e-b949-c10f54de2dda,First Baptist Church of Provo,,-111.67700761,40.25824175,49,4962470,Provo
church_overture:68566676-8afd-4629-9254-57ff9eb0ab4a,First Baptist Church Crystal Lake,,-88.28583647043476,42.234830401537906,17,NA,NA
church_overture:6856b841-dddc-442f-87bf-14120771c0d6,First Baptist Church,,-99.09223839519287,35.027594175398555,40,4035000,Hobart
church_overture:68647340-7d32-4bc0-a8c3-ba0edf2811c8,First Baptist Church of Saint Peters,,-90.62920215,38.7703349,29,2965126,St. Peters
church_overture:6873719d-336f-492c-a67d-2adcdeda3593,First Baptist Church of Hudson,,-71.40865392,42.77175342,33,3337860,Hudson
church_overture:68851637-7d85-4e53-9ca5-454fc08713d8,First Baptist Church of Picacho,,-111.49918287,32.71320274,04,0455210,Picacho
church_overture:688f4f62-26a7-484d-b8e6-aa65ce3cb229,First Baptist Church,,-85.81384399,35.96199108,47,4769320,Smithville
church_overture:688f87c6-8d07-40e4-95f3-7f403edc171f,First Baptist Church,,-90.32062657,35.76084022,05,0511410,Caraway
church_overture:6893f7fd-8328-400d-8c2d-e010545d1b84,First Baptist Church of El Reno,,-97.95947705,35.50439321,40,4023700,El Reno
church_overture:6899bb93-b873-469e-8e4c-0eaadf1cc9af,First Baptist Church,,-89.19219049,39.64069349,17,1772949,Stonington
church_overture:689cb5e5-2cc7-47d4-8932-d9e409a2ee7b,First Baptist Church,,-85.81804843,41.24658921,18,1880306,Warsaw
church_overture:689dd957-2f1f-4be5-9147-d712a2f7654f,First Baptist Church of Savage,,-76.82170566,39.13635331,24,2470475,Savage
church_overture:68a2d3e0-aeaf-432c-8ff8-c64ea80491a2,First Baptist Church Verona,,-88.715388,34.196492,28,2876560,Verona
church_overture:68a45435-3aa3-4c4d-afe9-29a7396a0597,First Baptist Church,,-97.131945,34.172337,40,4002600,Ardmore
church_overture:68abea96-2764-4780-b036-f52207ee70a4,First Baptist Church,,-71.03323548,42.39218512,25,2513205,Chelsea
church_overture:68b89751-37fe-4f32-97d0-f9e739e16b01,First Baptist Church Annex,,-97.276619,37.397392,20,2005500,Belle Plaine
church_overture:68ba7c18-c2c3-42d9-9de6-d2d6238affa2,Pelham First Baptist Church,,-86.811585,33.286724,01,0158848,Pelham
church_overture:68c15868-bc34-484f-9812-d1b2ebde0704,First Baptist Church,,-123.43753045,48.11492432,53,5355365,Port Angeles
church_overture:68c9b833-d398-433f-b204-623ed50bef48,First Baptist Church,,-84.80300616,40.19550217,39,3978624,Union City
church_overture:68d0cafe-6757-499d-813e-26392e4ffa99,First Baptist Church of Swannanoa,,-82.39846868,35.59873236,37,3766280,Swannanoa
church_overture:68dae43b-5cdb-4729-baf4-cde03ec813c8,First Baptist Church,,-92.09881102,37.99481735,29,2919630,Dixon
church_overture:68e35fa1-380c-46a4-9c6f-2d88e43b460c,First Baptist Church,,-99.299083,39.223983,20,2056150,Plainville
church_overture:68ee7471-9daa-467a-bc02-f8c6969cdc04,First Baptist Church,,-87.37732758,44.84190936,55,5577875,Sturgeon Bay
church_overture:68f8ff4f-578d-4425-b873-4bbd50c14898,First Baptist Church,,-95.04624844,34.7516972,40,4072250,Talihina
church_overture:69175b36-8dd4-4c71-bcc7-eda57e29de4c,First Baptist Church,,-83.93624872,38.0452559,21,NA,NA
church_overture:691a1ef5-9d22-4052-ab9b-95ca61596e5a,First Baptist Church,,-90.38412208,34.68474028,28,2874760,Tunica
church_overture:692f36d3-bc43-4322-8b6b-7331b073ecda,Marmaduke First Baptist Church,,-90.3828833,36.1890569,05,0544240,Marmaduke
church_overture:69315a20-b17e-47c5-b5bc-040d650ec8cb,First Baptist Church,A Christmas Gathering- Kearney First Baptist Church,-94.36013275,39.37074548,29,2938072,Kearney
church_overture:6951e867-48fa-4272-ade6-eb2ece075d77,First Baptist Church,,-97.095642,31.807091,48,4877332,West
church_overture:695448b2-e11c-4aa3-af6f-4f6d88ed626f,First Baptist Church,,-92.44956333,35.58482724,05,0514260,Clinton
church_overture:6967b24e-6a65-4d4e-8a16-f9f150a7e52c,First Baptist Church,,-86.09367728,38.83792809,18,1878290,Vallonia
church_overture:696bb6dc-8da2-435d-91e4-e97088154184,First Baptist Church,,-75.38702326,40.06011506,42,NA,NA
church_overture:69772cae-de04-42f7-9491-f77c93261c64,First Baptist Church,,-96.2101974,28.7054691,48,4854684,Palacios
church_overture:6981be74-de38-416e-8241-b74e91a51293,First Baptist Church,,-92.05615194,30.31992698,22,2212665,Carencro
church_overture:69867415-b481-436a-b5c4-82f79443239c,First Baptist Church-trenton,,-83.2148487,42.1313855,26,2680420,Trenton
church_overture:6988121a-c481-4781-82e7-8624fcdcbe6d,First Baptist Church,,-89.6577328684445,39.78750813428018,17,1772000,Springfield
church_overture:698994f4-f176-4176-9e1e-b2a49ab95263,First Baptist Church,,-85.17093771677,34.2531634177,13,1366668,Rome
church_overture:698ba6ca-ccd6-404a-96bd-adc95b0fc271,First Baptist Church,,-106.62859749,45.87978859,30,3016525,Colstrip
church_overture:6990d78e-949d-4fa8-bb50-708df0bbb25c,First Baptist Church of Elkton,,-78.61229261,38.404739,51,5125408,Elkton
church_overture:69935afa-dfb7-4f03-af98-6a80b98cbd87,Dale First Baptist Church,,-97.56575139,29.92481441,48,NA,NA
church_overture:6999f8ab-86d5-42ac-9104-d99dbda00388,Oakman First Baptist Church,,-87.38667,33.71404,01,0155992,Oakman
church_overture:69acdec0-571d-493d-b3fa-de3d8bae906a,First Baptist Church of Dean,,-98.34806922,33.94950464,48,4819456,Dean
church_overture:69d03cfa-0d1a-4367-b15c-c689a55267e6,First Baptist Church,First Missionary Baptist Church,-87.59118285,37.83800423,21,2135866,Henderson
church_overture:69d6b884-b5c4-4685-80ba-abb2b53f22f8,First Baptist Church,,-89.250583,42.127227,17,1710240,Byron
church_overture:69da1117-abcd-4e0c-90f2-d2d67590a41a,First Baptist Church of Lone Grove,,-97.26048298,34.17206193,40,4043750,Lone Grove
church_overture:69da6498-17a9-49fa-81c3-bcce1f5d0576,First Baptist Church,,-83.353931,32.386578,13,1317328,Cochran
church_overture:6a003db2-92fe-48ed-a8cd-d25c3d455f32,First Baptist Church,,-104.62632986465913,44.101538505515386,56,5679125,Upton
church_overture:6a0798b3-ea19-423d-a785-946d5d450266,First Baptist Church of Venice,,-89.35785483,29.27870559,22,2278015,Venice
church_overture:6a0ba681-89fb-48ff-819f-1b4089ab87a2,First Baptist Church of Turley,,-95.9724004,36.25695999,40,4075150,Turley
church_overture:6a117eed-f3c0-48b6-8bd0-e2a7e39d2da5,First Baptist Church,,-80.073683,34.966639,37,3770380,Wadesboro
church_overture:6a18886c-8041-473f-a529-1d43aa76b5bc,First Baptist Church of Sweet Springs,,-93.41616155,38.96346609,29,2971890,Sweet Springs
church_overture:6a1ea7cb-dd0b-48e1-bcb8-bff05b725fef,First Baptist Church Of Genoa,,-95.2023466,29.6230009,48,4835000,Houston
church_overture:6a2ae9e4-bf15-4797-b47c-1d78402eff1a,First Baptist Church,,-84.251257,39.663787,39,3983090,West Carrollton
church_overture:6a3049a7-1f1e-45dd-bfb3-e1ec4b64b6db,First Baptist Church,,-87.247628,32.297968,01,NA,NA
church_overture:6a425800-df25-4505-be5a-b67dd4c65bc3,First Baptist Church of Holly Springs,,-78.83257796,35.64836333,37,3732260,Holly Springs
church_overture:6a4552e5-19dd-4d36-b292-be19bccc00c7,First Baptist Church,,-94.35398362,33.83077244,05,0576250,Winthrop
church_overture:6a53e4a8-51c8-493b-b9d3-6d1119534cbb,Olean First Baptist Church,,-78.42917492,42.076237,36,3654716,Olean
church_overture:6a589d87-7ff1-45de-9428-be69abae5344,First Baptist Church of Norwalk,,-118.0803828,33.90381267,06,0652526,Norwalk
church_overture:6a7f737c-4b1f-4bff-8a6d-82a3e822d9c7,First Baptist Church,,-96.10848716,30.91892328,48,NA,NA
church_overture:6a8dc103-24e0-4ca8-960a-09a16c6803c6,First Baptist Church,,-103.8105656535405,40.23727659511451,08,0827810,Fort Morgan
church_overture:6a99dcd2-bb44-46c3-92b6-21571554f1a9,First Baptist Church,,-94.60801989,30.24941365,48,NA,NA
church_overture:6aae4075-7231-419a-9648-db975b090728,First Baptist Church of Union Star,,-94.6023949,39.9805976,29,2975130,Union Star
church_overture:6abd4f89-a6d2-46b9-aa9e-e3382b5cf7a9,First Baptist Church,,-97.10487217869223,32.432471529423204,48,4875236,Venus
church_overture:6ac0420c-33d7-4b44-881f-e961e24fdf4a,First Baptist Church,,-78.45795231,36.10179653,37,3724720,Franklinton
church_overture:6ac2349a-b891-48da-ae11-437bc1f111b6,First Baptist Church,,-124.23697704,43.40541352,41,4153000,North Bend
church_overture:6ac2f7c0-ffc1-4647-a40d-4cdcb35e5036,First Baptist Church,,-71.62985049,44.75007975,33,NA,NA
church_overture:6ac7cbb3-805f-4c41-95f3-1bfc9cc415f7,First Baptist Church of Brentwood,,-73.26552194,40.77541611,36,3651495,North Bay Shore
church_overture:6ad5b250-1365-4e76-9663-2ebe70481842,First Baptist Church,,-90.09575941,38.83650792,17,1733279,Hartford
church_overture:6ad5fd63-b133-4114-939f-dedb8d8cdc54,First Baptist Church,,-74.02283128,40.85319787,34,3462940,Ridgefield Park
church_overture:6af821c6-2b79-4415-9bf4-bcfc2060a35d,Whitney First Baptist Church,,-81.93096938712362,34.98045680407202,45,4577425,Whitney
church_overture:6b03ee28-e4ea-47eb-9901-7d35d781a749,First Baptist Church,,-122.67142729673064,45.64121120950546,53,5374060,Vancouver
church_overture:6b044f9a-5fb5-4c1d-b38e-20c778f9a8a4,First Baptist Church of Splendora,,-95.161877,30.232501,48,4869548,Splendora
church_overture:6b09bb05-6812-4df1-bbb2-4f179742ef5d,First Baptist Church of Lyman,,-89.11376878,30.49297092,28,2829700,Gulfport
church_overture:6b2aed34-400d-4e56-a1f0-80b212855848,First Baptist Church,,-84.374348,39.627358,39,3929932,Germantown
church_overture:6b2e32c1-37cf-4171-8cdc-04bc415b4b74,First Baptist Church,,-71.64054763,41.38234907,44,4414320,Charlestown
church_overture:6b3389bc-42af-4236-85d3-33cf5bb6130a,First Baptist Church,,-81.7822941,32.45199908,13,1373256,Statesboro
church_overture:6b3ebfbc-a404-4a2b-b532-3b11fa742e67,First Baptist Church,,-92.84883625,33.91814463,05,0565900,Sparkman
church_overture:6b4a14bd-cf54-4193-8aea-f713a9a5d13d,First Baptist Church of San Mateo,,-81.58211524,29.60194315,12,NA,NA
church_overture:6b4c9afe-fd18-4c18-8b3f-6f005ad4dc8a,First Baptist Church,,-98.93650266458529,29.71828654836811,48,NA,NA
church_overture:6b58caa5-7fd2-41a8-87cd-028e821e428b,First Baptist Church,,-100.598292094648,35.2322188706659,48,4845780,McLean
church_overture:6b591362-e235-4985-a874-73eb8ad3f161,First Baptist Church of Richland,,-74.87838294,39.497326,34,3462790,Richland
church_overture:6b5bff17-9c08-4632-81b8-95b9518f91df,First Baptist Church Strawberry Plains,,-83.68411129,36.06495724,47,4771500,Strawberry Plains
church_overture:6b61a243-c4fa-4442-9e01-724d2702c99d,First Baptist Church of McAllen,,-98.23258767,26.20559558,48,4845384,McAllen
church_overture:6b6590f7-1497-4362-84ed-5317f5fbc486,First Baptist Church Newport,,-98.01607326288543,33.470297001645434,48,NA,NA
church_overture:6b673849-1746-4aea-a9df-5043f8e86325,First Baptist Church,,-98.10749527020083,39.45992026168013,20,2005775,Beloit
church_overture:6b761261-37d8-4132-85ea-2fdb50e2dd9e,First Baptist Church of Armstrong,,-81.44567671,29.76008937,12,NA,NA
church_overture:6b7f5837-44d2-4a7b-aae3-502f310578ee,First Baptist Church,,-75.31722595,42.81483889,36,NA,NA
church_overture:6b849fe9-86b9-4d8f-b3ca-a5f7d9ebf443,First Baptist Church,,-89.9668827205255,36.448026251534216,29,2914212,Clarkton
church_overture:6b8bde54-2fd8-4d1a-ac6a-83f16cc31af3,First Baptist Church,,-96.84190398,34.62597124,40,4063750,Roff
church_overture:6b9bf474-d4ca-48ad-b67a-fc945ec66550,First Baptist Church,,-92.35188257,42.48746535,19,1982425,Waterloo
church_overture:6baa1974-5865-4931-9035-c2b185c78cac,First Baptist Church,,-96.17722,33.580423,48,4809328,Bonham
church_overture:6bbab268-653a-4aaf-8a3a-869b5c5ccea5,First Baptist Church,,-87.38967937259652,39.17683944163572,18,1869192,Shelburn
church_overture:6bbf605b-12ac-4867-8830-7ea2bf5a1794,First Baptist Church West End,,-86.86911439,33.48031683,01,0107000,Birmingham
church_overture:6bcd57e2-3b3e-4caf-896b-4c0b7ae54f89,First Baptist Church of Spring Valley,,-117.01095343,32.73689,06,0673696,Spring Valley
church_overture:6bcf13dc-fb35-4537-a009-1b61afbaa15f,First Baptist Church,,-75.88551744108275,40.83210540625543,42,4241464,Lansford
church_overture:6bea1adc-25b5-4f77-91e5-69a556b83000,Hopewell First Baptist Church,,-81.142061,32.807849,45,NA,NA
church_overture:6bf1dfba-dd7e-465a-bcfb-f12616ec458b,First Baptist Church of Roland,,-92.50159382,34.9007345,05,0560470,Roland
church_overture:6bfa377e-118c-411b-9a51-5c8ea9e71019,"First Baptist Church, Stillwater",,-97.06095918,36.11406445,40,4070300,Stillwater
church_overture:6c0ad920-e689-4587-8149-72c131763cef,First Baptist Church Pflugerville,,-97.6293168,30.4410619,48,4857176,Pflugerville
church_overture:6c0bacc9-d74f-4941-8815-7d8df30335a3,First Baptist Church,,-87.66713091,40.46873953,17,1736061,Hoopeston
church_overture:6c17d252-4a2d-474d-8059-8e8663928b59,First Baptist Church,,-92.1862389,30.95283727,22,2210950,Bunkie
church_overture:6c1e0625-5cd9-4af8-bbee-1626ec6efd81,First Baptist Church of Bangor,,-68.77103038,44.80547556,23,2302795,Bangor
church_overture:6c1f121b-2ef0-4b1a-a02a-c2432d270cf3,First Baptist Church,,-91.91371034033385,30.290790203046843,22,2209340,Breaux Bridge
church_overture:6c1f1f56-2f55-49c0-8c6d-31f2ac8e131a,First Baptist Church of Palo Alto,,-122.14005041805713,37.43283554229445,06,0655282,Palo Alto
church_overture:6c20e383-44ae-4682-81b8-865a9a11d75d,First Baptist Church,"First Baptist Church of Charlevoix, Michigan",-85.25791454,45.30006662,26,NA,NA
church_overture:6c2cbe5f-2330-4f8f-a3a4-d86fd187ed9c,First Baptist Church,,-92.218079,33.921799,05,NA,NA
church_overture:6c2eef76-1fed-4120-841e-5a81cda58873,Trinity First Baptist Church,,-88.80267,31.69764,28,NA,NA
church_overture:6c2ff320-5dc3-4927-ba84-baa1bda8f38d,Varnville First Baptist Church,,-81.07760246,32.84913014,45,4573600,Varnville
church_overture:6c410677-f933-4da2-9b2b-d91844fc7959,First Baptist Church,,-94.10186393,41.84021767,19,1962355,Perry
church_overture:6c47cfe4-aad9-449c-adac-6948f560412d,First Baptist Church Vallejo,,-122.25522815,38.10453713,06,0681666,Vallejo
church_overture:6c50cd2e-93ad-4a40-9692-f32e57f5e473,First Baptist Church,,-89.85007565,40.01305999,17,1759312,Petersburg
church_overture:6c51e61b-dcfe-4afc-a71f-38f050fdd681,First Baptist Church,,-83.26604234,42.81790043,26,2662020,Oxford
church_overture:6c531c66-1cf0-42b9-9605-251b18b59734,First Baptist Church of China Grove,,-80.58286754,35.57001595,37,3712480,China Grove
church_overture:6c534a7a-267c-472c-8093-ebfe0f49f10e,City View First Baptist Church,,-82.43684,34.86307,45,4554535,Parker
church_overture:6c5d34d4-0223-4652-882a-182acaf53e6e,First Baptist Church,,-98.12340472,26.18047362,48,4801576,Alamo
church_overture:6c5d6552-781f-44d9-a672-d50db4b7437a,First Baptist Church,,-95.86573921,32.55458047,48,4812496,Canton
church_overture:6c6563b9-570f-41f6-9ea3-521d4d8e1ce9,First Baptist Church,,-105.9602702,33.6417403,35,NA,NA
church_overture:6c661474-82b4-4233-98ce-9a263cfc62f2,First Baptist Church of Johnstown,,-104.910824,40.335169,08,0839855,Johnstown
church_overture:6c6bcc03-de65-44be-8c2a-912898da8edd,First Baptist Church of Ronda,,-80.94252218,36.21825598,37,3757700,Ronda
church_overture:6c76f8ec-0a61-4079-8d0b-6f3eb7227bc3,First Baptist Church,,-97.11076005528672,34.42821750296058,40,NA,NA
church_overture:6c803096-dd8c-4964-bcaf-18053fc6d7de,First Baptist Church of Oyster Creek,,-95.28817826,28.950016435,48,4871384,Surfside Beach
church_overture:6c91b203-63b2-4aef-a3a8-c3b86dba9e28,Perryville First Baptist Church,,-92.802089,35.00616,05,0554710,Perryville
church_overture:6c95a020-d907-4158-a025-7d43d0a25633,First Baptist Church,,-94.34551011,33.328107610000004,48,4847088,Maud
church_overture:6ca2e915-9439-4577-95c5-ff36db9dfa95,First Baptist Church,,-92.796932,35.048044,05,0554650,Perry
church_overture:6ca31a6f-d931-494f-a2bc-b2140204e3b9,First Baptist Church of Polo,,-94.03869205,39.55403467,29,2958916,Polo
church_overture:6ca48bd0-612d-4a8f-8ab4-4ce0cf0a96c6,Berea First Baptist Church,,-82.47034178,34.89304165,45,4505770,Berea
church_overture:6ca7245f-7dcc-49f5-9e39-150ab5da06cc,First Baptist Church Of Checotah,,-95.52549061673098,35.46888224137953,40,4013650,Checotah
church_overture:6cb0c934-8e7f-4880-b3e5-8f3228a6b67c,First Baptist Church of Lenoir,,-81.54024838,35.91651249,37,3737760,Lenoir
church_overture:6cb7106b-db72-42c8-a687-7ba23d4c961c,First Baptist Church,,-92.45708963881259,33.53489350477217,05,0529650,Hampton
church_overture:6cb72c06-d858-412c-9824-d574ebf92564,First Baptist Church,,-118.35438396,33.78737059,06,0662644,Rolling Hills Estates
church_overture:6cb956ee-8ee1-4d05-9617-766219aff0e8,First Baptist Church,,-86.26056920177152,32.34158597139455,01,0151000,Montgomery
church_overture:6ccc9357-f5b8-4e37-962a-30c14de76bc9,First Baptist Church,,-91.70753596,37.00033435,29,2950438,Mountain View
church_overture:6ce17045-990e-412a-bcbf-2cb588862086,Waleska First Baptist Church,,-84.552413,34.316781,13,1379948,Waleska
church_overture:6ce63581-d26b-4bff-b3c4-d57d88dcb537,First Baptist Church,,-97.5198335,32.86297014,48,4805168,Azle
church_overture:6cef6ae5-369b-4dfb-b053-a2c27f45a5b1,First Baptist Church Keyes,,-101.953125,33.724339661748,48,NA,NA
church_overture:6d05df43-c565-4553-a34a-44838d49398b,First Baptist Church,,-122.84468788082329,46.86843711863298,53,NA,NA
church_overture:6d11e671-5104-4f08-b7af-852a32fdc152,Johnsonville First Baptist Church,,-79.44336337,33.82125566,45,4537105,Johnsonville
church_overture:6d259427-fde2-4958-ac1b-47a1e674713e,First Baptist Church of Lillian,,-87.43966994,30.4147337,01,0142928,Lillian
church_overture:6d2eb62d-e576-4273-a06a-f5f5b4e82822,First Baptist Church,,-77.99580769,35.38205841,37,3726880,Goldsboro
church_overture:6d40895d-1874-4fe3-a58f-9cb607d33d23,1st Baptist Church Of Amelia,,-84.22299339829381,39.03259969419561,39,3901742,Amelia
church_overture:6d49cb35-e083-4c16-8d27-4bbc5e37b0a8,First Baptist Church,,-79.44066912,37.78605636,51,5145512,Lexington
church_overture:6d527f00-05fc-46bd-a479-d279bc5eab08,First Baptist Church,,-87.87272163,41.81649215,17,1740767,La Grange
church_overture:6d55ddc6-6f5c-4fd3-95a2-692dcca1905f,First Baptist Church,,-95.38092893,33.65953672,48,4808812,Blossom
church_overture:6d56a504-0b99-45ef-b9b0-6b052c305674,Albany First Baptist Church,,-90.5863058,30.50375255,22,2200835,Albany
church_overture:6d5bca9b-74f8-43fb-a7b6-734938aff73f,First Baptist Church Trafford,,-86.74458,33.81919,01,0176680,Trafford
church_overture:6d6f9f45-9c21-40c8-a423-91d11b1820c5,First Baptist Church,,-93.79926893824812,39.76071352831245,29,2908128,Breckenridge
church_overture:6d753b73-09bc-4cbc-ae43-26e1e05e7e19,First Baptist Church Of Jackson,,-89.66770514,37.38080904,29,2935648,Jackson
church_overture:6d8255fd-f61f-4423-a5dd-04d45edf3b87,First Baptist Church Piney,,-80.256208,26.189936,12,1239550,Lauderhill
church_overture:6d9815f3-16d7-440b-b2c3-b045e668888b,First Baptist Church,,-84.4053201,39.8339282,39,3909358,Brookville
church_overture:6da204d4-2c37-4bef-a1f5-a403ac79c469,First Baptist Church,,-103.62968411,34.43256011,35,3547570,Melrose
church_overture:6dc2ddf0-2821-4e7b-b76e-231a11e36f5f,First Baptist Church,,-83.17961734,32.19839465,13,1325552,Eastman
church_overture:6dcc9367-73a5-4358-bda0-b9f9bb937432,First Baptist Church,,-99.763641,29.723364,48,4842004,Leakey
church_overture:6dfb61b1-0564-4d8c-8549-ceb5e3b82929,First Baptist Church,,-121.1328359,36.21683787,06,0638520,King City
church_overture:6dfe5493-1a36-46a1-9e56-65626b183e68,First Baptist Church of Sinton,,-97.51385806,28.0358077,48,4868036,Sinton
church_overture:6e06b3e0-8df7-4285-9241-4a0e4abb63b0,First Baptist Church,,-76.427689,42.947225,36,3667510,Skaneateles
church_overture:6e0b8fe4-beaa-4333-b47b-1740872f5b7d,First Baptist Church Morrisville,,-93.4277855,37.47702162,29,2950078,Morrisville
church_overture:6e4a55a0-128c-4d0b-9152-e681dbce4feb,First Baptist Church,,-77.44243072593525,43.09912514225632,36,3625076,Fairport
church_overture:6e4f31cd-6c68-4ee3-b5c9-54c88c8bff68,First Baptist Church,,-99.80296801,32.94716357,48,4869980,Stamford
church_overture:6e53145d-3198-4fd3-8395-ede5b9d5287a,First Baptist Church of Glendale,,-89.30454839,31.3618101,28,2827620,Glendale
church_overture:6e554dc1-64b8-42f3-a092-423370197f2b,First Baptist Church,,-99.72459085,33.99557705,48,NA,NA
church_overture:6e604f77-7747-4101-ac89-567fc7c25765,First Baptist Church,,-81.38937242,31.13578304,13,1368040,St. Simons
church_overture:6e6701c6-8563-4b40-8a1c-a00c5af1bff3,Gibson First Baptist Church,,-82.588174,33.28475,13,NA,NA
church_overture:6e67ebda-863f-4391-89f9-ba3c2eaeb05a,First Baptist Church,,-89.03104484,31.20451746,28,2851040,New Augusta
church_overture:6e68053f-d451-4085-8ef6-fa68cfd4889e,First Baptist Church of Minden,,-93.28297351,32.61638986,22,2250885,Minden
church_overture:6e6926c5-5c16-4780-b7a6-b6080dad8543,First Baptist Church of Orlando,,-81.4657124762,28.5097589402,12,1253000,Orlando
church_overture:6e77d305-66d7-432e-bad2-d118bd77be4c,First Baptist Church,,-90.48606782,33.18018246,28,2805140,Belzoni
church_overture:6e7f9b64-de60-4be1-b570-0fcdf6080bfe,First Baptist Church of Plano,,-96.75929554,33.000555490000004,48,4858016,Plano
church_overture:6e7fc89d-6792-416d-a6fd-4a1b4b91db7f,First Baptist Church,,-101.4761415,32.22783275,48,4808236,Big Spring
church_overture:6e80b23d-e5f7-4034-b8b8-f3792e75a072,First Baptist Church,,-75.23091833621459,44.465702183092695,36,3634165,Hermon
church_overture:6e8614ad-a829-4a97-9915-4a1953ac6475,First Baptist Church,,-96.93058635,42.77925679,46,4666700,Vermillion
church_overture:6e8715cc-4842-4680-a1fa-c746cb855d72,First Baptist Church Bean Station,,-83.36739995,36.33072904,47,NA,NA
church_overture:6e9fc27c-cecb-4d99-9da4-33e465b76e64,Lowell First Baptist Church,,-91.43721397,40.83087405,19,1946965,Lowell
church_overture:6eb18125-01a2-4562-af3d-e73f1ff4ea16,First Baptist Church Lufkin,,-94.727037,31.341445,48,4845072,Lufkin
church_overture:6ebc5fe4-b00b-47df-8dc9-071b529839e1,First Baptist Church of Cotter,,-92.5364143,36.26945372,05,0515490,Cotter
church_overture:6ebdfdf4-b505-49cf-8df1-e05ab618bdcc,First Baptist Church,,-91.95371854,30.5614645,22,2261825,Port Barre
church_overture:6ec1ecf0-6714-4f90-860f-5cad8f5bb5e5,First Baptist Church Marble Falls,,-98.26734932178586,30.578665550928537,48,4846584,Marble Falls
church_overture:6ec68fb7-68d7-4f62-afa1-e6cad697c1ba,First Baptist Church,,-85.648204,30.24309,12,1241825,Lynn Haven
church_overture:6ed47fc0-4d17-4703-afdc-d48a6c1ac315,First Baptist Church of Auburndale,,-81.78890429,28.06194225,12,1202550,Auburndale
church_overture:6ed4fe42-dbc7-44b4-bcc3-283f8db40dfc,First Baptist Church,,-93.28869804,30.84534314,22,2220610,DeRidder
church_overture:6eda8987-9f39-4397-b94e-cb3363c63924,First Baptist Church,,-84.18070578,36.33071033,47,4737600,Jacksboro
church_overture:6ee9db35-40c7-4ca4-8189-3ea6a695f6e9,First Baptist Church of Keenesburg,,-104.52100743,40.11111518,08,0840185,Keenesburg
church_overture:6f1f20e2-16d9-47ff-83ac-48ac5bdfdafb,First Baptist Church Dupo,,-90.20348011,38.52010097,17,1721254,Dupo
church_overture:6f2ceb7f-92e1-4f14-8d13-9807583b12bc,First Baptist Church,,-92.310481,30.568931,22,2214450,Chataignier
church_overture:6f352af5-f85f-4e6d-8bb3-c03d1d1c8ed5,First Baptist Church of Mariposa,,-119.9647473,37.4840747,06,0645932,Mariposa
church_overture:6f4f8924-71d2-4a9a-9b8b-f00090fe6aba,First Baptist Church,,-85.61369503,33.9236073,01,0159640,Piedmont
church_overture:6f4fb93d-edfe-4f00-83df-0a6822926076,First Baptist Church,,-93.326489,43.761383,27,2711674,Clarks Grove
church_overture:6f50c2f4-52a3-4ffb-80b4-d042f1461f6b,White House First Baptist Church,,-86.6654479,36.45658808,47,4780200,White House
church_overture:6f524dee-d5f5-4e3b-a13d-96395c58ca7c,First Baptist Church,,-95.075813,46.91511,27,2749768,Park Rapids
church_overture:6f5293c9-ef11-4e7c-8ca9-97ffbec24d60,Callahan First Baptist Church,,-81.83368082,30.56032154,12,1209700,Callahan
church_overture:6f5560f3-27b4-42ef-9340-c5d23d113310,First Baptist Church of Sorrento,,-81.557582,28.808416,12,1266975,Sorrento
church_overture:6f5b023d-6259-463c-ae2b-3cf39cc0fa21,First Baptist Church of Atwater,,-120.60851798,37.35220633,06,0603162,Atwater
church_overture:6f5eedbb-330e-409a-a22f-8b098cfe918a,First Baptist Church of Pacific Grove,,-121.9097738,36.61749107,06,0654848,Pacific Grove
church_overture:6f5f262f-da92-473b-b5b6-77c8b2940e1d,First Baptist Church,,-90.153593,40.386289,17,1743055,Lewistown
church_overture:6f685aee-5d39-46c9-878b-362552dada66,First Baptist Church,,-90.37141,39.48292,17,1765481,Roodhouse
church_overture:6f7c295d-4a42-4579-9ec9-c42087e4aeed,Sierra First Baptist Church,,-120.81017462,39.20707887,06,0601276,Alta
church_overture:6f862a8c-564f-4691-86e2-37759a96cf16,Ellerbe First Baptist Church,First Baptist Church,-79.76148036,35.07511901,37,3720840,Ellerbe
church_overture:6f88c3cd-b7b8-45f3-8f00-d9dc03c7ce97,First Baptist Church,,-73.642317,43.311855,36,3629333,Glens Falls
church_overture:6f8e8d2e-7ed4-41b4-b879-6123c6dc98dd,First Baptist Church,,-88.122474,33.752261,01,0178480,Vernon
church_overture:6f930e0e-c4bb-4c73-a64f-a7932cadf29f,First Baptist Church Maysville,,-94.3618735,39.88937886,29,2946946,Maysville
church_overture:6f94381c-a4ff-4c68-8e2d-d699df7ed026,First Baptist Church of San Diego,,-117.18718918,32.85371022,06,0666000,San Diego
church_overture:6f98407e-2d49-48ad-878c-67ec9c8b9fdc,First Baptist Church,,-83.52453784,34.51096954,13,1319728,Cornelia
church_overture:6fa2c78f-ca59-4c3b-898f-335c084f3649,First Baptist Church,,-98.99011844,35.29275219,40,4051250,New Cordell
church_overture:6fa48818-8373-4a7a-a959-0dc5844f3777,First Baptist Church Sweet Home,,-92.24048112,34.68670351,05,0568330,Sweet Home
church_overture:6fa68953-7021-4b96-af53-79a59e3d07c2,First Baptist Church,,-73.385236,43.027362,36,3611825,Cambridge
church_overture:6faf4477-751c-46b2-99e5-4f84e048e1ca,First Baptist Church,,-89.07748588,39.38747544,17,1757472,Pana
church_overture:6fbe476d-2f80-4e9d-ba7c-ec1d12609a75,First Baptist Church of Key Largo,,-80.44643116,25.08777457,12,1236375,Key Largo
church_overture:6fecc286-7d42-4051-bbf0-66dbf8d946c2,First Baptist Church,,-94.31310786,35.97885421,05,0557170,Prairie Grove
church_overture:6ff36971-3db0-41ce-9977-b39636b40f5d,First Baptist Church,,-79.181323,35.482827,37,3759280,Sanford
church_overture:7000eed7-c7b9-40ee-8929-502df3907d56,First Baptist Church,,-120.38577513,36.75691951,06,0646828,Mendota
church_overture:7014f37b-eb75-48b5-976e-4a33d2e4120e,First Baptist Church,,-95.07448777651555,32.257261026859005,48,NA,NA
church_overture:701b0928-7dde-45aa-8b0d-ddbee313700e,First Baptist Church,,-93.6229502,41.58646116,19,1921000,Des Moines
church_overture:7021996e-a9d1-470c-8fb0-558fa59d9b8b,First Baptist Church,,-84.33830641,35.74117333,47,4743780,Loudon
church_overture:7022f2b6-a600-453e-9b56-86eccf3302e5,First Baptist Church,,-74.4150367,40.76035679,34,3442510,Madison
church_overture:7034ffb4-bdf0-4009-ac9a-f5b63c228207,First Baptist Church,,-94.85272261,33.18679651,48,NA,NA
church_overture:70445bab-e5ea-44cf-8bed-8c9a76366ee7,First Baptist Church,,-77.440216,35.378005,37,3728200,Grifton
church_overture:7057c5fd-0270-415a-80b5-036224c4e313,Lake Junaluska First Baptist Church,,-82.94731632,35.52564226,37,NA,NA
church_overture:705a502e-02e7-4839-ac6a-987224592534,First Baptist Church Chattahoochee,,-84.48014472,33.80950666,13,1304000,Atlanta
church_overture:705e29c0-4d5e-4ea1-b0fd-6c8b72ae67e5,First Baptist Church of Lithonia,,-84.11933361,33.70388827,13,1373784,Stonecrest
church_overture:707af467-4f12-4ee7-8431-6f2f146d0bd8,First Baptist Church,,-90.2222154,38.6406377,29,2965000,St. Louis
church_overture:7090b6c5-f83b-49a0-af2e-7e8ca08677a9,First Baptist Church,,-71.34781244,41.83464436,44,4422960,East Providence
church_overture:70a828dd-c0cd-4591-b97c-43293d707bdd,First Baptist Church Of Norwich,,-72.08681147,41.52343897,09,0956200,Norwich
church_overture:70af177c-ebce-4a71-b7b1-320317de73e1,First Baptist Church of Ponder,,-97.28843323,33.17914114,48,4858664,Ponder
church_overture:70c1a9c1-2b1e-4c42-a29d-56266d473941,First Baptist Church Ratcliff,,-93.88501,35.30737,05,0558160,Ratcliff
church_overture:70d1112e-db71-4e15-9aed-d7c77672a108,First Baptist Church,First Baptist Church Grand Tower Illinois,-89.49895967,37.62640881,17,1730770,Grand Tower
church_overture:70d90dfb-8ebf-4ee7-9b95-d48daeefb20d,First Baptist Church,,-94.12259045,33.44216126,48,4850352,Nash
church_overture:70d97922-eb58-4437-88a3-343e49f6bd9b,First Baptist Church,,-87.06679158,41.48889173,18,1878326,Valparaiso
church_overture:70db7f2b-1579-4ca6-b8a7-db19ef33d8c9,Wheatfield First Baptist Church,,-87.0557177,41.1920719,18,1883528,Wheatfield
church_overture:70f4eafd-d23e-444f-bddc-86221a50b11e,First Baptist Church,,-71.217761,42.790719,33,NA,NA
church_overture:71081e55-6c97-44ed-adab-a28bdf413344,First Baptist Church of Redmond,,-122.11807234,47.68624261,53,5357535,Redmond
church_overture:7130e1a2-5e4a-4d6c-b9c8-27244a92bf54,First Baptist Church,,-99.8665061,35.21133603,40,4024200,Erick
church_overture:7141d2a7-80ee-4f9e-b457-55e95a945ab2,First Baptist Church,,-98.53592934,32.10819674,48,4819672,De Leon
church_overture:7144a2e0-c2f8-44eb-9b9f-6b3e6f5b58e5,First Baptist Church,,-91.34038408,40.63531981,19,1928605,Fort Madison
church_overture:714df464-f84f-4e44-9513-45b24c34fbf7,First Baptist Church,,-101.4817436,31.86516268,48,4828176,Garden City
church_overture:714ec124-e13d-4c6d-abd4-1512abb8ad84,First Baptist Church,,-98.36260789087271,34.89196751048683,40,4002300,Apache
church_overture:7150956b-d936-40f9-a599-fd136331f78a,Parker First Baptist Church,,-97.11942521,43.40164058,46,4648380,Parker
church_overture:7151008e-c520-46f0-8240-73bb350631ef,First Baptist Church of Crothersville,,-85.8383891,38.79642343,18,1816084,Crothersville
church_overture:7157919b-a64b-43bf-acdd-6bcddb3aa6f8,First Baptist Church,,-94.173429,30.352461,48,4867832,Silsbee
church_overture:71597014-9a71-416c-a021-2d1dc6f4d509,First Baptist Church,,-102.29084148,40.577763590000004,08,NA,NA
church_overture:7170c11a-11e5-4806-a764-48dbba077174,First Baptist Church Devers,,-94.59241726,30.02551193,48,4820140,Devers
church_overture:7172c497-75d4-426f-95a0-227d5ea606cd,First Baptist Church,,-103.2241479,38.0666936,08,0843660,Las Animas
church_overture:719b2b98-0a55-4742-8999-8671aebac3d8,First Baptist Church of Claremont,,-117.72840418,34.09848283,06,0613756,Claremont
church_overture:71a4ed40-fffa-488d-8a06-110ea1ca9187,First Baptist Church,,-88.82192819924433,32.167735025227316,28,2822580,Enterprise
church_overture:71b9c870-325a-4485-90b9-d5a3deea8be7,First Baptist Church,,-105.20331764,34.59819966,35,3582570,Vaughn
church_overture:71bbbc3d-c7c1-4c20-9f8e-f0fecf79056f,First Baptist Church,,-81.98463015,34.30648334,45,4517890,Cross Hill
church_overture:71beda67-c6d8-4791-b1d6-9784ddf3537f,First Baptist Church,,-88.82963512,35.64283181,47,4737640,Jackson
church_overture:71c6c81e-1072-4a8c-a249-3b41fb1391bf,First Baptist Church Tupelo,,-88.70911927,34.25980912,28,2874840,Tupelo
church_overture:71d41a62-5342-4321-857e-5dc69092d2d6,First Baptist Church Bolivar,,-88.999184,35.257396,47,4707180,Bolivar
church_overture:71db8ec4-8aed-4c50-b846-502d17d04e8a,First Baptist Church of Raytown,,-94.456718,38.984936,29,2960788,Raytown
church_overture:71dd215b-c7cd-451d-91b1-b4502538762e,First Baptist Church - Wortham,,-96.46412103,31.78613717,48,4880296,Wortham
church_overture:71e4760a-3699-4477-86be-5ae4f3370a66,Menlo First Baptist Church,,-85.47666524,34.48713615,13,1350848,Menlo
church_overture:71e4c474-b444-4d79-8ebf-8bf0063df7ac,First Baptist Church,,-78.32089096,34.9989297,37,3713240,Clinton
church_overture:71ec109a-8033-4a04-8698-f502fda16bc9,First Baptist Church,,-76.04515269,39.57761463,24,2461150,Perryville
church_overture:71ed4a83-4c9d-4539-9760-00841b47b4de,First Baptist Church of Santa Anna,,-99.32076575,31.73982773,48,4865672,Santa Anna
church_overture:71f07008-ada7-48ef-bebc-ce2c57a55c2a,First Baptist Church of Decatur,,-84.92577769,40.82749331,18,1817074,Decatur
church_overture:71f1a2d0-8a84-4871-addc-07ab48040769,First Baptist Church,,-95.584943383327,31.621856686674,48,4823140,Elkhart
church_overture:71f8282d-22ad-43f3-b34b-1b4b042597c6,First Baptist Church,,-116.20575653061636,43.6228564816935,16,1608830,Boise City
church_overture:72013674-303e-4d9d-ad96-e31c8966fb01,West Odessa First Baptist Church,,-102.37466068,31.832167626252,48,4853388,Odessa
church_overture:7201c001-7c68-48a0-9072-b181c3706235,First Baptist Church,,-75.54253401,42.82522201,36,3631709,Hamilton
church_overture:7208a61e-80f0-46c8-b079-ee6f19627f6b,First Baptist Church of Sioux Falls,,-96.72969583,43.51275113,46,4659020,Sioux Falls
church_overture:720f6281-dcc8-47c2-b40f-145ac7aabee2,First Baptist Church,,-123.283522,42.92741,41,4111000,Canyonville
church_overture:7213b12b-2c70-43e5-af12-294d86a4656c,Raleigh First Baptist Church,,-88.53527298,37.82716932,17,1762588,Raleigh
church_overture:721f4854-2f55-496a-a65e-2828a2847941,First Baptist Church,,-114.606227,42.564408,16,1627730,Filer
church_overture:7225d3a4-a360-444b-b6b0-4b337ea7393a,First Baptist Church,,-89.86554241,41.09278071,17,1775783,Toulon
church_overture:7226c190-0c6e-439e-ba10-16e08dd7407c,Fernley First Baptist Church,,-119.24192,39.606404,32,3224900,Fernley
church_overture:72316281-680c-42ec-b5f7-dae8be80a499,Wheatley Heights First Baptist Church,,-98.38342661,29.50365575,48,4865000,San Antonio
church_overture:7232b348-8db0-49da-97c8-d572537e9991,First Baptist Church of Bartlett,,-97.42978208,30.79717249,48,4805732,Bartlett
church_overture:7236cc2f-1f4f-43be-ae67-f33106a7f5a4,First Baptist Church,,-85.42429128,40.68772317,18,1880108,Warren
church_overture:723c70f8-3d0b-407c-aa60-925e74707341,First Baptist Church Chiefland,,-82.855392,29.483483,12,1211925,Chiefland
church_overture:7242b1b9-131c-4d02-8773-fd3411c96db0,First Baptist Church of Cross Roads,,-95.96423435,32.05392071,48,NA,NA
church_overture:724cd460-ffa8-4444-b995-34cb44e39fec,First Baptist Church of Peaceful Valley,,-104.68028345,38.73640969,08,0868847,Security-Widefield
church_overture:724e7a07-8b83-4747-b5a8-1d7e825b8a1c,First Baptist Church,,-78.27924312,42.86470103,36,3603001,Attica
church_overture:7251a1d9-3c2a-4358-8790-719ae43a39ad,First Baptist Church,,-99.17054914869051,35.34904719593982,40,4010250,Burns Flat
church_overture:725f2214-8a4e-4df3-8f46-dafec58c46e5,First Baptist Church of Quinwood,,-80.70419422100001,38.05804602375,54,5466412,Quinwood
church_overture:7260244a-510a-4c86-b3b8-cf50ce009939,First Baptist Church,,-98.26082443006855,35.18804149511461,40,4030600,Gracemont
church_overture:726046c7-341a-409d-8bf7-938c6acd4558,First Baptist Church,,-95.11666346126363,29.776559268065228,48,4814236,Channelview
church_overture:7265595c-4f92-4c2e-ab8e-21b9015c6dd3,First Baptist Church,,-99.79671652,32.21123324,48,4874048,Tuscola
church_overture:72693eac-f7ac-4678-8a6c-540ac1111c23,First Baptist Church of Ovid,,-84.37146386,43.00361306,26,2661860,Ovid
church_overture:726cc5e6-9a00-4665-a2ae-11b29f677a3c,First Baptist Church of Los Fresnos,,-97.47264558,26.07116462,48,4844116,Los Fresnos
church_overture:726cfed6-0b1a-4eeb-b59e-5ec4fc3f05bd,First Baptist Church,,-82.587928,38.419777,39,3973670,South Point
church_overture:726d53f0-e09b-4bae-a930-0a4c0e814fdf,First Baptist Church,,-108.49385188,34.34550668,35,3560730,Quemado
church_overture:727fd120-6a98-40d4-b623-6b6416e30193,First Baptist Church Of Norco,,-90.413012,30.007629,22,2255525,Norco
church_overture:72873b78-0660-4b3e-aaf1-e47239978b74,First Baptist Church,,-104.7836268,37.6231456,08,0882350,Walsenburg
church_overture:72a2cbf8-ce0b-44c0-b0a8-5f8a3b303eba,Marston First Baptist Church,,-79.57595562861884,34.98590581245564,37,NA,NA
church_overture:72af6ef5-9419-4a99-ac99-cb9719c9a73f,First Baptist Church,,-77.915453,35.729662,37,3774540,Wilson
church_overture:72becf05-7965-40d6-a654-b4b8a6180cc3,First Baptist Church,,-75.52451555,42.53193221,36,3653979,Norwich
church_overture:72beda64-8ef6-4409-b916-48040d17a744,First Baptist Church,,-83.417344,41.925307,26,2655020,Monroe
church_overture:72bf287c-1555-49d0-8965-bbaa60846f7d,First Baptist Church Of Hawthorne,,-118.344143,33.906041,06,0632548,Hawthorne
church_overture:72c11e6a-339b-406a-b99b-7618d6ae4667,First Baptist Church,,-96.764118447217,35.704532360833,40,4019350,Davenport
church_overture:72cbbe0f-0159-4d11-89cd-5d0a2a6b2b88,First Baptist Church,,-102.32940399,35.68418559,48,4814260,Channing
church_overture:72cbc6cf-9e23-41cc-a8b4-3a0bc0105e3e,First Baptist Church,,-83.7622384,31.93585667,13,NA,NA
church_overture:72dca3e2-4313-44c6-bba1-c4ca50e2f6e6,First Baptist Church of Bucyrus,,-82.97272,40.80453,39,3910030,Bucyrus
church_overture:72e500c3-eb2c-48f2-ad77-25b430a82928,First Baptist Church Cherokee,,-94.82074316,37.3437187,20,2012825,Cherokee
church_overture:72e592d0-6ee7-45b4-96c4-744751370a1b,First Baptist Church,,-93.97975606,39.27861765,29,2961670,Richmond
church_overture:72e668f1-444e-4c6f-893e-f26e18053677,First Baptist Church,,-114.40323451,42.94018235,16,1673900,Shoshone
church_overture:72ee3821-1307-4a78-856d-a2f52d57b795,First Baptist Church of Senoia,,-84.55491101,33.30233011,13,1369672,Senoia
church_overture:72fc7335-36d2-4b9c-9342-6223d7ff5941,First Baptist Church of Haddonfield,,-75.03303346,39.89692672,34,3428770,Haddonfield
church_overture:7309cbbf-d2a0-41eb-b1cc-72d016f022f7,First Baptist Church,,-85.08923426128578,35.45134373384905,47,4730760,Graysville
church_overture:731ca18b-6cf2-46e2-9753-586deef860dd,First Baptist Church,,-82.40353969,33.00306207,13,1347560,Louisville
church_overture:732c9297-d4ec-4023-824f-b211746f811e,First Baptist Church Diboll,,-94.7789087,31.18703484,48,4820308,Diboll
church_overture:733613d4-c92d-4c21-b049-e698239a98e5,Cleora First Baptist Church,,-94.97045358,36.5934835,40,4015250,Cleora
church_overture:733d33fa-9092-4568-8c8f-1c81ac51e0c6,First Baptist Church,,-85.90491353,38.96021553,18,1868832,Seymour
church_overture:733d5e62-1d15-49c4-a4d9-947b1b1a118a,First Baptist Church,,-83.59112796,36.44983647,47,4753140,New Tazewell
church_overture:7342f753-d66f-41ae-baab-ad7df2995b7b,First Baptist Church,,-96.557869,42.822261,19,1900775,Akron
church_overture:734c22f7-b37b-456f-894f-b829133ebae3,First Baptist Church,,-76.850126,38.89486,24,2475810,Summerfield
church_overture:73557143-d7d3-40eb-8be4-eaaefc548324,First Baptist Church,,-97.42856708,38.38554637,20,2010475,Canton
church_overture:735d5a33-4b3e-4d2d-8caf-45060c68761d,First Baptist Church,,-86.76680432234522,34.06027414046849,01,0132968,Hanceville
church_overture:735e220d-785e-4d85-b95c-befa4755fd4f,Saint Joseph First Baptist Church,,-87.4880705,35.04957474,47,4766160,St. Joseph
church_overture:735f4f45-531d-4333-822c-88372a451f89,New Home First Baptist Church,,-78.92747953,33.95321279,45,NA,NA
church_overture:73608a3a-0869-4ac3-8fb4-462e2bba67a4,First Baptist Church,,-101.94140442,31.22362187,48,4860668,Rankin
church_overture:736ee518-d4ee-401d-9133-c77c162ae7ea,First Baptist Church of Irondale,,-86.70864827751365,33.53914336750344,01,0137864,Irondale
church_overture:7381393d-e13a-4c21-aaa9-57d34cfdadba,First Baptist Church,,-96.99209634,43.37308476,46,4611380,Chancellor
church_overture:73865586-36e5-47ca-9f9f-53c8ea70f610,New Castle First Baptist Church,,-85.16924844,38.43313611,21,2155596,New Castle
church_overture:738c6548-060a-45b1-92e8-a8941af24b11,First Baptist Church,,-91.19439974,34.88434888,05,0508950,Brinkley
church_overture:738ff038-656b-4b07-b0ae-290aa5b1f4c6,First Baptist Church,,-88.52064209,36.13325764,47,4744940,McKenzie
church_overture:73a003f6-ee3c-4241-8883-7b55a94b65fb,First Baptist Church,,-90.05545317,34.00702169,28,2812900,Charleston
church_overture:73afb24d-48e2-4179-a127-723e59fcac89,First Baptist Church,,-98.46555359,45.4442738,46,4600100,Aberdeen
church_overture:73b20b65-bc9b-4fb5-9f02-58c42712dbc8,First Baptist Church of Colby,,-101.0521256,39.39343797,20,2014650,Colby
church_overture:73b2f421-2e0e-47e0-9fcf-1ec6b957365e,First Baptist Church,,-99.13524335,30.04808902,48,4839040,Kerrville
church_overture:73b578c0-848f-40cd-b834-514d40874943,First Baptist Church of Epes,,-88.131812,32.688154,01,0124256,Epes
church_overture:73b80bd1-854c-40ea-ad85-e2f58925337e,First Baptist Church,,-88.63031606,35.44061788,47,4733260,Henderson
church_overture:73b930f0-4b47-4dec-9dad-3719207731c3,First Baptist Church of Clarion,,-79.38200924,41.21370693,42,4213800,Clarion
church_overture:73c00aac-9dbb-4cea-a893-06aa37b50a20,First Baptist Church Baltimore,,-76.68903687,39.32970133,24,2404000,Baltimore
church_overture:73c9d414-b018-47b8-97b3-7fe00e3789c6,First Baptist Church-pierceton,,-85.7066716,41.2003773,18,1859598,Pierceton
church_overture:73cae743-8fbc-4af3-b33a-e265d4b20eeb,First Baptist Church,,-71.15229278,42.48030586,25,2581035,Woburn
church_overture:73d1c7a6-a483-48e5-966a-9575d1a7dc18,Mullins First Baptist Church,,-79.2535311,34.2025494,45,4548805,Mullins
church_overture:73d6473c-e0f0-4afa-b826-6312a259735a,First Baptist Church of Warsaw,,-96.4142534,32.54481811,48,NA,NA
church_overture:73d9b6e1-3e90-4f9e-9867-1a4e175e4dd2,First Baptist Church,,-85.645303,39.00051,18,NA,NA
church_overture:73da981a-8615-4c4b-921e-4d845cb89d38,First Baptist Church of Natalia,,-98.85978735,29.19073222,48,4850400,Natalia
church_overture:73f68094-94be-4fe2-8acf-2f76a3433b6b,First Baptist Church,,-84.72563158,39.02959111,21,2111170,Burlington
church_overture:7413bdf5-f97d-464c-9899-42a2e189b233,First Baptist Church,,-97.6051,34.83318,40,4043150,Lindsay
church_overture:742359a8-e41b-426b-8f8d-15f057afad4b,First Baptist Church,,-80.8904810303398,34.569142013250975,45,4530490,Great Falls
church_overture:74237bb4-eb55-475a-97d7-5496cc0ab236,First Baptist Church of Festus,,-90.38541816,38.21957114,29,2917632,Crystal City
church_overture:742b59ad-4058-48d9-b41e-37ea840a4ee6,First Baptist Church Covington,,-90.13207511,30.4609831,22,NA,NA
church_overture:74306a40-2910-49b0-900b-8cc7ff45acb2,First Baptist Church,,-101.85294078828,34.065579131037,48,4831820,Hale Center
church_overture:7433c1a8-13d0-41c5-a18e-3199ae11116b,First Baptist Church,,-97.11554962073971,37.3882853973162,20,2071950,Udall
church_overture:74395d59-7315-4972-9081-f2d3c7964503,First Baptist Church of Chesterfield,,-90.60756406,38.65692949,29,2913600,Chesterfield
church_overture:744b4bc3-639f-4978-baf7-e484aa3bcc8d,First Baptist Church,,-101.2559871735303,47.86702897400965,38,NA,NA
church_overture:7450872c-9bba-43b0-942c-5ca4d31b6f3a,First Baptist Church,,-79.60646829,40.62919942,42,4242280,Leechburg
church_overture:74533db5-6740-4029-b8fa-0ddda4f1f2e3,First Baptist Church,,-93.66119622,30.31754217,22,2272975,Starks
church_overture:746224a6-7175-4640-a525-0330efa9cae1,First Baptist Church,,-119.95227747,38.94887033,06,0673108,South Lake Tahoe
church_overture:7463987d-3e8e-4756-a117-4e90377e13ce,First Baptist Church,,-84.169084,31.731987,13,1345768,Leesburg
church_overture:7469aeb6-b9ce-4cf1-b0aa-7e6bc4a1a1ef,The First Baptist Church of Gwinn,,-87.42661,46.282236,26,2635760,Gwinn
church_overture:746ea6de-2d11-4b06-b0f3-7eb453c1d805,First Baptist Church Of Cheyenne,,-99.66983542312958,35.61362454105985,40,4013900,Cheyenne
church_overture:748ff83b-b7f9-4b16-a2fc-8bdbb408a35a,First Baptist Church of Ballston Spa,,-73.8488108,43.00594675,36,3604253,Ballston Spa
church_overture:74922254-a05e-44e9-9c52-c689f93c1ebb,St John First Baptist Church,,-97.41211,27.8006,48,4817000,Corpus Christi
church_overture:749cd033-f621-426d-b26b-00db6ea094ca,First Baptist Church,First Christian Church,-83.00749948,36.40541078,47,4764820,Rogersville
church_overture:749d8aa9-7bb5-4f10-a817-6edf291a74c1,First Baptist Church of Delhi,,-84.68929038,39.11155251,39,3915000,Cincinnati
church_overture:74a6369d-491c-488e-8008-751637dca13f,First Baptist Church,,-74.22084783,42.95569998,36,3602066,Amsterdam
church_overture:74bc9033-253f-460a-b5d7-a2249c172e1a,First Baptist Church of Decatur,,-84.29743577,33.77892541,13,1322052,Decatur
church_overture:74c0abc7-8557-4207-b4a5-d9e0c03b0584,First Baptist Church,,-72.471317,42.049997,25,NA,NA
church_overture:74dbce2b-f872-4889-be2d-cc3032ca865f,First Baptist Church,,-82.49455465,29.68820129,12,NA,NA
church_overture:74ddc3d1-b67c-46d5-ad78-a6a250a257d6,First Baptist Church,,-99.3022274421832,34.157800090589475,48,4875308,Vernon
church_overture:74ea8c45-de9e-4bb4-94a4-5c84d3df59b9,First Baptist Church,,-91.85730438,37.49526319,29,2942464,Licking
church_overture:7506af50-77cd-4d00-8afd-53c0d832aea9,First Baptist Church,,-113.99648313206278,46.87437291451614,30,3050200,Missoula
church_overture:7507c5f6-ea39-4946-894d-c1517e1c9b8b,First Baptist Church,,-79.50327077,42.25272037,36,3646239,Mayville
church_overture:7523f767-7b6d-4e63-9bc4-057113a502a1,First Baptist Church,,-85.66322059796029,42.67543203705048,26,NA,NA
church_overture:752a6923-a276-4002-aec2-0152910158a4,First Baptist Church Eastwood,,-85.45395015,38.23189806,21,2148006,Louisville/Jefferson County metro government (balance)
church_overture:752c6e66-025a-4c42-b7c8-41155f5aa5b5,First Baptist Church,,-97.4060088143714,34.81959408110759,40,4047150,Maysville
church_overture:75393ad0-5ac7-42f5-adfa-2587c8b2cd3f,First Baptist Church,,-77.05142135,35.5406801,37,3771220,Washington
church_overture:75466e1c-2529-4309-bb81-9af0be5c613a,First Baptist Church of Howard,First Baptist Church,-96.26085112,37.46988652,20,2033250,Howard
church_overture:754a0424-d8fa-4775-af10-6fec1e286e1e,First Baptist Church of Oakboro,,-80.32744851,35.22489738,37,3748040,Oakboro
church_overture:755bcfac-fae0-4760-b7e7-238d597b7cfe,First Baptist Church,,-86.03531531,36.07642045,47,4700620,Alexandria
church_overture:755de2ca-1858-41cf-9c73-7fbdc3dfca20,First Baptist Church Of Milltown,,-92.50412206,45.52813557,55,5552075,Milltown
church_overture:7569cdcf-9f53-45fc-b160-ca3cedd14240,First Baptist Church,,-75.00220222141454,39.48445476795875,34,3476070,Vineland
church_overture:756bb8d6-533c-4126-9370-1b7374f22cb1,First Baptist Church of Smithton,,-76.66459469,35.52348881,37,NA,NA
church_overture:7576ad2f-99d7-4d75-a972-94eb7365bc52,First Baptist Church of Robinson,,-97.1154368,31.47039729,48,4862588,Robinson
church_overture:758262e1-af1b-4ed6-b07a-a773b30067b1,First Baptist Church,,-82.90914681,32.53908432,13,1324376,Dublin
church_overture:758e9291-14e7-4bdf-b5b1-0ba92be16ad8,First Baptist Church,,-96.38779,35.83256,40,4008900,Bristow
church_overture:7590b6de-2cec-46f0-9fdf-84b424199abd,First Baptist Church Humboldt,,-88.89312509207859,35.8188631603913,47,4736460,Humboldt
church_overture:75a03eb3-9d35-4513-b4a6-a9b62af85b76,First Baptist Church,,-76.67100901,42.54760046,36,NA,NA
church_overture:75b14eba-6cac-4fd8-9fd2-87ef161793ea,First Baptist Church Of Chaparral,,-106.40224436575562,32.0233617421362,35,3514250,Chaparral
church_overture:75b28836-536f-48f6-a29c-22136246a641,First Baptist Church,,-80.24688706,32.77498552,45,4559020,Ravenel
church_overture:75b6aba6-d015-4a1a-9893-4949ae09c954,First Baptist Church,,-86.88050985,40.86325347,18,1850148,Monon
church_overture:75b7c941-7e7c-4bca-839a-288c7f8b2b47,Wallace First Baptist Church,,-80.4954044,39.40922551,54,5484172,Wallace
church_overture:75bafc65-c98d-413c-94a5-6fe962eae1ba,First Baptist Church,,-122.82731386468214,38.561572670706994,06,0685922,Windsor
church_overture:75bd4fca-d18b-4e9c-bd34-ad7e9d1ea5fe,First Baptist Church Medford,,-74.82094382,39.8993301,34,NA,NA
church_overture:75c1a4dd-560f-4fd0-ae6d-b3dfd0758618,First Baptist Church,,-109.55106331,31.34459813,04,0420050,Douglas
church_overture:75c26f37-0183-4408-a87e-0e9d2a1bdf73,First Baptist Church,,-85.85539027,31.31689385,01,0124184,Enterprise
church_overture:75cbe5a7-88ef-4991-b9b4-25c63acbe61b,First Baptist Church,,-71.50082326,43.65542031,33,3347060,Meredith
church_overture:75cdc5a4-9bcf-44ec-8a0f-1e05337a5053,First Baptist Church Of District Heights,,-76.880899,38.8590242,24,2423025,District Heights
church_overture:75d34fb6-b750-4a65-b6bf-e74aac46bf78,First Baptist Church,,-82.044342,29.009892,12,NA,NA
church_overture:75d54a1b-4097-47e0-b1f3-22c97671bfd3,Smithland First Baptist Church,,-88.40522251,37.13969231,21,2171382,Smithland
church_overture:75e17200-4ec1-4399-8035-7cbdc676644f,First Baptist Church of Ocoee,,-81.54606307,28.56703441,12,1251075,Ocoee
church_overture:75ea6a6a-fde4-415d-b1d5-fc3a5ab381b2,First Baptist Church,,-83.45385687,34.19854718,13,1319112,Commerce
church_overture:75eb792f-1136-4572-bac1-c702fc39ae78,First Baptist Church of Kannapolis,First Baptist Church Of Kannapoiis,-80.60384983,35.48955352,37,3735200,Kannapolis
church_overture:7603a9b9-1fdf-42df-88c2-07567f793514,First Baptist Church,,-90.33563973,45.15539014,55,5550425,Medford
church_overture:76088558-eb7d-4a70-a4b3-eea1550877cd,First Baptist Church Belmont,,-81.04241866,35.23970577,37,3704840,Belmont
church_overture:760f41d6-2281-481c-ab87-edf0cb7252b6,First Baptist Church,,-92.99399823,36.15165248,05,0571390,Valley Springs
church_overture:7620d110-ecee-45ef-8328-dda763bf7694,First Baptist Church,,-99.01180376408948,34.404751847064034,40,4027800,Frederick
church_overture:76235cb4-8de7-42eb-80ef-7bdbd2798fcb,first Baptist church,,-95.07563457232315,29.4505351503046,48,4820344,Dickinson
church_overture:7623f751-8588-4d37-81da-17dbedbe4375,First Baptist Church,,-84.58369913746199,33.17303607731612,13,NA,NA
church_overture:76400d42-cb50-45d8-954e-d9e93ab55322,First Baptist Church,,-96.03635919,32.90319546,48,4877896,West Tawakoni
church_overture:7641aa51-644f-4522-8c36-6c4f4bc01b65,First Baptist Church,,-75.88549856,41.24720293,42,4285152,Wilkes-Barre
church_overture:764471cd-0b03-4660-b688-a30c77a5a8bf,First Baptist Church,,-82.492896,28.084853,12,1238350,Lake Magdalene
church_overture:764a68d8-38ca-44b8-aa1b-0517d993b30d,First Baptist Church of Rosebud,,-96.97504755,31.07467976,48,4863188,Rosebud
church_overture:76525a24-cd6b-408b-a1bf-822daec81d2c,First Baptist Church,,-121.057218,39.240949,06,0630798,Grass Valley
church_overture:7667781b-eac8-4762-8eb3-4ef303eb0d13,First Baptist Church,,-111.83574789017803,39.7078118616803,49,4954220,Nephi
church_overture:767443b9-7fc4-48a7-9b1d-7cbb1310f471,First Baptist Church,,-84.5696194,42.85604714,26,NA,NA
church_overture:76a57902-e910-4269-afa3-3ab3d28f15bd,First Baptist Church of Guilford,,-76.83086004,39.16491704,24,2419125,Columbia
church_overture:76c0e768-f278-42b0-a294-99136e3ab4f2,First Baptist Church,,-90.332604793362,35.610515280149,05,0539370,Lepanto
church_overture:76c1ade5-19ef-460e-afbb-a420d297b248,First Baptist Church Of Fountain Hills,,-111.708186,33.577979,04,0425300,Fountain Hills
church_overture:76d1e414-45ad-4b6b-ad59-7df9f5db3886,First Baptist Church,,-162.59955303,66.89829837,02,0241830,Kotzebue
church_overture:76d81f06-49b6-40dc-bba2-7e9f0493e1d4,First Baptist Church,,-91.64909104,35.77283539,05,0504030,Batesville
church_overture:76d9079d-eeb6-4c64-bb69-9f37b483bcb3,Aliceville First Baptist Church,,-88.15176477,33.13023842,01,0101228,Aliceville
church_overture:76da57dd-d41e-43ba-b06d-4b5e92b4a84b,Watkinsville First Baptist Church,,-83.39106116,33.86922438,13,NA,NA
church_overture:770315e5-de64-455d-9674-b8d941c13ca6,First Baptist Church,,-88.99921792,32.14341948,28,NA,NA
church_overture:7705749b-e6bd-4a5c-a70e-a74fead2ffe6,First Baptist Church,,-88.61027459,35.22865148,47,4705380,Bethel Springs
church_overture:771435f5-4e1c-4080-9acc-417647992a5a,First Baptist Church,,-81.420461,40.841342,39,NA,NA
church_overture:771a2945-4032-4d88-bdbc-da3ad89fc8fb,First Baptist Church of Moore Haven,,-81.09474798,26.8324294,12,1246550,Moore Haven
church_overture:772aec1c-b2be-4ac3-afd7-b680900887df,First Baptist Church,,-92.46261853678844,38.23812780732073,29,2974194,Tuscumbia
church_overture:77354aa0-f9c5-4ccb-8684-aca7cffe9c50,First Baptist Church,,-91.57945302,40.39625358,29,2977920,Wayland
church_overture:773da127-53a0-489e-b014-5c0a3bd7f72f,First Baptist Church,,-90.74300369,41.208275,17,1700646,Aledo
church_overture:774a0e29-45e1-402f-95f0-246ebbae5db3,First Baptist Church of Momence,,-87.67122535,41.15346903,17,1749893,Momence
church_overture:7751117b-7061-4d13-a44c-a986ad5337b1,First Baptist Church,,-94.79074705,35.45829237,40,4065000,Sallisaw
church_overture:7752250e-f008-432a-b4d3-bca0f8a070b6,First Baptist Church of Shelby,,-81.53989814,35.2929867,37,3761200,Shelby
church_overture:776ce0b8-58b3-476e-8913-548f8a57c084,First Baptist Church,,-90.0684218,35.09346558,47,4748000,Memphis
church_overture:777a92d3-f400-4a85-8e51-1ab2547f1de0,Magee First Baptist Church,,-89.74475047,31.88174119,28,2844600,Magee
church_overture:777b47b4-dd55-4daa-86e2-5da3814af106,First Baptist Church,,-82.60313597,29.8390795,12,1230525,High Springs
church_overture:778e655d-5a0f-47e0-9549-bcfed92be3e0,First Baptist Church,,-96.20414789,43.66645316,27,2738564,Luverne
church_overture:77922880-ed24-46c3-ac82-88ea8c74d10b,First Baptist Church of Colchester,,-90.78981392,40.42464712,17,1715378,Colchester
church_overture:779aaa1a-b3ce-446e-8fb8-6edbef79357f,Ohatchee First Baptist Church,,-86.00780666,33.78477344,01,0156472,Ohatchee
church_overture:77ac0df1-e6a9-4a8c-aee3-4481a067ded8,First Baptist Church of Pentwater,,-86.42859892,43.78064747,26,2663540,Pentwater
church_overture:77e5284d-027b-47f6-897c-56ad7d4eb9b9,First Baptist Church,,-98.58740968,33.10679133,48,4830392,Graham
church_overture:77f4b025-99c3-4c55-abee-aabf1fd4fcb8,First Baptist Church,,-72.44462339,43.13328758,50,5004225,Bellows Falls
church_overture:77f9cf7f-7c88-42b3-8e1f-11a7d292f5b3,1st Baptist Church of Merigold,,-90.73137987275659,33.83654068441735,28,2846720,Merigold
church_overture:77fa6600-0530-4a7c-844b-96ac1d5d36e1,Clemmons First Baptist Church,,-80.37398847,36.02273009,37,3712960,Clemmons
church_overture:77ffdcd0-a7bb-4a05-b522-b6a6a2b48ad9,First Baptist Church,,-80.14021182,36.29776224,37,3770780,Walnut Cove
church_overture:780b5fe2-6be8-4073-abdb-eb7ed0fed374,First Baptist Church Of Belpre,,-81.6179327,39.27749271,39,NA,NA
church_overture:781ef3f6-850a-4d2a-90f0-cdcf76a9a0d9,1st Baptist Church of Bethalto,,-90.041059,38.908456,17,1705599,Bethalto
church_overture:782830c6-5b44-4def-adf9-49c2a3b6604b,First Baptist Church,,-90.012274,39.887904,17,1702505,Ashland
church_overture:782b4243-8da8-4a89-a31f-97fe97cd3073,First Baptist Church,,-93.98152362952351,32.73705453523686,22,2257590,Oil City
church_overture:7830fe31-e51a-41f5-861a-6ce072b1ac8d,Vandervoort First Baptist Church,,-94.36498744,34.38213744,05,0571510,Vandervoort
church_overture:783e66cd-78ab-4604-bba0-ef7aa0e9ad26,First Baptist Church,,-93.43733654,33.35390125,05,0509550,Buckner
church_overture:78423832-c08b-4027-8af1-55d631486fee,First Baptist Church,,-88.852386,35.650426,47,4737640,Jackson
church_overture:78448347-3f18-4d48-9abd-9d68def23521,Clintonville First Baptist Church,First Baptist Church,-88.76133289,44.61663378,55,5515725,Clintonville
church_overture:784535bb-bf34-460f-868f-951c2ec00c09,First Baptist Church,First Baptist Church Parsonage,-89.75017848,36.23294213,29,2931132,Hayti
church_overture:784d0637-5af0-4714-a206-bb68afaa4a46,First Baptist Church,,-102.06967,36.33749,48,4870544,Stratford
church_overture:7855e9fa-9f40-4ef0-b97c-b52402adf96b,First Baptist Church,,-93.09707582,31.75627456,22,2253545,Natchitoches
church_overture:78573093-67ef-4f62-a219-6c4ec102afbd,First Baptist Church,,-109.86142245,42.87282529,56,5661580,Pinedale
church_overture:7861f30e-fbff-41ca-b4ae-c3a672519cd5,First Baptist Church,,-72.559154,42.853789,50,5007975,Brattleboro
church_overture:786b7716-6f09-40bd-b685-f8cce6b9504c,First Baptist Church,,-110.96846909,32.22931999,04,0477000,Tucson
church_overture:78703230-3c5c-4803-9ecc-98702f5c714a,First Baptist Church Olive Branch,,-89.82788886,34.96018119,28,2854040,Olive Branch
church_overture:787331db-da1a-4b80-a0c9-f4fd51bfb71a,First baptist church,,-77.20679766455922,39.14113227407946,24,2431175,Gaithersburg
church_overture:78791b05-1c9f-4bb7-af19-cd6035bf02f5,First Baptist Church of Spencer,,-80.436801,35.689851,37,3763760,Spencer
church_overture:78804a67-55e4-4695-9857-5fe472edf790,First Baptist Church,,-84.59030471,35.44407861,47,4702320,Athens
church_overture:788c6a15-22fd-49ea-b8ee-66524a15d607,First Baptist Church of Cornelius,,-80.86563156,35.48372433,37,3714700,Cornelius
church_overture:78930715-074c-42dc-bc1a-6b2cdf977396,First Baptist Church,,-74.26682748,40.50634386,34,3458200,Perth Amboy
church_overture:7897fbd7-7b21-4bd3-a386-5c22162b0860,First Baptist Church,,-89.121306,32.5816355,28,2875360,Union
church_overture:78a2d0c5-d16c-4b6d-8342-a687a3bb1c11,First Baptist Church,,-102.74356701,39.30399356,08,0881690,Vona
church_overture:78a43e70-3dde-4329-b222-bc859c84d017,First Baptist Church Rockwell,,-80.41764465,35.56015299,37,3757340,Rockwell
church_overture:78a9d9c3-c983-4876-ac26-e0c27a435a5b,First Baptist Church,,-79.39880751,36.58267124,51,5121344,Danville
church_overture:78b782af-f973-46ec-8aa4-5bb094e70923,First Baptist Church,,-94.64181352,30.14416227,48,4835324,Hull
church_overture:78ba541d-c6f1-4231-8b1c-a3e16bd3f30e,First Baptist Church,,-86.378094,35.8393266,47,4751560,Murfreesboro
church_overture:78bfd0b7-9070-457b-a5ba-b1c159ab4a8b,First Baptist Church,,-81.10729284,32.86407394,45,4531885,Hampton
church_overture:78c0948f-2c3a-4a74-a45a-1c7c5c99e113,First Baptist Church of Baker,,-91.1669561,30.5883358,22,2203985,Baker
church_overture:78cd0789-767d-42df-ae23-ae0965d091e8,First Baptist Church,,-86.98180512,39.11649891,18,1885598,Worthington
church_overture:78d16361-c4bb-421d-b500-89f0e55a1aa5,First Baptist Church,,-95.26778649,33.66149199,48,4820128,Detroit
church_overture:78d2d44c-55e8-4643-9433-d55bd1fa3624,First Baptist Church,Creative Learning Center at Trion First Baptist Church,-85.31453609,34.54011001,13,1377540,Trion
church_overture:78e3f886-77d1-469f-8f53-41104a06b7bd,First Baptist Church,,-90.7297305,33.8400232,28,2846720,Merigold
church_overture:78e825ec-f71e-4cdb-ae8a-e7bc924b62da,First Baptist Church,,-96.71342028,28.4115986,48,4866416,Seadrift
church_overture:78f6a987-0599-4c07-a1ff-b1253fb41f81,First Baptist Church Of River Falls,,-92.607939,44.850374,55,5568275,River Falls
church_overture:7913898e-6af4-46f9-b30b-6ffd14850d44,Sumiton First Baptist Church,,-87.0582745,33.76031562,01,0173848,Sumiton
church_overture:792d733f-1db6-4c85-864e-25b115f70484,First Baptist Church,,-105.8478151,46.40925904,30,3049525,Miles City
church_overture:79367963-fd44-4ba0-9980-2e073216ad0f,First Baptist Church,,-97.14292077,33.62555668,48,4827984,Gainesville
church_overture:793e376c-0c36-4e90-9f63-bb701685aeca,First Baptist Church Oneida,,-84.51251848,36.50049542,47,4755860,Oneida
church_overture:7942c949-4bae-476b-a16b-e47944215c0d,First Baptist Church,,-85.86474683,31.03634767,01,0129464,Geneva
church_overture:7959b432-e89c-4089-b633-fc70bfc6983e,Garrett First Baptist Church,,-82.83363,37.47948,21,NA,NA
church_overture:7961b046-4531-48cd-a1a2-1f2a3fb485a2,First Baptist Church,,-93.39453682,31.32616794,22,2236045,Hornbeck
church_overture:7961e61e-318b-4674-9ea4-4c6f8d2962e8,First Baptist Church,,-96.56656275099859,33.876211829577514,40,NA,NA
church_overture:7975b7ca-db2e-4d59-9177-7ada001ddf75,First Baptist Church of Rosemead,,-118.08193372,34.08684015,06,0662896,Rosemead
church_overture:79873abf-c2ea-4882-b855-0902d07810ad,First Baptist Church,,-98.40962394,30.27723547,48,4837780,Johnson City
church_overture:79a2be67-fdc4-4a0b-aa34-74a46f72cfd4,First Baptist Church,,-97.109247,44.919606,46,4669300,Watertown
church_overture:79b4a8ed-8605-4fd1-a1fc-a3f852f68300,First Baptist Church Of Sibley,,-93.28313479759915,32.617930900118004,22,2250885,Minden
church_overture:79bf291f-c63e-4ea5-bfcc-bd09cc2723cb,First Baptist Church,,-85.91378883,36.98815164,21,2131114,Glasgow
church_overture:79c725fd-5d48-42ea-8d94-55890ae6d130,First Baptist Church,,-96.77122477,34.08851091,40,4045750,Madill
church_overture:79c9e061-950b-4e0c-82aa-c2724e5578fd,First Baptist Church,,-72.62978307,42.19505568,25,2530840,Holyoke
church_overture:79cda6ca-3088-4236-b7b3-0f8dab6f3a59,First Baptist Church,,-95.74829328,43.40292668,19,1972975,Sibley
church_overture:79d46545-f588-4aef-aa28-94f921353f93,First Baptist Church,,-72.39205345,41.35498643,09,0926370,Essex Village
church_overture:79d4c518-e1f9-4cdf-b73e-5a0686997bb4,First Baptist Church of Micanopy,,-82.27928513,29.50903549,12,1245225,Micanopy
church_overture:79eda690-2040-4d7e-9bc6-9e6274ede0de,First Baptist Church,,-88.611734,37.840071,17,1728261,Galatia
church_overture:79fa6205-6e25-442a-b566-1ac38bd9fd2a,First Baptist Church,,-118.09455949,45.32649409,41,4140350,La Grande
church_overture:79fb92cb-dd46-4fbe-b6cb-38d95891fafd,First Baptist Church of Lambert,,-90.280367,34.201423,28,2839080,Lambert
church_overture:79ffe907-2f17-4099-aa03-cf802936173c,First Baptist Church,,-91.96705925,36.9937555,29,2980098,Willow Springs
church_overture:7a0d742b-fe3e-4e9e-acc8-15f74bde7037,First Baptist Church,,-96.554497,28.678867,48,4858568,Point Comfort
church_overture:7a39b99a-0625-4842-94bd-58d3e2b066cf,First Baptist Church of Spring Hill,,-82.60280506,28.44260242,12,1268350,Spring Hill
church_overture:7a3f1dd2-7eb1-46a9-9cd3-3f6c91cb18e3,First Baptist Church,,-97.78442135,32.46562345,48,4830416,Granbury
church_overture:7a50c6fb-e672-4a34-bdea-a0cd64a0b04c,First Baptist Church,,-80.40105103,27.64126441,12,1274150,Vero Beach
church_overture:7a512414-a4c7-4380-bbc5-056343d06e44,First Baptist Church,,-90.71232942,30.01012198,22,2256170,North Vacherie
church_overture:7a53606e-438f-47c0-b3d7-973604464f68,First Baptist Church,,-85.14427976,41.06337796,18,1825000,Fort Wayne
church_overture:7a585c1c-355d-4d8e-a98c-a4be97edb886,First Baptist Church,,-88.620414,36.011487,47,4775100,Trezevant
church_overture:7a5e3f19-60af-4080-82f3-7c5f440c760c,First Baptist Church of Blackwood,,-75.04486037,39.80622696,34,NA,NA
church_overture:7a606d55-ff7c-4b97-b0c3-fe770e24484a,First Baptist Church,,-71.47433867312769,42.08431221120811,25,2504965,Bellingham
church_overture:7a6745a7-ce29-4c7b-ae7c-17c05ac00c55,First Baptist Church Mansfield,,-97.10937326,32.56992448,48,4846452,Mansfield
church_overture:7a691f22-6669-44ab-b183-2c8c5830e75f,First Baptist Church,,-118.92786398634125,34.40144845458974,06,0624092,Fillmore
church_overture:7a9a8438-fa64-4c95-9d35-7354cb996a12,First Baptist Church,,-97.28909625,27.92378092,48,4831064,Gregory
church_overture:7aa9a03d-6861-4581-833e-901e14ba0588,First Baptist Church of Woonsocket,,-71.51478827,42.00287029,44,4480780,Woonsocket
church_overture:7aaaca4b-ed85-4c99-9dbf-19ef581a5e0b,First Baptist Church,,-72.21303857579375,43.70044461641695,33,NA,NA
church_overture:7ab0c8c5-db54-4fd8-9087-ed904cfe834b,First Baptist Church of Buckholts,,-96.975166,30.850929,48,4812040,Cameron
church_overture:7ac05f8e-e151-4c96-9a70-0fd07fc3dc4a,First Baptist Church,,-113.78532448,42.52403735,16,1611260,Burley
church_overture:7ac20d22-1e34-41fa-b991-280c4fea025b,First Baptist Church Norman,First Baptist Church Family Life Center,-97.44553798,35.21900548,40,4052500,Norman
church_overture:7ac4b94d-da4c-447e-b757-b6360be81173,First Baptist Church of Carmel,,-86.11143913850317,39.97189292519261,18,1810342,Carmel
church_overture:7ace8ef7-b15b-490a-a05a-f61e6aab597b,First Baptist Church,,-98.1177102,28.33362151,48,4829348,George West
church_overture:7ada7fb7-399f-4b1c-a931-f97065028247,First Baptist Church,,-74.01241557301223,41.932804672075775,36,3639727,Kingston
church_overture:7ae0ef1e-cef8-4e86-bc76-d7757b9b6bf0,First Baptist Church-Covington,First Baptist Church,-97.25764,32.17874,48,4817372,Covington
church_overture:7ae7b1db-b82d-4b87-8b99-3eddc051738b,Harvard First Baptist Church,,-88.61920862,42.42818411,17,1733331,Harvard
church_overture:7aeea37d-e508-4a47-9569-c228ff4ea487,First Baptist Church,,-82.98108203,39.12731074,39,3981935,Waverly
church_overture:7af318af-ce06-49c4-a1ed-2bc13d46d62e,First Baptist Church Gower,,-94.59842948,39.61066306,29,2928036,Gower
church_overture:7afdeadd-2153-4e8a-8b1e-9f110bb4068c,First Baptist Church of Fruitland Park,,-81.91288211740907,28.857413982048474,12,1224975,Fruitland Park
church_overture:7b0b842c-27ef-4ef6-b807-666d40b6c320,Brookside First Baptist Church,,-86.90790135,33.62000984,01,0109736,Brookside
church_overture:7b15bd3a-4bb1-4f60-a9bb-6cc6cb911976,First Baptist Church,,-86.09920692,38.60696618,18,1867464,Salem
church_overture:7b16473c-0cc7-4b01-a98b-20b13d6541d0,First Baptist Church,,-90.434293,34.018696,28,2875040,Tutwiler
church_overture:7b2fb235-0c38-41d0-8400-c959df0aefc8,First Baptist Church,,-93.67987712046306,33.77644613001378,05,0573370,Washington
church_overture:7b333d1a-22d4-424a-91c3-ee5ad9a59868,First Baptist Church,,-92.59597253,30.48817563,22,2204580,Basile
church_overture:7b4aa06e-5031-45c6-88c8-75c6793c7bdc,First Baptist Church,,-84.26466452,33.24582993,13,1335324,Griffin
church_overture:7b4c461c-fc6f-48af-8252-5879b7fe9e06,First Baptist Church,,-122.90383485,44.54142128,41,4141650,Lebanon
church_overture:7b4cb64d-ef9a-4bc4-830d-5add67567105,First Baptist Church,,-117.76337358,34.10203605,06,0640830,La Verne
church_overture:7b54dc48-797f-4012-91c9-67ac6ca4a089,First Baptist Church,,-84.68357121,34.06656516,13,1300408,Acworth
church_overture:7b55a225-093f-49cc-854e-2b39207620f6,First Baptist Church,,-99.5547792,46.25781124,38,3887020,Wishek
church_overture:7b584b79-a05d-4221-93f0-87abc961bff3,First Baptist Church of Rosemount,,-93.155218,44.74066,27,2755726,Rosemount
church_overture:7b5cfdc9-6c40-484d-aab0-fbeb9ec7778a,Oriental First Baptist Church,,-76.69555535,35.02888998,37,3749380,Oriental
church_overture:7b5dac21-8706-49f4-96f6-ee611dda8312,First Baptist Church of Gurley,,-86.37225376,34.70137223,01,0132440,Gurley
church_overture:7b616d2a-b33a-4fbe-90c0-c831fdbf8f29,First Baptist Church of Oak Island,,-78.11622,33.913901,37,3748345,Oak Island
church_overture:7b63f745-5b3a-4fbd-a707-8d35fa9b037f,First Baptist Church of Winter Haven,,-81.72839734,28.02200658,12,1278275,Winter Haven
church_overture:7b671355-deb3-4313-a1f1-f280191edf72,Sparks First Baptist Church,,-83.43812451,31.16761814,13,1372556,Sparks
church_overture:7b767151-34e1-4840-a226-dd1a3bb2d642,First Baptist Church of Norfolk,,-76.18952577,36.84503432,51,5157000,Norfolk
church_overture:7b784773-5fa8-4a5c-955f-d3d80f48a7c9,First Baptist Church of Los Alamos,,-106.321463,35.897532,35,3542320,Los Alamos
church_overture:7b7b1775-bb43-480c-8b76-0f7fe49f7cb4,First Baptist Church of Valier,,-112.2500887,48.30524032,30,3076225,Valier
church_overture:7b80824d-127a-4c3d-ab8d-d837df2f868b,First Baptist Church,,-114.22735165515796,33.66726264555149,04,0458010,Quartzsite
church_overture:7b8a4c28-1eb9-4c80-82a3-935936b8a7c2,First Baptist Church of Centerfield,,-111.82087084,39.13213454,49,4911870,Centerfield
church_overture:7ba516a6-7439-4492-9664-e9c6ce478d7a,First Baptist Church of Hokes Bluff,,-85.876701,33.995186,01,0135392,Hokes Bluff
church_overture:7ba6d417-4fec-4ab2-9448-e695ae1020d3,First Baptist Church,,-87.26886716646432,34.925103157172735,01,0101756,Anderson
church_overture:7ba85276-98c7-4357-8653-580c468a8ce0,First Baptist Church of Allentown,,-74.57943181,40.17741873,34,NA,NA
church_overture:7bad9abc-dd11-46e2-8bc4-7007b67c80c0,First Baptist Church,,-92.33408918,37.9135401,29,NA,NA
church_overture:7bb63e9f-f3d8-4f9d-bbff-ec720062ba91,First Baptist Church of Fountain Hill,,-91.84854261,33.35379026,05,0524670,Fountain Hill
church_overture:7bc1ce37-a2b1-4ac3-b428-357de4514333,First Baptist Church,,-90.19417517,36.38359908,05,0555130,Piggott
church_overture:7bc1d306-1c5a-4d0c-aac0-cc2032828aa6,First Baptist Church,,-99.09308245,28.89031621,48,4856384,Pearsall
church_overture:7bc92f57-58ff-48a0-963d-562281814148,Lexa First Baptist Church,,-90.75206101,34.59664765,05,0539670,Lexa
church_overture:7bce2580-a30d-475d-ac37-68c4a691979a,First Baptist Church,,-100.33412437,37.28343541,20,2045325,Meade
church_overture:7bd06ad2-117a-47b2-81d5-68274e581518,First Baptist Church,,-88.48498771447902,38.67124586677567,17,1726454,Flora
church_overture:7bf7981d-ad77-43b8-9138-633511976f15,First Baptist Church,,-80.60901314,28.30378111,12,1213175,Cocoa Beach
church_overture:7bfbfd33-2cb1-4b4c-9d5e-680a69aacbde,First Baptist Church,,-95.63393528,36.7031258,40,4052900,Nowata
church_overture:7c081d79-bba7-415a-ac32-98c2ba97170f,First Baptist Church,,-82.743507,31.029184,13,1339748,Homerville
church_overture:7c10b729-9a54-4311-bade-e8102d538ec3,First Baptist Church of Belmont,,-71.18953742,42.38381864,25,2505105,Belmont
church_overture:7c126a21-1ca3-411a-b4f2-72b8d2d6cb60,First Baptist Church,,-92.18035654,40.47041511,29,2947270,Memphis
church_overture:7c13fd57-5ed7-4853-bef0-95d8f73649b9,First Baptist Church,,-82.23050473,27.89280384,12,1273700,Valrico
church_overture:7c1986d7-09f7-4eaa-ab4a-a65b27b4d75a,First Baptist Church,,-90.899789,33.402454,28,2840280,Leland
church_overture:7c48f963-aad8-4e83-845f-4654fd4abb6e,Milburn First Baptist Church,,-96.5511633,34.2405149,40,4048400,Milburn
church_overture:7c51cced-88a5-4749-872e-5212cc9c2e1a,First Baptist Church,,-95.64805697,36.70705263,40,4052900,Nowata
church_overture:7c67f30b-26d0-4b1d-a2cb-d24a02596b68,First Baptist Church,,-89.5427596,31.4169047,28,2871560,Sumrall
church_overture:7c72234c-4a02-4b14-93b8-c13b523c25cc,First Baptist Church,,-94.34855,35.43703,05,0571480,Van Buren
church_overture:7c7c3d27-092d-4036-b44a-f006403cc343,First Baptist Church,,-93.275562,37.469761,29,2958448,Pleasant Hope
church_overture:7c804925-f815-479f-8cdb-a6615a9253ac,First Baptist Church,,-93.65542307823324,30.285718383943863,22,NA,NA
church_overture:7c84b2e1-9436-4613-8da5-7f7b11d2cbcf,First Baptist Church,,-74.27562148,40.71926554,34,NA,NA
church_overture:7c8c6f9b-f705-44d9-a450-11f39549f947,First Baptist Church,,-80.74055421,36.77497091,51,5137336,Hillsville
church_overture:7c90b087-7a96-4af9-9539-07540e6a2125,First Baptist Church Woodville,,-84.24792952,30.31256471,12,1278700,Woodville
church_overture:7c9cbf99-3d36-4b16-ae08-55188bd9345e,First Baptist Church,,-77.44736037,38.27365236,51,NA,NA
church_overture:7cb0f479-0d9f-4c9a-8d73-2d5f8b6f90bc,First Baptist Church,,-77.02222341,38.93866901,11,1150000,Washington
church_overture:7cb281de-05b8-42c6-92be-a283977e7037,Buies Creek First Baptist Church,,-78.73772973,35.40862432,37,3708760,Buies Creek
church_overture:7cb64ec7-782c-4b22-9c9c-fd9ec9972f06,The First Baptist Church of Freehold,,-74.27957682,40.25706147,34,3425200,Freehold
church_overture:7cc044ee-9650-4d0d-95e2-09e838443e68,First Baptist Church,,-90.75898951,34.77332241,05,0544120,Marianna
church_overture:7cc5a5b6-f2e9-4e9e-a60f-95a76f7f20e1,First Baptist Church El Paso,,-89.01446025,40.74029773,17,1723737,El Paso
church_overture:7ccf3fbf-5904-4b06-ae23-af39b416d739,First Baptist Church,Baptist Church,-95.64119006,36.77854789,40,4019850,Delaware
church_overture:7cd338de-fcf0-4f95-9412-1e31fb5e4b00,First Baptist Church,,-76.91699042,38.90094742,24,2427400,Fairmount Heights
church_overture:7ce91fa0-738a-4906-8f1d-b8ff62759807,First Baptist Church,,-89.962876,38.810483,17,1722697,Edwardsville
church_overture:7ceb66e0-27b5-4804-8897-06bfa0a60fae,First Baptist Church,,-99.85611255,33.31361397,48,4862636,Rochester
church_overture:7cf5b39b-fb88-403e-8fb1-2d22b141e819,First Baptist Church,,-80.86308899,33.48972116,45,4553080,Orangeburg
church_overture:7cf77f23-53d3-4f0c-83f5-2fd03240d1a5,Cambridge First Baptist Church,,-116.67823938105015,44.573159954610844,16,1612520,Cambridge
church_overture:7cfdeb0e-23ec-45f4-95e8-bb6176cb0c8c,First Baptist Church of North Augusta,,-81.97094291,33.49548829,45,4550695,North Augusta
church_overture:7d04e640-6ff6-4a41-8dab-e127e64c8708,First Baptist Church of Cypress,,-95.64062191,29.94599411,48,NA,NA
church_overture:7d099986-8739-430b-9d54-0d73a892b22d,First Baptist Church,,-94.09548905,37.3954827,29,2927676,Golden City
church_overture:7d0b904a-35a6-461b-8086-022fd4eea641,Glenwood First Baptist Church,,-94.8435454,32.64148641,48,NA,NA
church_overture:7d124939-2a32-41a0-9067-7b09232755ff,First Baptist Church,,-121.783577,42.227028,41,4139700,Klamath Falls
church_overture:7d220dcc-226d-4978-8967-1ebd5ba77b68,First Baptist Church,,-94.1608720798934,33.11537201920981,48,4804516,Atlanta
church_overture:7d25bf04-aa8a-473e-a969-d54988850215,First Baptist Church,,-121.97191013,38.52330123,06,0686034,Winters
church_overture:7d26e8e7-fdf7-4da2-8d3f-8d1c0cc21ce6,First Baptist Church,,-87.92935471,38.12889941,18,1852974,New Harmony
church_overture:7d281473-63da-4c23-9219-26501a5efc25,First Baptist Church of Taft,,-81.36791279,28.43195619,12,1270525,Taft
church_overture:7d2b95fe-0359-435c-9be4-2760ebd9d778,Abbeville First Baptist Church,,-82.38185055,34.17989801,45,4500100,Abbeville
church_overture:7d419868-84c1-478c-87d4-6d360bdf1cd7,First Baptist Church,,-89.17521252220531,45.138922976883485,55,5502250,Antigo
church_overture:7d600fb9-457a-419a-baff-be639b86f855,First Baptist Church,,-96.89077619,35.71066384,40,4013500,Chandler
church_overture:7d732c4b-f945-4bf6-88b8-fd2a17110801,First Baptist Church,,-71.2040009,43.59159261,33,3386340,Wolfeboro
church_overture:7d802e52-c4c5-4e48-855a-5752ca3e3e62,First Baptist Church,,-84.348606,39.531398,39,3949840,Middletown
church_overture:7d9d79fb-7ed8-43b9-8585-84cb951999e5,First Baptist Church,,-90.76299459,39.98475583,17,1751154,Mount Sterling
church_overture:7d9dcfcb-7ad1-4ea9-a0b7-8056e0a9e6eb,First Baptist Church,,-82.06738,32.39224,13,1351072,Metter
church_overture:7d9fd1ee-0a81-4fde-b954-48a05a527cf6,First Baptist Church of Dayton,,-84.47308435,39.11337621,21,2120350,Dayton
church_overture:7da28a5c-9169-4ea3-bebd-75537da4a6ef,"First Baptist Church, Estes Park",,-105.48154871631293,40.37244595747619,08,NA,NA
church_overture:7da3c090-009a-42d8-8ad3-df259b8e68c7,Grace First Baptist Church,,-98.64645542,29.40439111,48,4865000,San Antonio
church_overture:7da747d1-f323-4cff-a9cb-4995082567da,First Baptist Church of Woodburn,,-77.99867956,34.23922664,37,3737680,Leland
church_overture:7dcae164-b0e2-44c6-9077-6ccd62bffc48,First Baptist Church-Leary,,-94.2023236,33.45922895,48,4842028,Leary
church_overture:7dce9433-c53f-4ba9-b8aa-4cd563fd5538,First Baptist Church,,-88.84890229,32.50175214,28,2815180,Collinsville
church_overture:7dd4d8ba-acfa-49d4-9d54-3f81233c057e,First Baptist Church,,-108.70601004,32.34776727,35,3542180,Lordsburg
church_overture:7dd6aaef-a388-47a5-a81c-90978f473d5c,First Baptist Church,,-95.36108373,37.05904118,20,2019900,Edna
church_overture:7dda78e8-f9b5-4a15-894c-e293ed9f45d7,First Baptist Church,,-96.21940282,34.53751777,40,4015800,Coalgate
church_overture:7de1d9fa-70af-4bfb-807e-40295faadca6,First Baptist Church,,-96.12216686,32.33252128,48,4831592,Gun Barrel City
church_overture:7decdb4d-671b-4645-ba01-13bf641b057b,First Baptist Church,,-84.87341591,38.1997056,21,2128900,Frankfort
church_overture:7df1b0af-03cd-468d-ac19-892c35e56c71,First Baptist Church of Loyall,,-83.35164834,36.85374354,21,2148288,Loyall
church_overture:7df313c2-267f-4a29-9b65-e4471846fe53,Beaver First Baptist Church,,-81.13677666,37.74754929,54,5405260,Beaver
church_overture:7dfc4ec0-208f-40a9-8a87-2e5afd6b14f4,First Baptist Church,,-81.97513466,37.01557398,51,5138280,Honaker
church_overture:7e007aae-2792-4c06-948e-5af6c925dd49,First Baptist Church,,-94.73414998,37.02536316,20,2004625,Baxter Springs
church_overture:7e0a52fa-498c-4bdd-a551-7d4f96e5ab6b,First Baptist Church,,-110.91816154,32.475704,04,0411160,Catalina
church_overture:7e11861e-b636-4def-8db4-a369bb25dadb,First Baptist Church,,-95.6833451,33.3736295,48,4816564,Cooper
church_overture:7e1351a8-4710-470f-af82-c06288a59cdc,First Baptist Church,,-85.81304081,33.7229791,01,0101852,Anniston
church_overture:7e18c6d3-5be1-46a6-b205-f27e55f20698,First Baptist Church,,-77.86437906,36.76896022,51,NA,NA
church_overture:7e232d27-a960-4142-bc52-cc04b561a77f,First Baptist Church,,-98.20255568,39.78446596,20,2044300,Mankato
church_overture:7e32ed6a-3521-4208-9c79-13c6457696b1,First Baptist Church,,-96.50954148912028,34.001462982550564,40,4047250,Mead
church_overture:7e378b38-b3f3-4480-bf04-c6c7568c2fa4,First Baptist Church of Mount Dora,,-81.63523814,28.7960741,12,1247050,Mount Dora
church_overture:7e3f79f5-3deb-4cb8-abd1-3eede97c0df0,Atkins First Baptist Church,,-92.9376886,35.24380446,05,0502590,Atkins
church_overture:7e41cdbf-bac4-4ede-b3e7-961f7938872c,First Baptist Church of Stone Mountain,,-84.17207318,33.80550282,13,1373816,Stone Mountain
church_overture:7e6287a2-bd50-4f20-a169-0e5ff5a8afa9,first Baptist church of gillett,,-91.38511488,34.11767109,05,0526980,Gillett
church_overture:7e6867fd-485e-4119-b6a5-150f76dfdb4f,"First Baptist Church, East Bernard",,-96.0642624,29.5273399,48,4821988,East Bernard
church_overture:7e6b9452-2c67-4200-846b-3125363142a0,First Baptist Church,,-90.81485457,29.67200136,22,NA,NA
church_overture:7e78fa53-c08f-475b-8de9-4df64ea4103c,Coffeeville First Baptist Church,First Baptist Church,-89.67370126110843,33.97614470818469,28,2814740,Coffeeville
church_overture:7e794adf-5179-407d-8d80-5565ddb35423,First Baptist Church,,-92.28446267,36.20629458,05,0550000,Norfork
church_overture:7e827918-f289-41a5-a7ac-6ff52262ce34,First Baptist Church of Hockley,,-76.73554646,37.51264232,51,NA,NA
church_overture:7e82a248-86a4-4a54-8733-88763371b3f6,First Baptist Church of Muskogee,,-95.37778916,35.75048244,40,4050050,Muskogee
church_overture:7ea56f35-8f08-46bb-b465-a65e1040fa9a,First Baptist Church,,-81.95458787,34.65598981,45,4523605,Enoree
church_overture:7ea78781-0fd7-4feb-b35e-4ccd28d49ec1,First Baptist Church,,-86.47309623,31.30802568,01,0101708,Andalusia
church_overture:7eb7e651-2af2-42ef-92d0-561b70c11473,First Baptist Church,,-87.6640983,39.21568046,17,1780879,West Union
church_overture:7ebdc100-2c95-46c5-b3de-9dc2ff6b2d62,First Baptist Church,,-82.87824267,42.62065985,26,NA,NA
church_overture:7ecb6435-b004-4096-a8c6-e0576d4076c2,First Baptist Church,,-83.242718730000007,42.75288856,26,NA,NA
church_overture:7ecdbc77-2f1b-4cc9-8456-3a53ba155dce,First Baptist Church,,-88.91877408,31.17117046,28,2804500,Beaumont
church_overture:7ed3b264-d1d3-4e38-ac02-2cd0e8d96d35,First Baptist Church,,-97.21557653,28.09177746,48,4806104,Bayside
church_overture:7ed419f5-9fc5-4450-beda-d45a3fc81e7c,First Baptist Church,,-97.4883662,34.2318044,40,4033350,Healdton
church_overture:7ee44110-fc50-468f-a711-e5bd68c6f645,First Baptist Church,,-91.55982297,38.66844672,29,2926578,Gasconade
church_overture:7ef9bd86-76be-493e-a725-b7bd9c83a529,Cashmere First Baptist Church,,-120.47033816,47.52185636,53,5310495,Cashmere
church_overture:7efa3495-342a-4535-afa5-2a5e73209b03,First Baptist Church,,-84.55812364,38.17943445,21,2130700,Georgetown
church_overture:7f03c068-30b6-421d-8fd9-5404f0c65c6d,First Baptist Church,,-93.67647754,39.3015589,29,2952760,Norborne
church_overture:7f048fe2-72ac-4479-977a-9f9ad1c8fe14,First Baptist Church Alma,,-94.22176536,35.48802842,05,0500970,Alma
church_overture:7f128b30-0415-46b6-941b-64ff6269e5ad,First Baptist Church of Pennington,,-74.79186292,40.32571128,34,3457600,Pennington
church_overture:7f1462b8-04a3-413a-868e-730750b41ae4,Nazareth First Baptist Church,,-82.5441721,35.59398262,37,3702140,Asheville
church_overture:7f180909-97cc-4154-8ba6-dac55ed0c1ae,First Baptist Church of Duchesne,,-110.3911235,40.15855244,49,4920340,Duchesne
church_overture:7f1f089c-15e2-46c5-b2ca-b406c148b6cc,First Baptist Church,,-80.668044,41.885337,39,3940390,Kingsville
church_overture:7f25ca1b-1173-4335-89eb-a9bf82654eab,Horton First Baptist Church,,-95.52208801,39.67005562,20,2033200,Horton
church_overture:7f273550-a951-43b5-8fb0-0e1cc8bc4d2c,First Baptist Church,,-121.587889,37.019135,06,0629504,Gilroy
church_overture:7f2f8208-7676-4a06-8e3a-49c180fef1e2,First Baptist Church Georgetown,,-84.94642628,35.28890528,47,NA,NA
church_overture:7f4a2a96-4bcc-4d4e-93e7-5b2fbc9824bf,First Baptist Church,,-84.38641857,39.74140007,39,3954852,New Lebanon
church_overture:7f4fa9ad-ea24-4817-8e05-523315cb770d,First Baptist Church,,-81.68214136,29.99265701,12,1227400,Green Cove Springs
church_overture:7f53a0bd-46c6-4b6a-8f61-93a8bd18a178,First Baptist Church Of Rotan,,-100.466976,32.8586211,48,4863464,Rotan
church_overture:7f54a124-eebe-4a15-b6c5-0c7d579cade7,First Baptist Church,,-79.78069767650764,35.54061503418329,37,3760080,Seagrove
church_overture:7f666d4a-d432-46d9-b132-119f05475898,First Baptist Church of Connersville,,-85.13536244,39.64898273,18,1814932,Connersville
church_overture:7f66bca4-72b3-4dcd-ae63-970b2f80b96f,Olympia First Baptist Church,,-122.89971061,47.04057155,53,5351300,Olympia
church_overture:7f694d10-4ee5-4990-a951-39a70f21e2f2,First Baptist Church,,-79.0053,34.62119,37,3739700,Lumberton
church_overture:7f6c17e8-0f96-4927-9bef-c6abd65b3811,First Baptist Church,,-84.37907109,33.67309299,13,1304000,Atlanta
church_overture:7f72fe7f-53c8-44ee-9a93-d904f9546413,First Baptist Church of Marshville,,-80.383729,34.976707,37,NA,NA
church_overture:7f76064a-d722-403a-9cbf-1d2987199006,First Baptist Church,,-82.262801,26.750854,12,NA,NA
church_overture:7f778f2d-8520-4142-b47c-7e5e0d7ea6e2,First Baptist Church Of Trenton,,-82.815788,29.6136249,12,1272350,Trenton
church_overture:7f7c8512-b001-4eb4-8f68-65f6148154c9,First Baptist Church,,-92.70519082,31.52004516,22,2216375,Colfax
church_overture:7f80c096-ab03-40d0-9b40-2dc8752fdcba,First Baptist Church,,-86.58855884,34.72060099,01,0137000,Huntsville
church_overture:7fa0079e-b335-46a1-9a25-0e2887ef18ae,First Baptist Church Of Chalmette,,-89.9639282,29.935913,22,2214135,Chalmette
church_overture:7fab02dd-5813-47bf-a72d-1586d93c1b59,First Baptist Church,,-77.6625624654715,35.45050909492389,37,3762760,Snow Hill
church_overture:7fb71194-c7dc-4763-a36c-012062addfc8,First Baptist Church of Alcoa,,-83.974988,35.797411,47,4700540,Alcoa
church_overture:7fdb6af7-785d-43b7-b7a6-f807059cc348,First Baptist Church,,-96.57016007,35.50657689,40,4056800,Paden
church_overture:7fdcc269-4b75-4a70-9fbd-23cec1844240,First Baptist Church,,-77.47869283,39.43069954,24,NA,NA
church_overture:7fef7595-5deb-4de8-b3bc-a375587bc0bd,First Baptist Church of Dillwyn,,-78.46001749,37.54349221,51,5122560,Dillwyn
church_overture:7fff4649-5d0d-4745-9e32-d65ed14bea01,First Baptist Church,,-92.7552183784947,44.977295946839725,55,5536250,Hudson
church_overture:8009a508-0f1f-41b8-ab22-ecbfc9c0b1ff,Oak Ridge First Baptist Church,,-79.9770793,36.18017487,37,3748480,Oak Ridge
church_overture:80157568-c0b6-41b6-b931-3ff0af1046ca,First Baptist Church,,-79.7738835,40.4363078,42,4250528,Monroeville
church_overture:80170f3b-1af6-438e-a85b-06af19caffa1,First Baptist Church,,-78.90009593695333,35.07857182686301,37,3722920,Fayetteville
church_overture:80184e7a-85a6-43c3-beb7-4617ceb2c5bb,First Baptist Church,,-104.55071215,45.88887652,30,3023650,Ekalaka
church_overture:801fe155-c018-455f-8450-b1b828e6568e,First Baptist Church,,-93.5777941,37.7930021,29,2933706,Humansville
church_overture:80215746-fb43-44b5-9cf9-9bbe1fca6875,First Baptist Church,,-79.68672733,40.55394758,42,NA,NA
church_overture:80293319-66c4-4983-8507-389756568d50,First Baptist Church,,-117.56741236,33.87421652,06,0616350,Corona
church_overture:802ccb4a-2f63-4321-88b7-e5f1146911a5,First Baptist Church of Kelso,,-122.90956195,46.14334689,53,5335065,Kelso
church_overture:803a4a28-b9fc-4507-8eb1-2833b468d4d0,First Baptist Church,,-78.88193485,34.14957574,37,3766520,Tabor City
church_overture:803a85ca-7a5f-4b3a-b71b-7a49d7a261ac,First Baptist Church,,-91.89465783,34.8302887,05,NA,NA
church_overture:80463bb5-deb1-4c8b-94ec-8e87df3441c8,First Baptist Church,,-79.85891791,36.57632511,51,5167208,Ridgeway
church_overture:804b2378-487e-4e3c-9b3c-1e8ffd29d07d,First Baptist Church,,-94.1310596,37.1930678,29,2902746,Avilla
church_overture:8052e9a5-aaa1-4479-9610-82ad3f092a5d,First Baptist Church Hodgenville,,-85.75881,37.58048,21,NA,NA
church_overture:8064c9d5-b9bb-46ff-9868-af4479e0e434,First Baptist Church,,-90.05398282,37.96362068,29,2964180,Ste. Genevieve
church_overture:8064e46d-f77f-4447-81a0-86e0b093311b,First Baptist Church,,-85.22726210928829,43.09665720180729,26,2606900,Belding
church_overture:80745d89-8400-4785-abfb-4b313d17c7e2,First Baptist Church Taylorsville,,-85.34651826,38.03071031,21,2175810,Taylorsville
church_overture:8078bdfb-be1f-408a-bccb-5e7e91920957,First Baptist Church,,-87.83048219,40.04549029,17,1724985,Fairmount
church_overture:807ed130-3a3b-4db6-ab4c-5a8c8da75d62,First Baptist Church,,-80.23365135,36.10263648,37,3775000,Winston-Salem
church_overture:8087ed6c-ee90-4379-96d5-c877ffab4083,First Baptist Church,,-95.05607366,30.60480467,48,NA,NA
church_overture:8099c1a2-7047-4d90-a855-21e9341bf121,First Baptist Church,,-75.12222611,39.89719631,34,3426820,Gloucester City
church_overture:809fc02a-d55e-4065-9238-3e9ba3575f4b,First Baptist Church Hartselle,,-86.93746218,34.44703593,01,0133448,Hartselle
church_overture:80a0f80f-d6be-4c78-bbbe-26c829991fcd,First Baptist Church Fisherville,,-89.665905,35.1588,47,NA,NA
church_overture:80a1201a-94b2-4120-bb89-fe7b2adebf94,First Baptist Church Freeman,,-77.69574568,36.74738981,51,NA,NA
church_overture:80a869c3-9870-4703-83ff-a63181cf38a8,Parrish First Baptist Church,,-87.28491692,33.7319557,01,0158272,Parrish
church_overture:80ab1736-3401-4b6f-8672-e5266147d1e3,First Baptist Church Fairdale,First Baptist Church,-85.758273,38.10606,21,2148006,Louisville/Jefferson County metro government (balance)
church_overture:80ace9ff-a258-41d9-a1ef-516720a648a3,First Baptist Church,,-81.78601736,36.63407001,51,5121184,Damascus
church_overture:80ae7c06-3de2-4c90-9559-ff25a9fece2d,First Baptist Church,,-87.31974940983291,31.530737084222178,01,0150192,Monroeville
church_overture:80afaa17-fb78-4d40-bac6-9bb6423f9d2f,First Baptist Church Of Hardin,,-107.6078364,45.7341203,30,3034225,Hardin
church_overture:80b9fae0-0c3c-4d6d-a0d4-4f75f5f107af,First Baptist Church,,-89.11867120354461,35.786875155949424,47,4700440,Alamo
church_overture:80d2afae-097f-4bbd-a3e4-d6caff0ac111,Moreland First Baptist Church,,-84.815073,37.511281,21,NA,NA
church_overture:80dca0cb-cd45-46d2-8df0-85f10b12ae9d,First Baptist Church of Elmont,,-77.50728346,37.71336339,51,NA,NA
church_overture:80e51508-c6a5-4b5f-a548-63b9f436147b,First Baptist Church,,-85.75014657138675,37.582480323843676,21,NA,NA
church_overture:80eea5fc-8f19-4359-a215-c0c0311a33ec,First Baptist Church,,-100.90995269,35.03308214,48,4835072,Howardwick
church_overture:80f07849-580f-4fcb-8ffa-bca697af5a73,First Baptist Church,,-80.31392579,40.73559716,42,4253288,New Brighton
church_overture:80f54c8f-9643-4bf6-b815-fdd472b57779,First Baptist Church of Strongsville,,-81.82250241,41.29097431,39,3975098,Strongsville
church_overture:8100fb4c-461b-4dc8-9853-57f8e64917a8,Asher First Baptist Church,,-96.92518914,34.98977562,40,4003000,Asher
church_overture:81022019-3b79-4a3c-b7ec-3e640a8051f9,First Baptist Church,,-97.21674302,31.8518706,48,4803588,Aquilla
church_overture:8108a81e-c761-429f-b12b-720b201bda68,First Baptist Church of Eldon,,-92.58147088,38.34790952,29,2921484,Eldon
church_overture:810c7a67-3590-473f-b45a-ae16aecfa370,First Baptist Church of Steinhatchee,,-83.38332327,29.67048272,12,1268625,Steinhatchee
church_overture:810d69ed-9f9e-455c-99de-d882f301ed46,First Baptist Church,,-87.15208653641957,40.95917767789672,18,NA,NA
church_overture:810ec06c-d582-433f-b1cb-eeaba6c595aa,First Baptist Church,,-71.71238059,41.5106949,44,4434660,Hope Valley
church_overture:811f790c-a183-4fb9-9d83-c275c8f2cf86,First Baptist Church Stowell,,-94.3855685,29.78953631,48,4870520,Stowell
church_overture:8127e330-18b8-4d33-ada1-cc7005476fb1,First Baptist Church,,-120.84142969,37.06430829,06,0644028,Los Banos
church_overture:812808ae-382c-442a-a76d-940442e63b97,First Baptist Church,,-78.27509527,42.21665991,36,3619356,Cuba
church_overture:814305b8-64c2-4f3b-a2e4-2cb2c0613d92,First Baptist Church,,-91.95112024,35.03067778,05,0573130,Ward
church_overture:814aba59-209d-4070-838b-4558949ec2be,First Baptist Church,,-99.42467692,35.42120432,40,4023500,Elk City
church_overture:814cb177-de70-4ba0-813f-c1dd661ae01d,First Baptist Church of Bluefield,,-81.23320261,37.25091127,54,5408524,Bluefield
church_overture:81730115-0897-4544-ac43-a8c67b9c6780,First Baptist Church Ramsey,,-89.10494353,39.13629434,17,NA,NA
church_overture:8174a394-e844-4c66-8b06-6ab42ff92f2b,Macedonia First Baptist Church,,-97.31122556,30.10939685,48,4805864,Bastrop
church_overture:8177b44b-69cc-4540-b00e-c747f25f681e,First Baptist Church,,-72.14308298,41.33994087,09,NA,NA
church_overture:81825599-9773-46de-80d0-6c3cd2e01650,First Baptist Church,,-92.56437706,39.75091976,29,2905266,Bevier
church_overture:818b95b6-d908-463a-b432-1a2e00b963e9,First Baptist Church,,-89.52235947,32.03606181,28,2860840,Raleigh
church_overture:8194a927-0ce8-4e31-bb1d-36ac98341fec,Kure Beach First Baptist Church,,-77.91091922,33.99661454,37,3736220,Kure Beach
church_overture:81b87b91-fa44-41e7-a156-0965ea21a050,First Baptist Church,,-94.2597045,37.4859008,29,2940376,Lamar
church_overture:81c7da86-3ef0-4ae4-b5a2-5020a59af1b0,Wendell First Baptist Church,,-78.38233299,35.78653494,37,3771860,Wendell
church_overture:81ce8fbd-4115-4326-813f-3fb545579320,First Baptist Church Of Merrifield,,-77.2261672,38.8721298,51,5151192,Merrifield
church_overture:81d432dd-0869-44b1-a645-6c2c45988b98,First Baptist Church,,-84.97651187,30.42519784,12,NA,NA
church_overture:81f18423-1268-49de-afc9-316bc256490d,First Baptist Church,,-97.63366607,35.03311636,40,4020650,Dibble
church_overture:81fc50ee-bf0e-42a6-a561-4b87cb9705d0,First Baptist Church,,-117.20637899909036,33.69902932466598,06,0646842,Menifee
church_overture:820aa3db-c225-4aee-97da-729aad3f77f0,First Baptist Church,,-79.95608485,33.30177838,45,4507525,Bonneau
church_overture:821817f9-2c1c-4628-ae44-da6a6b85fbdb,Simsboro First Baptist Church,,-92.78739419,32.53438598,22,2270630,Simsboro
church_overture:821d835a-8a90-4413-b222-a53ffc81cce8,First Baptist Church,,-92.6760723,43.06568819,19,1912765,Charles City
church_overture:821d9753-fe29-4375-b75c-53d471002363,First Baptist Church of Irondale,,-90.67700283,37.83412799,29,2935396,Irondale
church_overture:8222f890-5d4a-453d-9652-ba8ea0730421,First Baptist Church of Carrabelle,,-84.663435,29.851305,12,1210725,Carrabelle
church_overture:822a1570-d85e-437e-af57-8dcf1517fa6f,First Baptist Church of Coronado,,-117.17391756,32.69316954,06,0616378,Coronado
church_overture:822a42f0-ab04-4b15-a482-80766ded805e,First Baptist Church,,-116.97061833400923,44.248279383699895,16,1686140,Weiser
church_overture:822f3fda-a2f8-431f-a393-9ab97d7a7bb6,First Baptist Church,,-97.36593947,35.01196935,40,4061150,Purcell
church_overture:82300ac6-ffa6-4898-b4fb-83bf2f3bdc82,Finley First Baptist Church,,-119.03360527,46.15349905,53,5323865,Finley
church_overture:8233ba32-b52a-4426-95b6-d0ccb0cf3f49,First Baptist Church,,-101.05619139,34.3685245,48,4860176,Quitaque
church_overture:824b4da9-975e-45e3-8971-3c7d000880e8,First Baptist Church,,-86.25403604,31.28233502,01,0157120,Opp
church_overture:825905d1-9dfb-4164-8a51-d250b8c49fa7,First Baptist Church,,-84.13706645965306,41.39702448940999,39,3953550,Napoleon
church_overture:8260e386-d7e0-4e55-8123-6df13940b5a5,La Fayette First Baptist Church,,-85.28204577,34.70724612,13,1344312,LaFayette
church_overture:8265f9b9-1752-4292-a8e1-e0d0bc888817,First Baptist Church,,-93.10240433,41.51411794,19,1953355,Monroe
church_overture:826b8266-745d-489b-b935-7194ce323e9e,First Baptist Church of Logan,,-81.99015928,37.84650839,54,5448148,Logan
church_overture:826faf55-fb71-4f59-b148-2e5911ce665f,First Baptist Church,,-83.78878009800698,41.63016883128202,39,NA,NA
church_overture:82769060-a262-4325-b57f-24cfea5818e1,First Baptist Church,,-117.36335092,46.88151907,53,5313785,Colfax
church_overture:8277ae57-4525-41b7-af1a-0d83ad2684d9,Sheridan First Baptist Church,,-86.21839863,40.13630717,18,1869354,Sheridan
church_overture:82787629-a00d-402f-b2f5-27f80f31334b,First Baptist Church of West Danby,,-76.52903432,42.3276351,36,3679697,West Danby
church_overture:827ffaf5-b08c-46e6-a4dc-b9963c86f729,First Baptist Church,,-86.13946854,36.38832566,47,4732742,Hartsville/Trousdale County
church_overture:82890e26-2836-4875-94df-c5124047bc4c,First Baptist Church,,-88.989155,31.889026,28,2831420,Heidelberg
church_overture:8289ba35-5fb5-42e5-9fe8-3bed29694181,First Baptist Church,,-92.585915,37.110014,29,2945740,Mansfield
church_overture:828a9aeb-4e55-4b25-b3f1-9de85d267b7f,First Baptist Church,,-85.70962004,35.01087028,47,4770060,South Pittsburg
church_overture:828cac9d-8785-472e-9c54-0f21d08e2f0c,First Baptist Church,,-97.00716603,31.97045721,48,NA,NA
church_overture:8290cbc8-702f-4ee7-8508-f20d06ee3c2b,Rich Square First Baptist Church,,-77.27492124,36.27234569,37,3756440,Rich Square
church_overture:82930499-a435-47a6-b52e-e7bd5b5e0e0b,First Baptist Church,,-87.46554031,41.62415787,18,1819486,East Chicago
church_overture:82994017-9786-4f19-b680-689dd560438d,First Baptist Church of Nokomis,,-82.46388308,27.13501924,12,1239600,Laurel
church_overture:82a20f79-637d-42d3-9fdf-974ebd7d42cf,Stearns First Baptist Church,,-84.48133003,36.70000325,21,2173362,Stearns
church_overture:82a63b36-9c40-4c45-8bf9-f87043504eae,First Baptist Church,,-90.67059588,30.83066336,22,2231565,Greensburg
church_overture:82a70f80-5612-4031-8e13-9f0457716b22,First Baptist Church of Nickerson,,-98.08583555,38.15168841,20,2050525,Nickerson
church_overture:82b3ad81-af17-4654-b559-6b2133faa342,First Baptist Church of Iva,Iva Baptist Church,-82.668288,34.322776,45,NA,NA
church_overture:82b40dbe-7808-44e9-a771-5092e0a727c7,First Baptist Church,,-97.9323447,35.04547405,40,4013950,Chickasha
church_overture:82b54a65-d2da-4481-9698-fa13e3de2415,Sale Creek First Baptist Church,,-85.11414449,35.38117442,47,4766220,Sale Creek
church_overture:82b9781c-fdd5-4d77-a0c5-3ab9509d35e4,First Baptist Church Barnum,,-94.684889,30.961498,48,NA,NA
church_overture:82ceff08-3d51-4ac1-93fa-9ab97dfe5f51,First Baptist Church,,-84.79313733,39.84694092,39,NA,NA
church_overture:82d59441-5467-4247-a8ed-d48826801e7a,First Baptist Church,,-91.79089259,33.63040687,05,0546580,Monticello
church_overture:82d8c257-a49a-4ca1-9039-e65fb2c17197,First Baptist Church,,-83.89845152,39.80555025,39,3986940,Yellow Springs
church_overture:82e6ed34-e4a8-4185-aecf-15b5cac2d6da,First Baptist Church,,-120.4306353,34.906214490000004,06,0669196,Santa Maria
church_overture:82ea8bb3-d9fc-458b-81ab-07696f165678,First Baptist Church,,-96.40938823,28.44831431,48,4858952,Port O'Connor
church_overture:82ebde49-6023-4b54-991e-d652ecd519f1,First Baptist Church of Green Valley,,-77.26769727,39.3621831,24,2453100,Monrovia
church_overture:82fb3540-a60d-4152-968a-5eb7f698f835,First Baptist Church,,-106.32134154197816,42.84500608744868,56,5613150,Casper
church_overture:82fb5b89-32b9-4fee-8751-5215da3fca58,First Baptist Church,,-92.92005165,32.54919225,22,2202655,Arcadia
church_overture:8308ecfa-934b-4489-950d-418d70902284,First Baptist Church,,-90.01946646,34.99088141,28,2869280,Southaven
church_overture:830df619-0e7c-4c41-a9a0-257501f0ac9f,First Baptist Church,,-101.82837134,32.96568652,48,4853436,O'Donnell
church_overture:831c92f2-ed88-4462-9194-d15e23cde62a,First Baptist Church Little River,,-97.36919936768909,30.9908355289099,48,4843066,Little River-Academy
church_overture:831e5863-1c6e-438f-a221-6e281bb74e43,First Baptist Church,,-88.97263344,40.15119936,17,1715001,Clinton
church_overture:8323cd6d-b311-4a6a-b388-951480595a32,First Baptist Church,,-80.4096455,37.22873239,51,5107784,Blacksburg
church_overture:83278f8e-9d30-4557-a678-32213f4644f5,First Baptist Church,,-92.41807339,30.49244833,22,2224565,Eunice
church_overture:832c8008-8be3-47da-82d8-889b0d2cb273,First Baptist Church,,-78.19428526,38.91941458,51,5129968,Front Royal
church_overture:833300d2-4430-4a7d-bab3-a668e6dde04e,First Baptist Church of Tioga,,-102.93242763,48.39840101,38,3878940,Tioga
church_overture:8339ef00-502b-4491-867c-403f28ccdafb,First Baptist Church Of Byram,,-90.2500104,32.1800327,28,2810140,Byram
church_overture:836bef92-2804-4643-aca5-9b34c4e291fb,First Baptist Church of Theodore,,-88.1709783,30.54476121,01,0150000,Mobile
church_overture:836e48b7-f80c-4587-950f-1695cf4fd52d,First Baptist Church,,-88.85015632039179,39.03177160460215,17,1766794,St. Elmo
church_overture:837236c5-5dcf-4446-ae8a-5290e0c206a3,First Baptist Church,,-92.65838504,32.69943073,22,2221800,Dubach
church_overture:8373ba0b-7c33-42e8-af57-38be37646e6e,First Baptist Church,,-95.49663,35.52339,40,4062950,Rentiesville
church_overture:8385b10e-6412-4e4b-8b85-15bc71c590dc,First Baptist Church,,-93.13752286,35.27790962,05,0561670,Russellville
church_overture:8385f475-3575-463a-8a79-7d5580e8c119,First Baptist Church,,-107.15351279,32.66890641,35,3531820,Hatch
church_overture:83861888-b044-41a3-97f7-c8a9e299d334,First Baptist Church of Evangeline,,-92.57009708,30.26600495,22,NA,NA
church_overture:83879822-b72c-4e17-98c7-c1ff7e87ad26,First Baptist Church,,-89.6896743347729,41.80437799542219,17,1772546,Sterling
church_overture:839981ee-ac64-45c8-bcf1-4d613ef05e7c,First Baptist Church,,-88.72326667232716,34.228880448897115,28,2874840,Tupelo
church_overture:8399c8c4-f9a4-4fda-9352-17bafc7f00e1,First Baptist Church,,-84.10733345784026,39.35363883577952,39,3967580,Roachester
church_overture:83aedbe4-496a-4b79-8f33-3cf2388f6e2f,Barnum First Baptist Church,,-94.68340268,30.95578926,48,NA,NA
church_overture:83b05569-d1fb-40a5-a568-2a646d87c2f7,First Baptist Church,,-90.95083138,30.47000297,22,2220435,Denham Springs
church_overture:83bed4b8-0458-4d28-9c01-ef1616dcdf33,First Baptist Church of Malone,,-74.29706787902268,44.84766559805263,36,3644710,Malone
church_overture:83d43b7a-4f97-41b8-946d-261d1bf8f38f,First Baptist Church,,-85.30308979,35.04533441,47,4714000,Chattanooga
church_overture:83d9344a-5273-4ba4-9feb-41b39fe09461,First Baptist Church,,-97.36763489,41.44604983,31,3110110,Columbus
church_overture:83dd62a1-b9b4-4484-98ef-17e2c4b559c1,First Baptist Church,,-123.92512163,46.16746377,41,4178900,Warrenton
church_overture:83e708e8-0592-4fa4-9a4e-f282d29b28ac,First Baptist Church,,-84.171281,39.944466,39,3976876,Tipp City
church_overture:8406c268-751a-445b-9daa-53bb5ef83b0f,First Baptist Church of Duarte,,-117.95773464,34.13961046,06,0619990,Duarte
church_overture:840dccb4-63be-4135-9ba5-36f6a6efeeb9,First Baptist Church of Auburn,,-121.07090634,38.89986858,06,0603204,Auburn
church_overture:84196006-8f8c-4e9b-bfa1-d26f88188f24,First Baptist Church of Woodridge,,-88.13445,41.70427,17,1707133,Bolingbrook
church_overture:841b0304-4d62-494a-aee6-0f4ef51e447f,First Baptist Church,,-122.309757,47.399985,53,5317635,Des Moines
church_overture:841d30e1-88b7-4f43-93cc-6fc693b3371f,Pineville First Baptist Church,,-83.69833,36.76237,21,2161248,Pineville
church_overture:841e1912-4750-460f-aa78-2647cc7b2be8,First Baptist Church,,-87.15171431,36.8067309,21,2124400,Elkton
church_overture:842ca1b5-f4a4-4cff-90ea-d706b5af7030,First Baptist Church of Mineral Springs,,-80.66210076,34.93990997,37,3743360,Mineral Springs
church_overture:842dc340-c525-4dd5-b2a6-d419acc14071,First Baptist Church of Arabi,,-89.993844,29.959074,22,2202550,Arabi
church_overture:8437bfff-8e28-4601-8c5b-b56883fc77d9,First Baptist Church of Waldorf,,-76.96230827,38.64905526,24,2481175,Waldorf
church_overture:843b9a2a-2184-4aeb-88c6-fa6b5d020891,First Baptist Church,,-96.36132832,33.16265767,48,4825488,Farmersville
church_overture:8442c381-b723-41cd-a058-83fff13c2abd,First Baptist Church,,-122.280651,40.384307,06,0616630,Cottonwood
church_overture:845815b6-59e3-43f8-9944-15dfebefc30f,First Baptist Church,,-78.06010434,34.89379719,37,3740640,Magnolia
church_overture:845ce85b-28c5-4962-83cc-f7b7361d43d4,First Baptist Church of Deer Trail,,-104.0440501,39.6144817,08,0819630,Deer Trail
church_overture:845f5437-c220-49dd-95dc-edb03361912e,First Baptist Church,,-93.43793047,36.33557749,05,0528600,Green Forest
church_overture:845f5c8f-979c-4de4-9f08-45b19b63f55c,First Baptist Church Ridgeland,,-90.12926965695966,32.42705767629551,28,2862520,Ridgeland
church_overture:846866ca-3336-47ad-847b-6cf468333118,First Baptist Church of Sneads,,-84.92709362,30.71590816,12,1266725,Sneads
church_overture:8468d21b-8e3e-4d49-896d-06803590efbc,First Baptist Church,,-86.11690899284696,40.82329102287417,18,1848636,Mexico
church_overture:846f7bf4-52d2-4a73-a6eb-863d2944db05,First Baptist Church,,-97.47714960168388,35.14582875243125,40,4029850,Goldsby
church_overture:84795f04-8104-4cd6-9715-dd4d96ebfc5b,First Baptist Church,,-82.96451779,38.71765129,21,2172210,South Shore
church_overture:847e191d-3f27-4ccc-973f-070dd6008816,First Baptist Church of Hargill,,-98.01613324,26.44335489,48,4832300,Hargill
church_overture:8495d471-8db3-4154-b585-81b0ed6b323a,First Baptist Church,,-93.974123,31.251043,48,4857644,Pineland
church_overture:84aaf053-d0f2-4df5-8130-d258d20af2bc,First Baptist Church of Cameron,,-93.32005965,29.79671342,22,2212000,Cameron
church_overture:84b15565-a7fe-491f-b07b-c98eecf2b70a,First Baptist Church Vardaman,,-89.17762321,33.87810851,28,2876320,Vardaman
church_overture:84b1ce6a-f57a-41e7-a962-4d32db6ae3a3,First Baptist Church,,-98.486811,29.431179,48,4865000,San Antonio
church_overture:84bcd130-c9ea-4358-9368-d9bf20b19fdf,First Baptist Church of Lady Lake,,-81.935346,28.913269,12,1237375,Lady Lake
church_overture:84bedc89-bc6a-43fb-b70d-03eb7f6ef943,Wimberley First Baptist Church,,-98.089611,29.99925,48,4879624,Wimberley
church_overture:84c78b77-2855-466b-9759-e4d0f19658eb,First Baptist Church,,-75.60737773,43.9800027,36,3612683,Carthage
church_overture:84d29e85-2bea-46b3-b3b7-77b1693478cc,Montvale First Baptist Church,,-79.73755885,37.39099211,51,5152968,Montvale
church_overture:84d304fa-9658-47a8-9c13-eead53d7e78f,First Baptist Church,,-78.89126649,38.06594436,51,5183680,Waynesboro
church_overture:84e004a9-61fb-4d2c-a581-a52123bb843c,First Baptist Church,,-90.40782283,39.30313155,17,1711462,Carrollton
church_overture:84fc1bac-8f5b-456d-b434-31765e0de243,First Baptist Church,,-91.76787229,37.95051405,29,2962912,Rolla
church_overture:850cfdd6-d55d-4e7d-a4bf-e521a6425b1d,First Baptist Church,,-84.7191101,41.19083107,39,NA,NA
church_overture:851ee251-9708-4bc2-8ea2-5245c3a89fd2,First Baptist Church,,-90.92553479,38.94694752,29,2950204,Moscow Mills
church_overture:8523a7d3-532e-4d7e-a451-587dab6a32ce,First Baptist Church,,-91.40358855,39.94047571,17,1762367,Quincy
church_overture:8528ec57-3d5e-4cd4-bbc0-160842cd2fe6,First Baptist Church of Clayton,,-94.4742732,32.0990527,48,NA,NA
church_overture:852c6c1b-6b11-4526-a779-b508e409313b,Guntown First Baptist Church,,-88.65935901,34.44503372,28,2829940,Guntown
church_overture:85301e2a-839e-4c66-8f96-74fdba6d0ed4,First Baptist Church,,-90.47156282,34.94967376,05,0533760,Hughes
church_overture:85314ce2-cb36-4975-a18a-8e0a9dfd4cba,First Baptist Church,,-100.53653432,32.44220929,48,4863176,Roscoe
church_overture:8532283f-1da7-4f92-a665-9cd192c87b7b,First Baptist Church,,-86.24384265,45.95648264,26,2650760,Manistique
church_overture:853a8180-2e66-424e-bb94-190add22cea6,Lawndale First Baptist Church,,-81.57645098,35.40814447,37,3737260,Lawndale
church_overture:8541f635-9d5e-4811-9157-402a6805c0a3,First Baptist Church,,-83.98282505,33.29213347,13,1341596,Jackson
church_overture:854330a3-e625-48e2-95d5-91f8ab23ef46,First Baptist Church of Coconut Creek,,-80.19255789,26.31672263,12,1213275,Coconut Creek
church_overture:85500bb3-abcb-457d-852b-a00f79f7f91d,First Baptist Church,,-94.52103033,30.28579163,48,NA,NA
church_overture:855067a7-8060-4c5e-ba3e-4ff0457b1aac,First Baptist Church Of Palmetto,,-82.576498,27.514707,12,1254250,Palmetto
church_overture:8558239b-be95-42a1-ba38-82031d720be1,First Baptist Church-el Monte,,-118.0291607,34.0708394,06,0622230,El Monte
church_overture:85594b5d-cc91-41c4-9e62-419d08fc0444,First Baptist Church,,-87.80216528,41.75674842,17,1708225,Bridgeview
church_overture:856f33c2-f57c-4e73-ae5a-6d3daeaf75c7,First Baptist Church of Holt,,-86.74729157,30.71471858,12,NA,NA
church_overture:85b90f63-1797-4ac1-a3d0-65f92665d85d,First Baptist Church,,-98.5218385,40.0900464,31,3140920,Red Cloud
church_overture:85bdadcf-bd0b-45c9-8733-33a444842dca,First Baptist Church,,-95.58602942310661,35.889556882390735,40,4062200,Redbird
church_overture:85c367b0-df3d-4720-80bc-7792c4695a13,Atwood First Baptist Church,,-96.33859786064423,34.9595164733639,40,4003350,Atwood
church_overture:85cedb08-6a5d-4f03-8ddc-0d710f6d48de,First Baptist Church,,-84.36327563506674,35.51859824803325,47,4745320,Madisonville
church_overture:85e42a92-0f90-45c9-966a-446a36d04a2e,First Baptist Church,,-95.47175882,33.06139868,48,4816252,Como
church_overture:85e643fc-2feb-45f5-80bd-22fc2ff1953b,First Baptist Church,,-97.31792111330213,34.91910129794843,40,4079300,Wayne
church_overture:85fa4c5b-4903-4603-a6e0-8812fb0dcc2d,First baptist church ambridge,,-80.23113405,40.59286452,42,4202288,Ambridge
church_overture:860ca148-df5b-4135-99a2-16962a3cf341,First Baptist Church,,-82.60774141,38.11562764,21,2147854,Louisa
church_overture:8620c3c4-c497-4ca2-b2e3-608d3042f458,First Baptist Church of Grant,,-86.25319953,34.52743477,01,0131096,Grant
church_overture:8626e69a-6438-444a-8bdb-c9f805972bea,First Baptist Church,,-95.38001763,35.9518235,40,4077850,Wagoner
church_overture:863383f3-d64c-49fd-999c-213a014a14ae,El Paso First Baptist Church,,-92.0941297,35.12617496,05,0521520,El Paso
church_overture:863ab548-909a-465d-80eb-97fe173b1ae4,First Baptist Church,,-122.98476177,44.39543559,41,4109050,Brownsville
church_overture:863bd687-c457-48e1-9951-5f78a9aee1d0,First Baptist Church,,-95.6732047,35.8028701,40,4032900,Haskell
church_overture:864d97fe-fbf6-4528-b743-a929d52c8ff6,Battlefield First Baptist Church,,-93.36962559,37.12424936,29,2903592,Battlefield
church_overture:865c02b5-8641-4f5e-ad6d-4ee116bb252e,Providence First Baptist Church,,-87.762177639594,37.395383825502,21,2163372,Providence
church_overture:865d58df-59eb-4788-a443-907d1288e00e,Mt Pleasant First Baptist Church,,-89.515329,34.955038,28,2849640,Mount Pleasant
church_overture:866ab490-0d8d-40bf-9b19-baa761504ed1,First Baptist Church,,-88.12584363,35.64688148,47,4757080,Parsons
church_overture:8674a7a5-317d-40e3-b185-95f9fdf9e63e,Hopewell First Baptist Church,,-86.946799,33.362138,01,0105980,Bessemer
church_overture:8676db58-f50b-4a5b-a70a-6ef51c223e60,First Baptist Church,,-81.14526755,36.62296456,51,5139528,Independence
church_overture:867e5e2c-ed4a-419f-8e64-3a667f1b9ab4,First Baptist Church of Chamblee,,-84.303315,33.88787811,13,1315172,Chamblee
church_overture:868d2139-4557-4b27-8882-53d7519e8a80,First Baptist Church Of Pleasant Hill,,-94.26745580828698,38.78715484321236,29,2958394,Pleasant Hill
church_overture:8691785e-3a12-4be0-bf94-3de0c26da3d6,First Baptist Church Of Hurricane,,-82.028161,38.430211,54,5439532,Hurricane
church_overture:86ac4eea-954d-4e11-97e7-8c65e4cf5d3b,Clarkston First Baptist Church,,-84.23775749,33.81131396,13,1316544,Clarkston
church_overture:86ad5697-8096-4365-99cc-56d1337962f6,First Baptist Church Butler,,-88.23545797,32.09271222,01,0111032,Butler
church_overture:86af6dae-9565-49ac-9383-b2e123ed898e,First Baptist Church,,-79.04286402,39.488258,24,2482750,Westernport
church_overture:86c199df-17a1-4c25-9c3a-00edb9f445c6,First Baptist Church of Joliet,,-88.07566272,41.52736115,17,1738570,Joliet
church_overture:86cc256a-902f-4015-9e9d-ded653f65b4e,First Baptist Church,,-95.41958891,29.87318868,48,4835000,Houston
church_overture:86d101ed-0154-40d9-a8c2-7131bed1fe99,First Baptist Church,,-89.01463152044684,34.03670772321057,28,2851420,New Houlka
church_overture:86d2be6c-c69d-4119-81bf-32805ea9320d,First Baptist Church,,-78.39316591,37.30082251,51,5127440,Farmville
church_overture:86d972f4-d6f8-489c-9c4f-db0fdce19c51,Hindsville First Baptist Church,,-93.862425,36.1585133,05,NA,NA
church_overture:86e25838-a19e-4c77-a131-d466050c0e89,First Baptist Church of McDonough,,-84.14660986,33.44480206,13,1348624,McDonough
church_overture:86e6ede0-317f-4d2b-8594-6693390ce176,First Baptist Church,,-89.34377219,33.99251762,28,2809180,Bruce
church_overture:86e9e354-e0ba-4ec7-a83d-c6d9b2e6e3c6,First Baptist Church of Anaheim,,-117.92220970832112,33.83155091260667,06,0602000,Anaheim
church_overture:86ea9bfc-7995-42d2-8241-aa67cddd24b1,First Baptist Church Of Shenandoah,,-95.37034529,40.76465703,19,1972525,Shenandoah
church_overture:8705a768-8028-4f82-9a99-bd5a6dab1bf2,First Baptist Church,,-93.54633868,30.75385021,22,2250010,Merryville
church_overture:8709c994-baa8-46a5-a673-94b86e5aa7c6,First Baptist Church,,-76.53862235,42.00423642,36,3678806,Waverly
church_overture:8736fe27-cd67-47fa-9e28-5872608bd322,First Baptist Church,,-82.72652513,38.55024872,21,2184864,Worthington
church_overture:8740983b-26eb-4362-931e-b81ac5450a14,First Baptist Church Giddings,,-96.92242724,30.1745201,48,4829432,Giddings
church_overture:87411a88-1a5b-4ec9-810e-833fba365fc9,First Baptist Church of Nebo,,-81.92475869,35.71125105,37,3746100,Nebo
church_overture:87502730-2bcd-46a6-9e56-773497e09e89,Nashville First Baptist Church,,-86.78061529,36.1590443,47,4752006,Nashville-Davidson metropolitan government (balance)
church_overture:87736e5c-45cc-45b8-9789-123003e08b15,First Baptist Church,,-84.13545442,42.98166833,26,2653730,Middletown
church_overture:877d0e57-7771-4542-a2d6-1c7eb85de7b0,First Baptist Church Of Orange Beach,,-87.57351334105397,30.29391929436407,01,0157144,Orange Beach
church_overture:8796f592-d77b-427f-b0a9-42313f4cb84f,First Baptist Church,,-90.58984575166473,34.52826279965489,05,0531190,Helena-West Helena
church_overture:87a56f79-57bf-4f30-a68c-cf32a06fa8fb,First Baptist Church,,-91.10808552,29.66434644,22,2201815,Amelia
church_overture:87a758d4-8371-45ff-8dac-dc7022a835a7,First Baptist Church Woodward,,-86.95139212,33.43796559,01,0109400,Brighton
church_overture:87b20bea-5022-45e9-9e69-7fb535e7afa2,First Baptist Church,,-117.72158684902098,33.60612326355617,06,0600947,Aliso Viejo
church_overture:87c01872-7ba7-4dca-bb7b-d4c4fa35d259,First Baptist Church of Cape Canaveral,,-80.60499959,28.39758663,12,1210250,Cape Canaveral
church_overture:87d3817d-8b28-45d2-b4fe-253d8a73338f,First Baptist Church,,-90.786085,35.006034,05,0524430,Forrest City
church_overture:87d6d5b0-3dba-4375-8fab-ab0c0536a2d0,First Baptist Church,,-79.65292228,35.73333339,37,3755040,Ramseur
church_overture:87e716bc-90d4-48f1-8972-d9e22c8e7247,Bellevue First Baptist Church,,-85.01791322,42.4431519,26,2607060,Bellevue
church_overture:87e9ee30-e381-4228-8f46-0025c1800af9,First Baptist Church,Church First Baptist Hosp House,-94.37558893,41.06869126,19,1917265,Creston
church_overture:87eee5c5-9fb2-4745-acfd-7ca122c787bf,First Baptist Church,,-96.99541638,37.23850294,20,2079950,Winfield
church_overture:87f089a0-c939-4ea6-bf99-d2d9800bbdbc,First Baptist Church Caldwell,,-74.28143382298543,40.855518616148146,34,NA,NA
church_overture:87fef1f5-64ef-4c8e-8241-094cf6002eb9,First Baptist Church of Port St Lucie,,-80.3485957065711,27.319323149856398,12,1260785,River Park
church_overture:88010df4-cde1-44f0-9a2a-142e065edeb6,First Baptist Church Of Hugo,,-95.505311,34.009934,40,4036300,Hugo
church_overture:8805794d-98d4-41b8-8f19-c458c5292a33,First Baptist Church of Muldrow,,-94.5907416,35.40344259,40,4049850,Muldrow
church_overture:8807e5ad-63d3-4f81-b4cd-9cbcc2b5a6f3,First Baptist Church of Factoryville,,-75.78406772,41.5629491,42,4224488,Factoryville
church_overture:880f588d-3521-402e-9554-0052ffff5b60,First Baptist Church,,-99.02767942,34.38581011,40,4027800,Frederick
church_overture:88207575-0588-498e-8ed9-ec64ae8677f3,First Baptist Church,,-103.84876796,44.67024206,46,4604380,Belle Fourche
church_overture:882f46bd-3304-4888-a980-dfdf405f96ac,First Baptist Church,,-96.4812381,44.23490877,46,4618700,Elkton
church_overture:8840ed97-247f-43ae-856a-b16533b6e0fc,First Baptist Church,,-84.01411048,33.61349904,13,NA,NA
church_overture:88445579-cb23-409f-ac0d-89c3dc68b33a,First Baptist Church of Mason,,-99.23435299,30.7436949,48,4846968,Mason
church_overture:88547392-21c9-4869-b759-3b7bb5b6b6f0,First Baptist Church,First Christian Church,-94.60459062,34.88962821,40,4033400,Heavener
church_overture:88586b93-1222-4951-bf47-70e3be57616e,First Baptist Church of Denver,,-104.98395646,39.7381756,08,0820000,Denver
church_overture:885a03ec-2b64-4075-aede-07b634650883,First Baptist Church,,-87.7022837,34.73376718,01,0177280,Tuscumbia
church_overture:885ac91e-024f-43a4-9ccd-8a903b0ed1d8,First Baptist Church,,-94.42859445,36.64227822,29,NA,NA
church_overture:88641f24-8923-4330-8f20-1680c94d844c,First Baptist Church,,-79.84832379,41.89716005,42,4278448,Union City
church_overture:88659c04-8e84-4b2f-9267-896ddba146a8,First Baptist Church Flippin,,-92.5884774043187,36.28335840252821,05,0524010,Flippin
church_overture:8869991c-1cda-4ba2-ade6-c83c9de76317,First Baptist Church of Austin,,-85.80897209,38.7407298,18,1802800,Austin
church_overture:887de43d-4bd4-4409-848b-96d7c7a1f7ee,First Baptist Church,,-102.11140035,34.38538804,48,4832576,Hart
church_overture:88816899-f4e8-4a04-b8fb-30e2edcb0538,First Baptist Church,,-90.41856695305026,35.52896366320269,05,0544210,Marked Tree
church_overture:8881c291-15fa-4553-8b51-e72bc65c41c1,Cleveland First Baptist Church,,-83.76293552,34.60009228,13,1316824,Cleveland
church_overture:88826f4b-7b85-4c09-ae19-18f1312c3b6d,First Baptist Church of Yarmouth,,-70.19282402,43.80300447,23,2387810,Yarmouth
church_overture:8898e3fa-218a-4b19-9a1d-d9760a36829a,First Baptist Church,,-100.89700261858835,29.367728285357423,48,4819792,Del Rio
church_overture:889e3588-3a6b-4497-905f-47d4f8e707a7,First Baptist Church,,-118.82753216,36.11494161,06,0673710,Springville
church_overture:88a4076e-37da-4ee7-9875-e1dc255ed263,First Baptist Church,,-93.8466988,37.4298458,29,NA,NA
church_overture:88b55340-86eb-4269-aecc-47b2f500bcde,First Baptist Church of Erwin,,-78.67459444,35.32544319,37,3721740,Erwin
church_overture:88bcac37-5141-4d6f-98fd-d2545227c335,First Baptist Church Mammoth Spring,,-91.5213918,36.4140042,05,NA,NA
church_overture:88d78924-e4c1-4ee9-b4a4-8d2a3a9b1cdd,First Baptist Church,,-81.46940405,40.51858254,39,3922456,Dover
church_overture:88d9d71d-9e90-46a7-af4f-b10d75fa2b92,Lee First Baptist Church,,-83.30066086,30.42009778,12,1239850,Lee
church_overture:88f47cf2-7217-4229-821f-ac7f00e4f9b0,Arkadelphia FIRST Baptist Church,,-86.96118,33.905616,01,NA,NA
church_overture:88f496f1-e9e2-453c-9622-b747e7753ae6,First Baptist Church,,-92.08404365,43.67232741,27,2752450,Preston
church_overture:89007932-9aa8-419f-b2cb-a682043de1e9,First Baptist Church,,-104.52633547,33.39843776,35,3564930,Roswell
church_overture:890bebd1-86ac-472c-9353-d16504e345a1,First Baptist Church of Mt. Pleasant,,-80.43374808,35.39596067,37,3745140,Mount Pleasant
church_overture:891b46e9-205f-47f6-b88e-6eedd021b6d3,First Baptist Church of Laura,,-84.407869,39.9947761,39,3942028,Laura
church_overture:891bf8d5-0974-457b-9d95-5c52845f0d6b,First Baptist Church,,-88.89158319,35.074620349999996,47,4748340,Middleton
church_overture:891d16c1-7aa4-41c2-b3c7-890a852d1e3a,First Baptist Church Brownsboro,,-95.61386998,32.29854657,48,4810756,Brownsboro
church_overture:891dd644-1dc9-4c8c-b211-8490a197763d,First Baptist Church,,-101.39224149,35.66508651,48,4809556,Borger
church_overture:891efa42-400f-4a03-9645-485d3b9db5fd,First Baptist Church of Capitola,,-121.96206086,36.97404447,06,0611040,Capitola
church_overture:891fabf1-27fe-4b06-a333-8271d0e700f8,First Baptist Church of Ringling,,-97.5923524,34.17027101,40,4063350,Ringling
church_overture:89338080-e6d6-4a38-a133-8b4bbdc59513,First Baptist Church,,-83.577285,40.651028,39,NA,NA
church_overture:8934a1ea-8977-4509-8002-2ccdce1e062b,First Baptist Church,,-79.11574668523257,34.50116445646091,37,3722360,Fairmont
church_overture:8935daac-9bd1-4e07-9f26-5f13a54b4eef,First Baptist Church,,-95.09885517,32.59911092,48,NA,NA
church_overture:89374244-1e43-4a94-961d-0e0008f72da1,First Baptist Church,,-89.93016118096817,36.883832595672104,29,2906382,Bloomfield
church_overture:8944a56a-16b2-4a56-9cec-cebd916f5aee,First Baptist Church of Benicia,,-122.17068686,38.06933421,06,0605290,Benicia
church_overture:89456c16-60f7-43f9-b8e9-b900057aefc5,First Baptist Church,,-82.01606627,39.90221352,39,3973894,South Zanesville
church_overture:89492747-b4fa-4e17-a236-75de7f66dd04,First Baptist Church,,-95.2601169,37.340898,20,2054675,Parsons
church_overture:894ead68-8796-4469-8852-b202eb46e1de,First Baptist Church,,-86.45765833,35.48198544,47,4767760,Shelbyville
church_overture:89530441-9a5a-463d-bd24-575fc5e1e520,Silverton First Baptist Church,,-122.79269676,45.00239789,41,4167650,Silverton
church_overture:895750b4-bd67-43a0-82b5-fa989e7381ae,First Baptist Church,,-96.63116263,31.30767299,48,4839844,Kosse
church_overture:895b5193-fef3-4bc1-993c-ee7e34dd8256,First Baptist Church of Arlington,,-71.15958616,42.41682577,25,2501640,Arlington
church_overture:89617dc7-fc05-420f-afc0-28e611bac5d1,First Baptist Church of Nokomis,,-89.28163105,39.29974007,17,1753169,Nokomis
church_overture:896316c2-d877-4197-b44f-0a1b4e82f6ab,First Baptist Church,,-81.93412925,38.53758248,54,5424292,Eleanor
church_overture:8965e9cf-511c-4aa6-8911-63dcd2c61d2b,First Baptist Church of Bayou La Batre,,-88.24751399,30.4102773,01,0104684,Bayou La Batre
church_overture:896611e2-8124-41e9-a12b-b4c0cbf25f44,First Baptist Church,,-72.6739586,44.99586104,50,5059050,Richford
church_overture:89833d1a-73b6-4e54-8eeb-054df3c30c3b,First Baptist Church,First Baptist Church of Kingsbury,-86.7217562,41.60962856,18,1842246,La Porte
church_overture:8989eb67-a4c9-4c87-8500-79bcae4307f1,Pickens First Baptist Church,Student Ministry - Pickens First Baptist Church,-82.70470673,34.88420377,45,4556140,Pickens
church_overture:898bc25d-1ec8-4e6b-bd2b-a953d59ed56f,First Baptist Church of Irmo,,-81.19336613,34.07736628,45,NA,NA
church_overture:8992f312-fe9e-47c6-b35f-c22dcd7ce9c9,Creal Springs First Baptist Church,,-88.83588972,37.61978632,17,1717289,Creal Springs
church_overture:8993e1b8-c241-4340-80c0-bf91215480b4,First Baptist Church,,-90.56397868,30.06148567,22,2264310,Reserve
church_overture:8999fa6c-7112-459c-b646-ba6085d658e2,First Baptist Church,,-117.42797960768647,34.085496361765,06,0624680,Fontana
church_overture:89acda4d-f41e-44fa-ba67-f8e3fcaeaf47,First Baptist Church,,-96.93951953,29.44611655,48,4831868,Hallettsville
church_overture:89ad1adc-7f40-4b26-8671-44a33b1d8af4,First Baptist Church,,-88.1580901,30.8110682,01,0162496,Prichard
church_overture:89ba548d-95c2-4d17-a638-ee7be4c75d65,First Baptist Church,,-96.22285593,28.87066872,48,4808668,Blessing
church_overture:89bc2136-cac9-41b2-a53c-7780342a90c2,First Baptist Church Walton,,-84.61050305,38.86288125,21,2180490,Walton
church_overture:89c55b3b-30af-4195-b81e-1abefe3e2f2f,First Baptist Church,,-81.64150589,30.33375198,12,1235000,Jacksonville
church_overture:89c57521-f0f6-468d-ab85-568a231fd3fe,First Baptist Church of Cranford,,-74.30280196,40.65309447,34,3415638,Cranford
church_overture:89c7e440-c7bd-4031-a999-230ff03563a7,First Baptist Church,,-89.61218110348672,30.250785065266633,28,2855920,Pearlington
church_overture:89c89696-b543-47a8-9e42-4807f8784605,First Baptist Church of Powell,,-84.027728,36.034467,47,4760480,Powell
church_overture:89cb27a5-6b70-4f6e-8163-79e09e5a430c,First Baptist Church of Rice,,-96.49810706,32.24248412,48,4861736,Rice
church_overture:89d2e523-21d7-4ddc-a83f-cd5b18862ad6,First Baptist Church of Ola,,-93.12377,35.02065,05,NA,NA
church_overture:89fa236e-e2c3-4b9b-93f0-06b75d29c706,First Baptist Church,,-92.93178029,47.4005666,27,2728790,Hibbing
church_overture:8a128468-2c0f-4c01-9b10-819881fa14ea,First Baptist Church,,-77.94363598,34.2360782,37,3774440,Wilmington
church_overture:8a128ce1-05a1-45fb-b9e3-61b46d579026,First Baptist Church,,-114.0886779371186,36.82333029800997,32,3246000,Mesquite
church_overture:8a12fdab-8706-47a8-896a-b9d32e9a336a,First Baptist Church of Weaver,,-85.81233126,33.74796844,01,0180352,Weaver
church_overture:8a1ca487-145e-40d0-81f0-eec88a1fbed9,First Baptist Church of Carbon Hill,,-87.52674665,33.89044222,01,0112016,Carbon Hill
church_overture:8a22f7a3-cb0a-4e7c-b71f-7a4e8d69491e,First Baptist Church,,-95.901305,33.248861,48,4816240,Commerce
church_overture:8a38d993-d7d9-4d43-9bee-ce3834e14cc3,First Baptist Church Hartsville,,-80.07465025,34.37725733,45,4532560,Hartsville
church_overture:8a39522f-45ba-422c-8dbc-a93cb435010d,First Baptist Church,,-73.6442,43.281534,36,NA,NA
church_overture:8a50a74d-d3ae-4a5f-90a1-1e5f8e97834f,First Baptist Church,,-93.436179,36.335643,05,0528600,Green Forest
church_overture:8a56b532-abe3-43c7-b329-bad102e06e16,First Baptist Church,,-98.76006602,38.37095441,20,2028300,Great Bend
church_overture:8a5fd267-6bb0-4505-88cd-9926f80df527,First Baptist Church,,-102.72279311,34.63561672,48,4827660,Friona
church_overture:8a6728bc-f3f1-4502-8061-ec416ad3cf11,First Baptist Church,,-96.11842829,31.0308033,48,4851840,Normangee
church_overture:8a6ffaab-cb35-4d2e-adc4-84920b88867f,First Baptist Church of Clinton,First Baptist Church Clinton- Activity Center,-90.32835247,32.33730217,28,2814420,Clinton
church_overture:8a76e899-e33e-4a63-bfcf-99ed215c2153,First Baptist Church-mansfield,,-93.684082,32.03833,22,2248365,Mansfield
church_overture:8a7a8f61-f4b6-4e47-8f33-0c343d35ad78,First Baptist Church of Lacey,,-122.82239342,47.02713999,53,5336745,Lacey
church_overture:8a8a0e60-8e8a-4481-8f46-777aa03c808e,First Baptist Church,,-84.65652702,42.49305886,26,NA,NA
church_overture:8a8aa81b-973b-4de2-93ad-698420795cd7,Arcadia First Baptist Church,,-95.126482,29.386449,48,4865726,Santa Fe
church_overture:8aaeca8f-3bde-44ef-b387-e42972beecf5,First Baptist Church,,-83.75976619,32.66240072,13,1312260,Byron
church_overture:8ab2f0e9-7e07-42f9-9190-ffbcfac26db3,First Baptist Church,,-83.99165478,39.29257789,39,3906908,Blanchester
church_overture:8ab35952-e495-4fa6-8bc0-3637307bd8af,First Baptist Church Of Searcy,,-91.7376529,35.24826231,05,0563020,Searcy
church_overture:8ac3930d-b7a1-4e36-9751-e2e0d3adc262,First Baptist Church,,-82.71716126,38.52368472,21,2127802,Flatwoods
church_overture:8ac7383d-c68c-43f5-94c7-7d05117f0d08,First Baptist Church of Vincent,,-86.451943,33.28394350000001,01,NA,NA
church_overture:8ac95c4e-9bce-4e89-ae1e-869d1b390408,First Baptist Church of Portage,,-85.57629995,42.20140134,26,2665560,Portage
church_overture:8ad6c05d-82ad-4682-950b-97804b976d06,First Baptist Church of Sundown,,-102.48809,33.45287,48,4871060,Sundown
church_overture:8adff917-9ed3-4fec-ae90-4ff8846cde06,Leadwood First Baptist Church,Leadwood First Church of God,-90.59332386,37.86299309,29,2941078,Leadwood
church_overture:8ae125be-fa40-41a9-998e-5cd7f10cc64e,First Baptist Church,,-90.34845085955594,33.63808797170825,28,2866080,Schlater
church_overture:8aec4a6a-c0db-4b80-a8d5-cad35aefd1f2,First Baptist Church,,-96.71938105,34.00014651,40,4039900,Kingston
church_overture:8af2cd5f-d4cc-4f26-836f-fc5c34ce522f,First Baptist Church of Waldoboro,,-69.463099,44.335741,23,NA,NA
church_overture:8af5592f-7c55-4e36-9faf-b912a9a3be92,Berea First Baptist Church,,-82.432117,34.875536,45,4554535,Parker
church_overture:8afb85ba-038d-4609-bb62-6731e9984308,First Baptist Church of Crosby,,-95.06197915,29.91207868,48,4817756,Crosby
church_overture:8b05512a-69d7-42ac-aab9-f3c1bbe4852a,First Baptist Church of Chesapeake,,-82.48341398,38.42224878,39,NA,NA
church_overture:8b208b86-fd7d-4d4f-b539-b2dfe176578a,First Baptist Church Lake Worth,,-80.05373449929654,26.613649942896945,12,1239081,Lake Worth Beach
church_overture:8b36a0ae-f85b-4b57-83ec-08260d9640bb,First Baptist Church,,-114.17937154,46.02241834,30,3019300,Darby
church_overture:8b36c12f-bbeb-4911-8317-20becc9c1a8e,First Baptist Church,,-80.577164,35.888114,37,3743720,Mocksville
church_overture:8b38b1a3-36fd-4bc1-b799-250a14ee21fd,First Baptist Church,,-91.50859755423207,38.97518050837296,29,2949574,Montgomery City
church_overture:8b3a5f7a-f424-47a0-82de-df152d81331a,First Baptist Church,,-96.13859051,38.12646768,20,2044050,Madison
church_overture:8b449375-2fc9-4928-8f07-7371eb8be0ee,First Baptist Church of Wallace,,-94.107778128237,33.650053096935,05,NA,NA
church_overture:8b581754-1c44-4432-acd3-2c7b023dafad,First Baptist Church,,-78.77891584,34.53622231,37,3706240,Bladenboro
church_overture:8b5c5c59-dcb4-49d1-9531-049de268b374,First Baptist Church,,-79.19986117,42.11856695,36,3625164,Falconer
church_overture:8b67d96c-50a2-4aba-98f3-2bcb5c57ae00,First Baptist Church,,-82.1553799,32.58231783,13,1377988,Twin City
church_overture:8b6c2b76-dd76-41ca-b3ea-7c5d0e089c9f,First Baptist Church,,-99.24147591,30.300168,48,4832456,Harper
church_overture:8b6ea2b3-814b-4117-8c15-97860f1e6cf3,First Baptist Church,,-93.74753507,38.38651066,29,2914986,Clinton
church_overture:8b78c8d8-0b53-4fce-acb2-8301c22e7ebe,First Baptist Church,,-95.550303,42.750699,19,1913080,Cherokee
church_overture:8b7faffd-f27b-425a-92a0-8933e9912925,Weirton First Baptist Church,,-80.59568071,40.39322086,54,5485156,Weirton
church_overture:8b8dc456-fd44-4d82-9801-effa7c82c5b1,First Baptist Church South Daytona,,-81.0095487,29.16770416,12,1267325,South Daytona
church_overture:8b99f11c-f5d9-4ade-a81d-01a9a8489794,First Baptist Church Tomball,,-95.62884553,30.09703424,48,4873316,Tomball
church_overture:8ba4c601-2d90-4368-83ad-616a1c3c072b,First Baptist Church,,-122.32362046,48.47482268,53,5308920,Burlington
church_overture:8ba4dcf3-cdc7-40f2-bf28-ec006ed367ca,First Baptist Church of Lomax,,-86.65617084,32.87570111,01,0115136,Clanton
church_overture:8ba81b55-5e78-46e1-b571-b06552f756d8,First Baptist Church of Shelbyville,,-88.80524154,39.41245545,17,1769186,Shelbyville
church_overture:8bb52902-fa84-4341-a271-c7381e654ca2,First Baptist Church Thorsby,,-86.71201957,32.91488155,01,0176080,Thorsby
church_overture:8bb6ab94-e761-4b46-aa57-e9a485bf9e7c,First Baptist Church,,-92.77522686,37.14526781,29,2966800,Seymour
church_overture:8bc0b298-2246-44af-99da-87d9b563d367,Beebe First Baptist Church,,-91.92804999,35.06673384,05,0504600,Beebe
church_overture:8bc472c9-facc-4578-8b18-c16fc0d84ad1,Litchfield First Baptist Church,,-84.74286545,42.04434068,26,NA,NA
church_overture:8bc8060e-41df-4406-b692-c07ebbe56732,First Baptist Church of Tooele,,-112.30072054,40.51805879,49,4976680,Tooele
church_overture:8bcd6a96-137d-434c-9dc2-6120f0fe6a17,First Baptist Church - Jeffersonville,,-83.339837104108,32.693603138023,13,1342100,Jeffersonville
church_overture:8bcd6eb6-682b-469b-a94d-ea02e00e3ad5,First Baptist Church of Middleville,,-85.47823722,42.72707341,26,NA,NA
church_overture:8bd0efef-7ba1-40a5-b953-0c8635d3a993,Norris First Baptist Church,,-82.75230329,34.76109114,45,4550515,Norris
church_overture:8be04d16-2a2a-46a5-b48e-dde2fa7ea48c,First Baptist Church,,-74.94778614,39.96361118,34,3447895,Moorestown-Lenola
church_overture:8be82c40-b11f-402c-a898-4d763bafbfed,First Baptist Church-eastport,First Baptist Church,-76.47983,38.9714671,24,2401600,Annapolis
church_overture:8beab85a-7fcf-42ee-92a9-97ab3aff2697,First Baptist Church,,-96.50771441,38.65871354,20,2015925,Council Grove
church_overture:8bebf12e-f895-488d-9128-21b19bbfd0a8,First Baptist Church,,-93.08835747,31.75984439,22,2253545,Natchitoches
church_overture:8bf198b6-374d-47b0-9a0b-478da631b9d5,First Baptist Church of Boyd,,-97.57256731873709,33.07728806508269,48,4809748,Boyd
church_overture:8bfa181e-449b-4df6-a116-ec55c19b07a7,First Baptist Church,,-93.97076,29.986421,48,4858940,Port Neches
church_overture:8c0346da-5092-497d-ac71-c99965f83b76,First Baptist Church,,-80.61030924,40.28151685,54,5485324,Wellsburg
church_overture:8c2d37ca-4c60-4842-b849-6e66e3c1b64e,First Baptist Church,,-117.03171892,32.736889,06,0641124,Lemon Grove
church_overture:8c2d6293-a016-4103-9316-a46b4b69c44b,First Baptist Church,,-82.01130778,30.1970311,12,1235000,Jacksonville
church_overture:8c37f941-fd24-4113-af3d-dc5b6a9a52ea,First Baptist Church of Colby,,-101.028149,39.39901,20,2014650,Colby
church_overture:8c3b5066-7862-4ca0-ada6-4ac1a9dfefa1,First Baptist Church,,-99.9020059,38.45371044,20,2049925,Ness City
church_overture:8c3bbad2-b9c3-46f2-9019-52f5fba00855,Panacea First Baptist Church,,-84.39232456,30.02957596,12,1254625,Panacea
church_overture:8c3cdfb4-d8d1-4ed4-800d-52ff77db7546,First Baptist Church,,-97.68464606,32.97110354,48,4869800,Springtown
church_overture:8c499f92-f2cb-407b-9b0f-9d53d8c8606f,First Baptist Church of Beulah,,-87.38218942,30.52816831,12,NA,NA
church_overture:8c504b55-ccb8-4e06-b7b4-77a483204a2b,First Baptist Church of Marlow,,-97.96878946,34.53356223,40,4021900,Duncan
church_overture:8c572dfa-3841-4b05-910e-130ef7125e0e,First Baptist Church,,-82.02535655,29.78139059,12,1236475,Keystone Heights
church_overture:8c5eac91-3a05-4a47-b823-fcb31a8cd23b,First Baptist Church,,-83.92568507,39.01778209,39,3952906,Mount Orab
church_overture:8c5f03b8-e29b-4fed-b4a5-44cd33d985d5,First Baptist Church,,-91.47509195647608,43.271206065687956,19,1982740,Waukon
church_overture:8c6afaa6-99a7-4187-a05e-4a1dd5583120,First Baptist Church,,-85.21639838,37.68442227,21,2172660,Springfield
church_overture:8c6c3a9a-7ea4-4236-9dea-ead01153ae14,First Baptist Church,,-103.71985936,38.05070415,08,0865190,Rocky Ford
church_overture:8c6e619d-d0bb-4010-b15f-b8139eabdbd2,First Baptist Church Merritt Island,,-80.70197919,28.35612527,12,1244275,Merritt Island
church_overture:8c74849b-dbce-43ff-8096-1b4f411a736e,First Baptist Church,,-88.05469526,45.84592543,26,2640960,Iron Mountain
church_overture:8c7932ae-8fa1-42bf-9c4c-a4528b2501d5,First Baptist Church of Mill Creek,,-96.826198,34.400237,40,4048500,Mill Creek
church_overture:8c8def9a-e9e9-4988-88da-1d423025c678,First Baptist Church,,-88.74693277,34.00401923,28,2853680,Okolona
church_overture:8c965bf3-2e7a-47d7-ac8c-246af6d2d239,First Baptist Church of Lewistown,,-91.81383131,40.08334645,29,2941852,Lewistown
church_overture:8caa8ea9-e98f-4d07-849a-77fd5b0b9c01,First Baptist Church,,-100.273259,35.442712,48,4878208,Wheeler
church_overture:8caf3ae0-6169-43c4-866a-ec63beb2948b,Williamson First Baptist Church,,-82.27583571,37.67438883,54,5487508,Williamson
church_overture:8ccb57e7-f444-4c77-90fd-4b9ccd14a5b2,Southmont First Baptist Church,,-80.27001963,35.67292778,37,NA,NA
church_overture:8cdaf513-0d68-4f28-ad70-62268fcc8b68,First Baptist Church,,-86.32221044,30.74286577,12,NA,NA
church_overture:8cdc31dd-e71a-4c18-aaf9-dba87ba3a906,First Baptist Church,,-85.46771178,35.74515321,47,4770240,Spencer
church_overture:8ce42722-0973-4e4f-a5b5-87899c1b97aa,Indian Springs First Baptist Church,,-86.74354958,33.35661991,01,NA,NA
church_overture:8cfe8a03-97e6-40f9-bcf4-c0486841011f,First Baptist Church,,-91.15824878,38.20925357,29,2971440,Sullivan
church_overture:8d01f5a8-12b3-4c78-9775-bd50f8abe884,First Baptist Church,,-92.48805305016894,43.84990268708381,27,2762806,Stewartville
church_overture:8d0df1b3-48cf-43f8-8504-d1155ecc2e2b,First Baptist Church,,-86.292791,32.428819,01,0151000,Montgomery
church_overture:8d104c31-21c3-4dc6-ac76-86e0ced7e032,First Baptist Church,,-101.36859206,38.48079249,20,2039550,Leoti
church_overture:8d146f39-cabb-4e34-8fe3-ee0c989e43e5,First Baptist Church of Millstone,,-79.01057667,36.86958664,51,NA,NA
church_overture:8d197592-6f41-4e12-ae0f-585922f03195,First Baptist Church,,-86.38819792,39.69750483,18,1860246,Plainfield
church_overture:8d19a0bf-2470-45ec-bfd1-32afbce98adf,First Baptist Church,,-121.81051781,47.86482101,53,5368260,Sultan
church_overture:8d2f96ed-1399-465a-82b0-50e9b23f1b3b,First Baptist Church,,-96.59368659,30.87827805,48,4832972,Hearne
church_overture:8d305cef-5432-4175-91ca-9771ebeb5feb,First Baptist Church,,-93.23772659,33.26713392,05,0543460,Magnolia
church_overture:8d36c62b-ca2d-4752-a34e-f37de18c8ee9,First Baptist Church,,-93.69610318,31.78289574,22,2217215,Converse
church_overture:8d376cbf-9c4b-4e18-8807-cbae0c273ade,First Baptist Church of Hamburg,,-78.833984,42.715734,36,3631643,Hamburg
church_overture:8d44c599-0f87-406b-9285-86e72d0898c1,First Baptist Church of Morrow,,-84.3368863,33.58174272,13,1353004,Morrow
church_overture:8d471a35-1878-4998-a8b9-5a2f6c25b0bf,First Baptist Church,,-82.41923614,36.75040025,51,5156304,Nickelsville
church_overture:8d485101-092b-4c59-b67c-c682fa2acf9c,Moreland First Baptist Church,,-93.00116364,35.3637891,05,NA,NA
church_overture:8d4a892d-8978-477f-8dbf-cf5573b97e7b,First Baptist Church,,-72.25008532,43.64136565,33,3341300,Lebanon
church_overture:8d4bedd8-6fcb-4389-87fc-bf8b4e72589a,First Baptist Church,,-92.68500074,36.22684353,05,0577330,Yellville
church_overture:8d4d2c72-712a-4186-a61b-29c5c3bf1219,First Baptist Church,,-91.8710433,32.69082859,22,2216655,Collinston
church_overture:8d51a88b-a59c-496d-b824-602b27733949,First Baptist Church,,-75.53207599,37.97947766,51,5155608,New Church
church_overture:8d52a820-8244-4ed5-b087-e5092089d8dd,First Baptist Church of Hurst,,-97.16890129,32.84810921,48,4835576,Hurst
church_overture:8d55f954-3c83-4ee5-9b39-e23fee75840a,First Baptist Church,,-111.03971574283784,45.67744960458902,30,3008950,Bozeman
church_overture:8d5b5d0b-71bc-4e71-99f0-841bc832acf3,Century First Baptist Church,,-87.25706831,30.9696459,12,1211362,Century
church_overture:8d614226-befb-4a1d-86e2-09bdaa4f4502,First Baptist Church of Ponchatoula,,-90.43718393,30.43955686,22,2261615,Ponchatoula
church_overture:8d6322d0-a843-458e-95a3-b5edd17e4386,First Baptist Church Douglasville,,-84.72725048,33.73502054,13,1323900,Douglasville
church_overture:8d6d22ec-362e-4cf2-9b78-0e3c366d95a9,Turkey Creek First Baptist Church,,-82.18103222,27.96640717,12,NA,NA
church_overture:8d70d172-1fdf-4505-9d72-6c6f68172c70,First Baptist Church Paradise,,-121.59439961,39.77312268,06,0655520,Paradise
church_overture:8d76115a-706b-4f69-b922-67f9b4d7eeaf,First Baptist Church,,-85.25828,34.95081,13,1330956,Fort Oglethorpe
church_overture:8d856f86-5b8a-4c0c-abb0-7f3693e3c54a,Allardt First Baptist Church,,-84.88973,36.389531,47,4700660,Allardt
church_overture:8d9e5b39-8524-47e1-908a-8767085ebc19,First Baptist Church,,-94.934144,39.320067,20,2039000,Leavenworth
church_overture:8dacdfc2-eb30-45d8-aa4a-316f7af39d83,First Baptist Church of Big Wells,,-99.57286,28.574525,48,4808260,Big Wells
church_overture:8dbf1c9f-7444-48c2-b3aa-0320f1d77c00,First Baptist Church of Hazel Green,,-86.568408,34.920488,01,0133808,Hazel Green
church_overture:8dc06351-1759-4a9e-890a-4b9e307f433a,First Baptist Church,,-76.51918704,41.98511556,42,4268096,Sayre
church_overture:8dcc4567-8063-4329-81d4-5e23ccad008e,First Baptist Church Perrysburg,,-83.63172244,41.54074455,39,3962148,Perrysburg
church_overture:8dcc8a16-6c3d-4edf-ab11-5062680441d6,Bandera First Baptist Church,,-99.07184267,29.72775941,48,4805528,Bandera
church_overture:8de28537-5434-4aa0-be39-b2d643fa4459,First Baptist Church,,-94.24735065,46.35293881,27,2704042,Baxter
church_overture:8deb4ef8-d33b-4224-ba2f-e0bb464b2ab2,First Baptist Church of Hartwell,,-84.46187331,39.21516628,39,3915000,Cincinnati
church_overture:8ded7d55-ed31-4a3a-be3a-5221a194f3cd,First Baptist Church,,-97.78619,41.075920000000004,31,3139660,Polk
church_overture:8dfb5846-2888-425e-a51a-be152bdbe928,First Baptist Church,,-86.0331973,36.52306332,47,4740160,Lafayette
church_overture:8e018d64-0bac-43c6-8dd9-3f0c808808ab,First Baptist Church,,-89.62695214,41.43166323,17,NA,NA
church_overture:8e024904-18d0-4026-8dd9-5193c6f23d7f,First Baptist Church,,-84.27318745,39.74465349,39,3922624,Drexel
church_overture:8e085838-aef6-47cc-a064-37c513a2541a,First Baptist Church of Hawkinsville,,-83.47295049,32.2813636,13,1337396,Hawkinsville
church_overture:8e15fc89-533a-4958-ab53-40917fc63f4a,First Baptist Church,,-102.37330834017143,31.8495193445142,48,4853388,Odessa
church_overture:8e21860f-c0f6-4d01-ae88-a9b3495ee780,First Baptist Church,,-82.19533558203639,28.363703131796747,12,1216125,Dade City
church_overture:8e252d9b-2e46-47b2-a51e-c25724876dba,First Baptist Church Of Charlotte,,-84.83594737,42.54901521,26,2614820,Charlotte
church_overture:8e2b4734-06f9-4908-a1b1-90231e8c3c05,First Baptist Church,,-94.02200994,37.87320468,29,2921502,El Dorado Springs
church_overture:8e46b989-2e70-476b-98fb-79333ca5076c,First Baptist Church,,-110.16017505,34.90372926,04,0433280,Holbrook
church_overture:8e5439f2-4931-40a8-a80d-7f2e309de91e,First Baptist Church,,-92.46905566,39.74021185,29,2945326,Macon
church_overture:8e57c687-8150-4a28-a7f7-73a8cc4740a0,First Baptist Church,,-77.45183477,41.51322291,42,NA,NA
church_overture:8e7e63cb-d844-47fe-a5a7-e9f5aa36dff5,First Baptist Church,,-110.5573621,45.6609717,30,3043975,Livingston
church_overture:8e84f51a-acb5-476b-b484-a22902e2c542,First Baptist Church of Old Fort,,-82.17848632,35.6309611,37,3748920,Old Fort
church_overture:8e8eb8ab-e206-45f1-b35a-e8e74ebedd65,First Baptist Church,,-83.11142008,42.29554001,26,2622000,Detroit
church_overture:8ecacc15-7015-4d38-ba66-8992e002e8d2,First Baptist Church Shreveport,,-93.739846944809,32.468884321084,22,2270000,Shreveport
church_overture:8ed6c0c5-3632-4c1c-8654-702d3a737a7a,First Baptist Church of Willow,,-150.0428703,61.73622747,02,0285280,Willow
church_overture:8edb1bd6-e76f-461f-a27b-67400e7e715d,First Baptist Church,,-90.16966263,30.41183107,22,2247560,Madisonville
church_overture:8edd8a92-8c22-44fa-9793-405d9e7c362e,First Baptist Church,,-82.61320381,41.24394888,39,3957302,Norwalk
church_overture:8ee05c94-0438-4912-9edb-85ea42d9cdf0,Helen First Baptist Church,,-83.71415771,34.69684746,13,1337788,Helen
church_overture:8eeedf14-39b3-4a15-a6dc-b1e30d136e7f,First Baptist Church,,-119.15857603,46.82809189,53,5352215,Othello
church_overture:8efd4b64-7e11-4e35-aa84-0868a463970b,First Baptist Church of Demotte,,-87.21604155,41.18842437,18,NA,NA
church_overture:8eff4f04-e802-4964-a477-219ad461e390,First Baptist Church,,-96.79545388,44.31042211,46,4607580,Brookings
church_overture:8f0f16a8-8f09-4080-95d0-d111aba0ba85,First Baptist Church,,-89.11976742375981,35.777879868001015,47,4700440,Alamo
church_overture:8f149965-408d-49e5-93cd-ee020864795a,First Baptist Church of Lehigh,,-81.64081872,26.60802849,12,1239925,Lehigh Acres
church_overture:8f166fbe-34e1-4b04-a181-403c900ac0eb,First Baptist Church,,-94.41240118598425,31.153455385662625,48,4880728,Zavalla
church_overture:8f1cc239-7cb1-453d-8e1c-c1533aaf7c17,First Baptist Church Owego,,-76.26040146,42.10437277,36,3655882,Owego
church_overture:8f21eb2c-91c4-4a65-b5b6-0febf60e540f,First Baptist Church,,-86.51668977,36.58115767,47,4760280,Portland
church_overture:8f25a449-9724-48e6-bf04-4544c2ee9e75,First Baptist Church Vernon,,-99.28535929,34.1506025,48,4875308,Vernon
church_overture:8f2b0e31-bc28-43e0-b7e9-401500e67fd8,First Baptist Church,,-78.76120416,39.6558312,24,2421325,Cumberland
church_overture:8f2efe8b-1b1b-47bf-9201-1db753ee79d3,First Baptist Church of Bellevue,,-122.200522,47.600022,53,5305210,Bellevue
church_overture:8f31e326-380c-4c63-8c90-0849a591b805,First Baptist Church,,-102.20785732,33.34115354,48,4847316,Meadow
church_overture:8f3247e2-1e02-408a-a054-3e5d9f5f85e9,First Baptist Church,,-97.440946,32.810421,48,4841056,Lake Worth
church_overture:8f37a038-ebba-4cf1-9c31-9a6a160970ed,First Baptist Church Of Woodbridge,,-77.3137963,38.6545008,51,5164152,Potomac Mills
church_overture:8f395ccf-bf78-4c09-a4d3-4d09c1a0a96d,First Baptist Church,,-96.32275595,31.87765359,48,4870604,Streetman
church_overture:8f3bb7ce-c60a-4eb6-ac15-698719a5a016,First Baptist Church,,-115.55931843,32.78890126,06,0621782,El Centro
church_overture:8f48a885-0bd1-4a0d-aefa-1559dad70732,First Baptist Church of Shelby,,-86.587034,33.10642,01,0169672,Shelby
church_overture:8f4cef17-2140-4e26-9d8c-032d5597b028,First Baptist Church of New Market,,-74.45948143,40.57916825,34,NA,NA
church_overture:8f6c289e-1161-4149-ac7a-5151abd94927,First Baptist Church,,-121.99867408,36.98703929,06,0669112,Santa Cruz
church_overture:8f8c912c-ee91-4236-8312-9e6c467fbe24,First Baptist Church of Raymondville,,-97.78562232,26.48414096,48,4860836,Raymondville
church_overture:8f8d2f3d-ea7a-467b-bf91-71db76a7d19f,First Baptist Church of Maricopa,,-112.04789709,33.04981153,04,0444410,Maricopa
church_overture:8f9bc974-c39c-4de5-8244-b8c08befb293,Climax Springs First Baptist Church,,-93.05514751,38.09712762,29,2914914,Climax Springs
church_overture:8f9dd87b-de52-4036-aab0-427cc2dccef4,First Baptist Church,,-96.33301750092106,30.643640434874342,48,4810912,Bryan
church_overture:8fa4b0a3-bf25-43f5-9d02-41f4c549e9b4,First Baptist Church,,-87.78892502,36.08254091,47,4778560,Waverly
church_overture:8fa5eaaa-ef09-431e-9eae-e9036f31e0f4,First Baptist Church,,-101.38252515,33.19135492,48,4859012,Post
church_overture:8fa940fc-f066-4ef5-8c5f-8b4e5910f6e8,Mazie First Baptist Church,,-95.36512201,36.10861672,40,NA,NA
church_overture:8fc69242-527f-4d07-83c8-5b1f5acaf86a,First Baptist Church of Cement,,-98.13983969,34.93229804,40,4013000,Cement
church_overture:8fcac03d-7d0f-4319-9cb5-5ab4ec005145,First Baptist Church,,-82.59488443,38.11767652,54,5428516,Fort Gay
church_overture:8fcb2e16-b642-4e81-a2f9-04312f953ab3,First Baptist Church,,-104.3712137,29.55985405,48,4859396,Presidio
church_overture:8fd33029-b548-46de-abd8-8d210dedda85,First Baptist Church,,-94.63620801,35.81282882,40,4070350,Stilwell
church_overture:8fd833db-299c-4670-beb7-4ba83cabc18e,First Baptist Church,,-93.20332,36.64253,29,NA,NA
church_overture:8fdb6d57-0a62-4e5d-8270-12af6fa98c76,Lumpkin First Baptist Church,,-84.7969708835336,32.050185750457494,13,1347980,Lumpkin
church_overture:8fec7167-cf18-4310-8f27-3b2e83b94a85,First Baptist Church of Calvin,,-96.25031417,34.96679094,40,4011100,Calvin
church_overture:8fef5b02-bc2d-491c-9b78-e58479650eda,First Baptist Church,,-95.57007976,29.04955275,48,4810072,Brazoria
church_overture:8ff82b44-342b-415c-b1c9-1b8828a69d2d,First Baptist Church,,-97.64681201904847,29.68292501086161,48,4845096,Luling
church_overture:8ff93033-e3bc-45fa-aadd-1488efde0c0f,First Baptist Church,,-90.46207878,31.14396305,28,2844680,Magnolia
church_overture:9001b90a-d068-4550-9c00-c17b2c940073,First Baptist Church Fayetteville,,-94.15852157,36.06660383,05,0523290,Fayetteville
church_overture:9012e3b5-459d-4b9d-8023-35691333b3e4,First Baptist Church of Kissimmee,,-81.41699516,28.30718019,12,1236950,Kissimmee
church_overture:9020a71d-7b68-4e6a-900c-9a110389cf8a,First Baptist Church,,-91.83554064,41.46604752,19,1983280,Wellman
church_overture:9029f7eb-33eb-4e06-91d7-f9d49a607a41,Robeline First Baptist Church,,-93.30398705,31.68959373,22,2265325,Robeline
church_overture:90340cb0-ce7b-4c2a-9b60-45516d7c4c58,First Baptist Church (Macon),,-88.56199484136961,33.10911479327428,28,2844240,Macon
church_overture:90441a2e-f452-49f9-9324-b2a1b37fd61c,First Baptist Church,,-98.57818503,35.54807722,40,4036700,Hydro
church_overture:904a4a10-4a4a-46e1-8b75-24376d5a6119,First Baptist Church Pattison,,-95.99464463,29.85730994,48,NA,NA
church_overture:904e8a1f-942d-4fa0-8292-ae1852472264,First Baptist Church,,-81.2391099,40.83628075,39,3945094,Louisville
church_overture:907b0d35-39e4-4aaa-8268-5885416a022c,First Baptist Church,,-92.81101347,43.28581008,19,1959745,Osage
church_overture:9080d3ca-f65e-4014-9033-cc36af3e421d,First Baptist Church of Bushnell,,-82.11502937,28.66334459,12,1209625,Bushnell
church_overture:90879053-b8d7-4828-8098-dd2c285656de,First Baptist Church of Patterson,,-91.30349,29.7015,22,2259340,Patterson
church_overture:909eefbf-068a-472d-b25f-f35d7ed1ed87,Bath First Baptist Church,,-82.96875,29.535229562948,12,NA,NA
church_overture:90a44639-83d8-4bcb-99ad-8ecad0027ad9,First Baptist Church,,-103.090039,41.661118,31,3106295,Bridgeport
church_overture:90a757cd-fa22-454b-a740-764cf09b1ef1,Odin First Baptist Church,,-89.0529062,38.6156379,17,1755210,Odin
church_overture:90aa67c2-09bb-436d-8ea5-f533367cd05a,First Baptist Church,,-98.78785092,31.82655938,48,4808596,Blanket
church_overture:90ac4a18-cdba-4eb8-acd0-90022529d2ba,First Baptist Church,,-108.9749549,31.9201834,35,NA,NA
church_overture:90b0e944-3046-4f6f-ac7a-51e72e2294e4,First Baptist Church,,-119.70364693287794,45.829850251094506,41,4107200,Boardman
church_overture:90bbc41c-e536-4835-b03e-decd1b0b4e4c,First Baptist Church,,-94.37259611,34.04461777,05,0518490,De Queen
church_overture:90c1fdd3-68ec-4ae3-aafa-8eed2f0c9825,First Baptist Church,,-102.61363294,37.40593101,08,0873330,Springfield
church_overture:90ca6f5a-abe3-4e65-9d9d-711d9fdd3047,First Baptist Church of Salem,,-70.89141835,42.50780632,25,2559105,Salem
church_overture:90cde311-5841-47dc-b41c-52bee8887858,First Baptist Church of Ecorse,,-83.15094302,42.25966249,26,2624740,Ecorse
church_overture:90ce5a87-b798-4522-b110-cd70c596573b,First Baptist Church,,-77.676077,35.447918,37,NA,NA
church_overture:90d37e64-c457-4c22-8c17-f1d02b60eb0a,First Baptist Church,,-93.39281465,35.05154185,05,0517320,Danville
church_overture:90d48c2c-8457-47d8-bbdc-069a151e9b46,First Baptist Church Of Virginia Beach,,-75.98254561588958,36.86286980571794,51,5182000,Virginia Beach
church_overture:90e3b128-3f98-4501-a529-7ba94399611f,First Baptist Church,,-99.89378596,33.17947279,48,4863752,Rule
church_overture:90e68e46-e1d7-4a19-94c7-bc2de5f1a3a0,First Baptist Church,,-103.97790859,32.81905705,35,3541970,Loco Hills
church_overture:90ea8939-44ee-4906-9474-a03e57241128,First Baptist Church of East Millinocket,,-68.56658702,45.6242343,23,2321065,East Millinocket
church_overture:90f767dc-14c0-42d6-924c-be97f2be3420,First Baptist Church,,-94.21824949,43.29184313,19,1904420,Bancroft
church_overture:90f7cc65-6f71-44ae-893f-ae2c3fc62481,First Baptist Church,,-84.5367374,41.4762887,39,3909792,Bryan
church_overture:90f9e5e0-87d6-4782-a93b-3fa7954557d4,First Baptist Church of Maxwell,,-100.52632188728988,41.07608915905462,31,3131220,Maxwell
church_overture:9102c595-a404-41e6-984f-066d17d1d0e3,First Baptist Church,,-81.37475950763641,33.64902797419782,45,4574050,Wagener
church_overture:911118ec-40a6-44fc-b271-9b24c3475b9d,First Baptist Church Kahoka,,-91.72190162,40.42304765,29,2937790,Kahoka
church_overture:9115c4e1-65c7-4cdd-9cdd-d19198d93158,First Baptist Church of Avon,,-79.47306122,40.52836074,42,4203688,Avonmore
church_overture:9116b0ef-5f03-4ff1-8190-2a016634a195,First Baptist Church,,-88.264177,33.2262,01,0159592,Pickensville
church_overture:9118df4b-95f6-4e6c-9a94-75375ba9cd23,First Baptist Church Muleshoe,,-102.72805837,34.22436882,48,4849968,Muleshoe
church_overture:9125d007-1361-4a83-afa0-3f842c4135a7,First Baptist Church,,-86.30687354,32.37421543,01,0151000,Montgomery
church_overture:91282025-a797-423f-91df-397a87ad0443,First Baptist Church Burnsville,,-80.66759791,38.86105135,54,NA,NA
church_overture:9143e23e-c6af-445e-8e4a-7275c315843a,First Baptist Church,,-86.46666770037199,40.048136129462726,18,1842624,Lebanon
church_overture:914594d2-75e6-48e3-9f9b-75c3765ad777,First Baptist Church of Newnan,,-84.80184385,33.37580459,13,1355020,Newnan
church_overture:91609121-60bf-4a38-acac-fb1f5e30c963,First Baptist Church,,-97.44666648,31.53329828,48,4817564,Crawford
church_overture:9160e844-465f-4aed-a758-109af2a4148d,First Baptist Church-Jarratt,,-77.4954622079699,36.86741829977597,51,NA,NA
church_overture:91672e6a-ca50-4ab4-a35e-a5cd8378d8d1,First Baptist Church,,-75.41352936,39.75627001,34,3457360,Pedricktown
church_overture:9167e25a-9a20-4dc4-83e3-dde793df808a,First Baptist Church of Linden,,-87.84063401,35.61676367,47,4742720,Linden
church_overture:91767ccb-51cb-4ec7-8aeb-4ff636aa9296,First Baptist Church,,-82.239661,31.291469,13,1308284,Blackshear
church_overture:9191cad3-e3d5-40f4-865a-93cd4dea4da0,First Baptist Church,,-100.33244,37.807366,20,2013275,Cimarron
church_overture:9192d988-1d87-458f-a9a5-fd7b1258b535,Rutland First Baptist Church,,-72.96049226,43.61736234,50,5061225,Rutland
church_overture:91964739-7dfd-4526-a46b-4d284915037e,Pittsfield First Baptist Church,Pittsfield Campus Church,-90.8072454,39.606547,17,1760222,Pittsfield
church_overture:919cba56-2fc7-4680-a2f7-5878b3db8f71,Sandusky First Baptist Church,,-86.90256248,33.5543699,01,0127088,Forestdale
church_overture:91cdfa8e-a204-4af2-beb9-0414d82884a3,First Baptist Church,,-95.92237,36.529765,40,4061700,Ramona
church_overture:91d4ae3c-dc6d-4b4e-b1b3-2f0db4e98182,Valentine First Baptist Church,,-100.53957670927,42.873558530942,31,3149950,Valentine
church_overture:91e2458e-f06b-4be7-b566-dd132322cbea,First Baptist Church,,-122.336822,45.293347,41,4123800,Estacada
church_overture:91eb041c-36f7-4bae-a26d-0efe455a7741,First Baptist Church,,-122.03442552,37.53554261,06,0650916,Newark
church_overture:91ef5d64-60b3-4142-b050-52dd7d7c6ef4,First Baptist Church McLain,,-88.827379,31.108892,28,2843840,McLain
church_overture:92067ba8-9468-4d61-b016-96957ffcf3b0,Bowlegs First Baptist Church,,-96.66875,35.14767,40,4007950,Bowlegs
church_overture:920bf545-c2fc-407b-a533-c309d4c41342,First Baptist Church,,-83.61443867,39.2014602,39,3935560,Hillsboro
church_overture:92112710-ed1d-4cba-a63e-e5005924ad01,First Baptist Church,,-87.07138359,31.10771897,01,0109208,Brewton
church_overture:9217ea97-0891-407b-99e5-da5f363cd06e,First Baptist Church,,-90.81113224,30.31907742,22,2227435,French Settlement
church_overture:9224ccca-438a-4ea2-92ba-bcf53867125d,First Baptist Church of Barstow,,-117.02316142,34.8781603,06,0604030,Barstow
church_overture:92290155-b3f5-4afd-bf27-058e8d1d1c0c,First Baptist Church,,-71.30362352,42.18717911,25,2539730,Medfield
church_overture:923ec234-67cf-4d09-8c27-f67fe2f1cec5,First Baptist Church,,-72.81764,41.45597,09,0978880,Wallingford Center
church_overture:924acdfb-5d64-43bf-8bfc-38b7dcc0aa4a,First Baptist Church,,-83.570524,41.795267,26,NA,NA
church_overture:9253f3e8-50ac-4549-92f7-b15a4e6402c5,First Baptist Church of Ottawa,,-88.84082276,41.32386279,17,1756926,Ottawa
church_overture:9270a8c0-3d5e-4018-aaf8-6dcb8b7ddae3,First Baptist Church,,-78.23751462,41.512431050000004,42,4223600,Emporium
church_overture:928dd01a-4e41-4016-8176-03730d92ef87,First Baptist Church of Osprey,,-82.49052812,27.20051961,12,1253425,Osprey
church_overture:928f8047-2776-4b03-9ec9-2df227c3ca43,First Baptist Church,,-77.105512,39.754414,42,NA,NA
church_overture:92a1b542-6378-4b58-82ab-2543b94f7f03,Marquand First Baptist Church,,-90.1686,37.42989,29,2946244,Marquand
church_overture:92aac118-c117-4707-ad36-287626cdcf06,First Baptist Church of Downers Grove,,-88.00776054,41.79185834,17,1720591,Downers Grove
church_overture:92b01645-5625-4747-bc8c-237afa2c4edf,First Baptist Church,,-87.66024239208144,39.1088717911286,17,1736841,Hutsonville
church_overture:92b498f4-65c1-47c7-a3a2-a9b652022b12,Stanton First Baptist Church,,-81.92075158,28.98929887,12,NA,NA
church_overture:92b58aff-c1bf-4c9e-81ed-ed5859332dd5,First Baptist Church,,-90.38126826,41.35360863,17,1756601,Orion
church_overture:92c82de2-4fdb-4f06-8ec5-503f403f33bf,First Baptist Church of Brandon,,-89.98893,32.27053329,28,2808300,Brandon
church_overture:92d5dec5-e01b-49f3-b60c-b10d4fc5b19d,First Baptist Church of Fairbury,,-88.5055539,40.75366552,17,1724764,Fairbury
church_overture:92d8ffb3-fcb6-452f-a247-338e8fddcc3c,First Baptist Church of Joanna,,-82.191545996667,34.699634963333,45,4527070,Fountain Inn
church_overture:92df75d4-02e8-4cee-9757-2e5f473cf606,First Baptist Church,,-94.7394159,32.49286999,48,4843888,Longview
church_overture:92e03ea0-201e-4850-9b42-818147cc761f,Thayer First Baptist Church,,-91.540466,36.52463,29,2972826,Thayer
church_overture:92f50897-a837-4f17-823e-bcda959b9c83,First Baptist Church of Silvis,,-90.414299,41.5008011,17,1769979,Silvis
church_overture:92fc58a2-f4ae-4485-b5b8-60441dc4623b,First Baptist Church,,-99.17051042,35.35454475,40,4010250,Burns Flat
church_overture:9317dbc0-08b2-4094-b0a0-ad37f7f39865,First Baptist Church of DeKalb,,-88.75300235,41.92714333,17,1719161,DeKalb
church_overture:9319c14f-7cc9-4527-a7c8-3b62ee0dd6c3,First Baptist Church,,-82.06183659,32.39596784,13,1351072,Metter
church_overture:931e9adb-26e8-433c-8c7b-b4919bd908de,First Baptist Church Of Rio Linda,,-121.44253901680057,38.695016255004965,06,0660942,Rio Linda
church_overture:93226849-21c6-48ca-8c58-4664ac281adb,First Baptist Church,,-82.7824205,27.7929121,12,1242400,Madeira Beach
church_overture:932e3ee7-e0b8-4a3d-a38f-01b9b10ab774,First Baptist Church,,-84.7363443,42.23434343,26,2600980,Albion
church_overture:93305499-f894-4825-8e70-84024c3906aa,First Baptist Church,,-96.53296642,31.52565769,48,4831280,Groesbeck
church_overture:93390cbc-98ea-4a5e-9670-ab6ffd64abe5,First Baptist Church of Siletz,,-123.922036,44.719842,41,4167500,Siletz
church_overture:933b46d1-5fe1-4c50-b49a-86c39c1290b7,First Baptist Church of Powell,,-108.752141,44.765465,56,5662450,Powell
church_overture:933c3e9c-349c-4052-80a8-a297ca4c6d90,Ware Shoals First Baptist Church,,-82.24376837888809,34.39579300070948,45,4574680,Ware Shoals
church_overture:934aca03-354d-4a03-a081-2f942d5a50d7,First Baptist Church,,-92.21649004,34.59994585,05,0576970,Wrightsville
church_overture:93585f45-ceca-4f03-87da-06a27fbd18c2,First Baptist Church,,-97.44896541,32.75942877,48,4878544,White Settlement
church_overture:9361b526-a048-422a-8a25-0b027b2ee068,First Baptist Church,,-73.31188713,40.75199036,36,3619972,Deer Park
church_overture:9378e609-6dee-4cad-9a81-f1689b88a4ac,First Baptist Church of South Lyon,,-83.64940756,42.4521469,26,NA,NA
church_overture:937bd0c6-6bf7-4e0b-ac50-8069e9bb676b,First Baptist Church,,-100.9941282,31.83744691,48,4870232,Sterling City
church_overture:939f809f-3b06-4f90-bdcf-3a4dceb27e32,First Baptist Church,,-77.09276593,43.04547809,36,3649891,Newark
church_overture:93a2cc68-007c-48da-8442-2c27a12c424d,First Baptist Church,,-75.404676,41.583842,42,4281712,Waymart
church_overture:93b12f97-0762-466b-8943-c7280741e3f6,Scotts Valley First Baptist Church,,-122.004134033,37.0616591353,06,0670588,Scotts Valley
church_overture:93b5ff7f-07eb-4a03-9ccd-c98eb0ab4d51,First Baptist Church,,-114.11547971,47.68952843,30,NA,NA
church_overture:93b8862d-676c-42bb-bc0a-cd0516c74be0,First Baptist Church,,-75.167476,44.596133,36,3612331,Canton
church_overture:93c3921c-5fd2-45fb-a178-5711bff7e6eb,First Baptist Church,,-86.74170895,32.95439933,01,0138608,Jemison
church_overture:93c3a571-24e3-4189-b307-f9f596734f47,First Baptist Church Benton,,-88.350989619999993,36.85920762,21,2105824,Benton
church_overture:93cbc09a-6982-40a6-80e6-a962d5991fac,First Baptist Church,,-74.98175834154304,44.6727716155095,36,3659564,Potsdam
church_overture:93d8d383-81ce-451a-8e40-5135acc2a498,Cokesbury First Baptist Church,,-76.07719677,39.59907735,24,NA,NA
church_overture:93de432a-ddad-4043-91be-a168e43ac6db,First Baptist Church of Paradise,,-85.0387,46.614683,26,NA,NA
church_overture:93e88d58-cf5e-441e-94f8-1fb49c45f972,First Baptist Church Rockville,,-87.24947345,39.75233327,18,NA,NA
church_overture:93fc21cc-51f1-4c92-b622-a0c531ead37e,First Baptist Church of Cheshire,,-73.16497484,42.56278622,25,2513310,Cheshire
church_overture:93ff160b-14ef-4d77-9f1b-52137e59f311,Fayetteville First Baptist Church,,-84.452871,33.446954,13,1328968,Fayetteville
church_overture:9406cb48-c477-400d-a161-3e28d5e98576,First Baptist Church,,-86.39597112,33.67862425,01,0156400,Odenville
church_overture:9416d0e6-0d33-42d6-bb04-357085c52d58,Soso First Baptist Church,,-89.27953208,31.75414989,28,2869160,Soso
church_overture:942daa60-85b9-44d2-aede-86a5ed5ddd55,First Baptist Church,,-123.72595584,46.68672455,53,5357430,Raymond
church_overture:943f1099-8214-473e-9e21-f98a4f33f673,First Baptist Church Woodson,,-92.20969186,34.53029303,05,0576730,Woodson
church_overture:9445505c-690b-4ca5-be64-5b7e2206cabd,First Baptist Church of Bristol,,-71.27356458,41.6704989,44,NA,NA
church_overture:9447bf10-e8f5-4b6b-8b7f-e975a5776766,First Baptist Church Midland,,-80.49461846,35.22541896,37,NA,NA
church_overture:944e49bd-749a-4b82-aa61-9a2738e0a043,First Baptist Church,,-92.32406968,38.95079844,29,2915670,Columbia
church_overture:944f368e-0345-4d8e-ba3a-213d10970255,First Baptist Church,,-79.22461858,34.98255652,37,3754580,Raeford
church_overture:9453e7f5-4004-4936-89a7-e8a072ebe99d,First Baptist Church Thomas,,-98.74693639,35.74612906,40,4073450,Thomas
church_overture:94574107-14ee-4e79-8c7f-884ed06b1764,First Baptist Church,,-123.018922,38.798726,06,0614190,Cloverdale
church_overture:9458792c-f3e0-472c-8152-ea3b95c7042e,First Baptist Church,,-96.87221013,35.89432579,40,4000700,Agra
church_overture:945b0108-8773-4bcb-b765-3df6b83441b2,First Baptist Church,,-96.80387553,36.33605343,40,4057650,Pawnee
church_overture:945b255f-2a8e-4d51-98ea-66a9e83f7d96,First Baptist Church of Mount Healthy,,-84.53282356,39.23218548,39,NA,NA
church_overture:94603531-7ff9-4978-8074-0369230bdc67,Mize First Baptist Church,,-89.55405506,31.86082575,28,2848240,Mize
church_overture:947b7273-1ad5-4511-8122-ce5ca27b9d7a,First Baptist Church of Elyria,,-82.11905599,41.32213288,39,NA,NA
church_overture:94889962-2c92-4983-9bd3-47987eb81064,First Baptist Church Spartanburg,,-81.618852,35.567428,37,NA,NA
church_overture:948ef627-ced3-4ba5-b8d5-b0d0bc8deb44,First Baptist Church,,-82.2866927,27.94023449,12,1208150,Brandon
church_overture:9499a3c7-9ebf-4ed5-8bd5-8ec0a381705e,First Baptist Church of Elverta,,-121.4648367,38.70978284,06,0622524,Elverta
church_overture:949b9d29-f856-4df3-91b8-929e5bc627bc,First Baptist Church,,-95.43116917,47.69256006,27,2711746,Clearbrook
church_overture:94a87d82-b7b1-45f8-a9bf-bb5eca3ab038,First Baptist Church of Nashua,,-71.47529298,42.77880102,33,3350260,Nashua
church_overture:94b0fd0f-06a9-41b9-9a56-4548ed185b93,First Baptist Church,,-94.38336782,29.81895875,48,4879792,Winnie
church_overture:94b6d84b-c9cd-4c8a-8294-9fe04f62fde7,First Baptist Church,,-90.13798336,41.44770991,17,NA,NA
church_overture:94bcd1fd-a2d0-41b7-bde0-dcc8f0564ed2,First Baptist Church of Bradley,,-81.98062702,27.79627178,12,1208125,Bradley Junction
church_overture:94beb6a5-6d02-4c28-8aa1-6da1d2c4b226,First Baptist Church,,-86.1852756,36.75776394,21,2169114,Scottsville
church_overture:94c15354-46fe-43f6-a082-1b6c431a2ed7,First Baptist Church,,-92.830770310595355,38.20528496575215,29,2940916,Laurie
church_overture:94c6e45d-a4d3-4f36-8604-64c1b14bde5c,First Baptist Church,,-121.378989,38.660781,06,0651924,North Highlands
church_overture:94d3703d-0e41-481d-9eb1-7bcb755f603c,Lexington First Baptist Church,,-87.37825869,34.96885985,01,0142640,Lexington
church_overture:94d5546e-35e2-432e-91b1-aa30a263735f,First Baptist Church,,-97.14404363,33.79258197,40,4073200,Thackerville
church_overture:94d71c30-5dea-4ee3-92fa-041d74f12361,Goreville First Baptist Church,,-88.978164,37.556669,17,1730575,Goreville
church_overture:94d736b3-60f1-42fd-8571-5d5561672277,First Baptist Church,,-96.94087214,38.66396882,20,2031400,Herington
church_overture:94d994a9-8a27-41c3-b6bf-e456d1d4a3c8,First Baptist Church,,-90.19549697,29.93995542,22,2232930,Harahan
church_overture:94dcd805-c978-42a1-b737-46adf7b32052,First Baptist Church,,-89.05228684,36.42415066,47,4775940,Union City
church_overture:94e94d57-a6fa-46ca-ac88-9aa24b09b269,First Baptist Church,,-123.82689545501756,45.4546114790923,41,4173700,Tillamook
church_overture:94f7d30e-84ae-4494-909a-831beee5dd9d,Celeste First Baptist Church,,-96.19586019,33.29246718,48,4813672,Celeste
church_overture:94f99d72-2ab2-4635-8387-0133fb94e0fe,First Baptist Church of Forsyth,,-93.10131653,36.65711262,29,NA,NA
church_overture:950dc031-2adc-44b6-99c0-7cdeea68a3d5,First Baptist Church,,-94.198158,39.135674,29,2909424,Buckner
church_overture:951021b4-f3b0-4f86-b987-17e03b13b587,First Baptist Church,,-77.87806154,35.54070118,37,3721960,Eureka
church_overture:9513450b-089c-4015-8632-859d90ebfe2d,First Baptist Church,,-92.76748055,35.09254348,05,0552430,Oppelo
church_overture:951ba435-8ba5-4c74-9e9d-773a13b82b3d,First Baptist Church of Chattanooga,,-85.3154816,35.05059754,47,4714000,Chattanooga
church_overture:9520792e-4c35-4024-aaaa-6b72a14e7836,First Baptist Church,,-95.55427657,33.65944327,48,4855080,Paris
church_overture:9522d921-e9a1-444e-aac3-336aa2159c6e,First Baptist Church of Princeton,,-93.52460969,32.58816641,22,NA,NA
church_overture:95269c54-43ac-4aeb-a544-a95c6a29be04,First Baptist Church of Cisco,,-98.98008961,32.38684992,48,4815004,Cisco
church_overture:9528afa7-ce37-41df-a52a-557f9054e16a,First Baptist Church of Hazlehurst,,-90.39619942,31.85957678,28,2831220,Hazlehurst
church_overture:954472b3-55c6-40cf-8fcc-9a6c692fa0ef,First Baptist Church,,-93.19088161,42.98606977,19,1968250,Rockwell
church_overture:95464142-ea45-4c56-8a79-9d801203e96d,First Baptist Church,,-81.7334078,41.02411773,39,3980304,Wadsworth
church_overture:954a6911-3b67-4bdc-8a63-1c9ed55a7407,Lake Stevens First Baptist Church,,-122.06428881,48.01319355,53,5337900,Lake Stevens
church_overture:95577b8e-e66c-4125-9b03-deb862b0edaa,First Baptist Church,,-117.3250373,34.07026347,06,0614890,Colton
church_overture:955ca23e-52e4-4c5e-a94d-ef8a2b35f79c,First Baptist Church,,-111.5215944,32.98170057,04,0415500,Coolidge
church_overture:955f964a-f933-4861-81ec-30acaaacbe75,First Baptist Church,,-95.68935886,35.8334216,40,4032900,Haskell
church_overture:95620cc3-ec17-4771-8d0c-854351177c83,First Baptist Church,,-95.50994110107422,34.0106315612793,40,4036300,Hugo
church_overture:95658e6f-c297-47b3-bc95-06565521446c,First Baptist Church,,-87.469696044921875,30.5134334564209,01,NA,NA
church_overture:95699c09-d010-4165-afa5-d249442fee2e,First Baptist Church,,-78.22017798,40.89573531,42,4260008,Philipsburg
church_overture:956c1ee5-db54-44c3-9ee7-227fc74615e5,First Baptist Church,,-82.56599933847137,29.008956416374446,12,NA,NA
church_overture:9570d5d7-22e8-407c-88f0-bd1590b06462,First Baptist Church,,-86.61126212,41.28790663,18,1840374,Knox
church_overture:95835a34-bdf0-42af-9c60-db96c257d8fc,First Baptist Church of Lutz,,-82.46409197,28.13602225,12,1241775,Lutz
church_overture:958ff121-ae72-44f6-aea2-b250013bced1,Chesnee First Baptist Church,,-81.85863476,35.14638435,45,4514050,Chesnee
church_overture:959853a7-70a4-4941-8ae3-083bea245bdc,First Baptist Church,,-83.196970708217,31.072006839413,13,1363728,Ray City
church_overture:959d6a59-89a9-41fb-b17d-00e10068f124,First Baptist Church,,-96.88854891,28.6471899,48,4808800,Bloomington
church_overture:95b5d4f7-834b-46f7-aaf2-a1d2487b5e8d,Beacon Hill First Baptist Church,,-122.31178668,47.57765021,53,5363000,Seattle
church_overture:95b7d03d-6c21-495c-9c74-4c1eaa6455c6,First Baptist Church,,-88.01473,33.376624,01,0164104,Reform
church_overture:95c1e3c6-ccdf-4b5a-9ad5-9977503c4e5e,Lone Oak First Baptist Church,,-88.67217296,37.02685222,21,2150556,Massac
church_overture:95c24701-8b2f-4a24-b8a3-8d21b4ed423c,First Baptist Church,,-92.73509825,39.01734874,29,2951824,New Franklin
church_overture:95c36638-2738-4153-8d40-e2966dac2c9a,First Baptist Church,,-80.47163869,36.3867465,37,3751820,Pilot Mountain
church_overture:95cd2c0d-2e53-499e-80ab-6af30007a46a,Pelham First Baptist Church,,-82.22448454,34.86519839,45,NA,NA
church_overture:95d96a19-feda-4999-9aff-0d659c90d8bf,First Baptist Church of Melrose,,-71.06373113,42.45645001,25,2540115,Melrose
church_overture:95dfb043-8ff9-45cf-a720-e5d14eda3c8b,First Baptist Church Mexia,,-96.48055368,31.68288348,48,4847916,Mexia
church_overture:95e8d798-9d73-49b8-8c45-0f9a1894e399,First Baptist Church of Eagle Pass,,-100.5017221,28.71337818,48,4821892,Eagle Pass
church_overture:95fbb0fb-e304-4d51-95e1-ced2ea2418f2,First Baptist Church,,-86.13541253,36.10017036,47,4778320,Watertown
church_overture:960d382a-4d52-44c7-b8c9-68606e271c79,First Baptist Church,,-83.24849777703325,37.92130640838554,21,2181858,West Liberty
church_overture:960e487d-439c-4dac-9c2a-7a08acb1cac0,First Baptist Church Burton,,-96.59769555,30.18614758,48,4811536,Burton
church_overture:9615efe2-9649-40d1-9399-f6320932cae2,First Baptist Church,,-75.92863433,40.33187786,42,4263624,Reading
church_overture:962bbef5-68be-4f30-b20d-8fbc8db61f34,First Baptist Church of Elsie,,-84.38904267,43.08862065,26,2625780,Elsie
church_overture:965c7ab0-c746-4c34-b69e-561f76724f9b,First Baptist Church of Haralson,Haralson Baptist Church,-84.56684029,33.22857279,13,1336528,Haralson
church_overture:966e8055-c670-44df-82db-4ea104c04381,First Baptist Church,,-87.54074600622458,32.58336990536883,01,0153784,Newbern
church_overture:96791122-435e-4694-9858-0d33c4de770f,First Baptist Church,,-96.15662362,42.77586683,19,1944400,Le Mars
church_overture:967e2fd6-ad2a-45e2-ac6e-15b26c5b3e37,First Baptist Church,,-91.04593677,33.41106561,28,2829180,Greenville
church_overture:96845f95-b0ae-4834-94ce-2dc0f642f10e,First Baptist Church,,-103.13312,32.70342,35,3532520,Hobbs
church_overture:9688050a-ace8-413d-9735-3b24defcf629,First Baptist Church,,-76.7522199392361,42.91403870125524,36,NA,NA
church_overture:969c6837-9ccf-4ee2-9d5e-5b1a26d28ecb,First Baptist Church,,-122.82886984565833,42.35975983253574,41,4147000,Medford
church_overture:96b119be-7e59-42ff-b97a-c20046d25cad,First Baptist Church,,-94.31547788,29.85781999,48,4832012,Hamshire
church_overture:96b43e8e-d17d-45de-a6fe-fa7230b04b6a,First Baptist Church of Houstonia,,-93.36322946000011,38.90570654000105,29,NA,NA
church_overture:96bedfd7-5e6f-49c0-b514-572b3b5eb78f,Remlap First Baptist Church,,-86.6168365,33.79501037,01,0164248,Remlap
church_overture:96c2c88b-91fe-44ab-b529-c286e0352402,First Baptist Church of Jeffersontown,,-85.6448272,38.1783221,21,2148006,Louisville/Jefferson County metro government (balance)
church_overture:96d624a5-bb33-47e6-a1d8-656c68c1eff8,First Baptist Church,,-85.75792381,33.81106165,01,0138272,Jacksonville
church_overture:970c49ec-ff7b-4121-88c9-5f825fb4f5fa,First Baptist Church,,-83.74259406,42.28066571,26,2603000,Ann Arbor
church_overture:971ea522-0ca0-4b2f-93cf-00e8994fd7ab,First Baptist Church of Combes,,-97.73055618,26.24827557,48,4816204,Combes
church_overture:9721f029-b894-44c4-933e-547a9d803e6b,First Baptist Church Englewood,,-82.35960423657038,26.95741720197681,12,1220825,Englewood
church_overture:97272bd1-0108-440d-9147-3501737978b9,First Baptist Church Lott,,-97.03311765,31.20813468,48,4844176,Lott
church_overture:9733e2fe-058b-49d2-b5df-d9dd1c693970,First Baptist Church of Red Level,,-86.60354321,31.40628235,01,0163768,Red Level
church_overture:97345375-5d32-45fc-9bbb-cee78d087138,First Baptist Church,,-100.59338347,37.25908673,20,2056100,Plains
church_overture:97346b96-9ca6-4ef4-8d19-869a5177980b,First Baptist Church,,-87.74178525,35.17561674,47,4716480,Collinwood
church_overture:9747edf9-5f29-44bc-8845-16f9e3aee6b8,Rising Sun First Baptist Church,,-76.73879169,39.33516055,24,2447450,Lochearn
church_overture:97506328-d1eb-4795-9f4d-14aeb5f00696,First Baptist Church,,-89.11903468,32.57201427,28,2875360,Union
church_overture:9763b42c-1388-4fe9-8523-e4c0e62c7f48,First Baptist Church,,-89.45877742626256,43.19172877199316,55,5584350,Waunakee
church_overture:976df173-bcb9-49c9-9734-53b7d9875c4c,First Baptist Church of Saginaw,,-97.3897449,32.86188772,48,4864112,Saginaw
church_overture:97742444-1240-48a8-bcad-f3a4a75f61fd,First Baptist Church,,-96.12709681,34.38671037,40,4003300,Atoka
church_overture:977e3ddd-d0ba-46ce-a263-29cd609bbf74,First Baptist Church,,-97.680646,30.284315999999997,48,4805000,Austin
church_overture:97858db3-e250-4cbc-815a-141d4bc12af9,First Baptist Church,,-76.284297,36.85264153,51,5157000,Norfolk
church_overture:9790b679-0a2e-4865-9152-310a474c2bd4,First Baptist Church,,-95.8616304,35.6054039,40,4049400,Morris
church_overture:97a35c63-ce26-4d53-b73b-9ad8562b37ee,Cleveland First Baptist Church,,-80.68036607,35.73404535,37,3713000,Cleveland
church_overture:97a4d631-601d-45f2-8521-2e512f32afaa,Clinton First Baptist Church,,-87.40206302,39.65592215,18,1813780,Clinton
church_overture:97be09a9-f829-4e1a-9259-6f56ce83e6ca,Livingston First Baptist Church,Livingston Church of God,-88.18679045,32.58389833,01,0143720,Livingston
church_overture:97c79605-ea27-4217-9238-3f7e9be2a539,Perryville First Baptist Church,,-88.04197238,35.62062089,47,NA,NA
church_overture:97d546b9-eb13-4680-9d54-676b0cd7c74b,First Baptist Church of Littleville,,-87.67668782,34.58947825,01,0143648,Littleville
church_overture:97d649b7-a13f-4fcb-b088-13c5177ea526,First Baptist Church of Yadkinville,,-80.65988215,36.13266004,37,3775960,Yadkinville
church_overture:97db8ebd-39d1-4926-86db-4d4f1740e821,First Baptist Church West Fork,,-94.17770977,35.93800095,05,0574360,West Fork
church_overture:97e23ff4-a469-4c9e-9a4a-e419df790907,First Baptist Church of Aynor,,-79.19936999,33.99645982,45,4503430,Aynor
church_overture:97ede9d8-f2a0-499f-8b55-64917240aa00,First Baptist Church,,-74.85721037,39.03925314,34,3480840,Whitesboro
church_overture:97f1eac5-18cc-439b-9f81-b55a264c35a9,Howe First Baptist Church,,-96.61285166172802,33.504928767007456,48,4835084,Howe
church_overture:97f9c0fa-8e90-4aca-bbd8-2445e67cedf6,First Baptist Church of Westwood,,-121.00455798,40.30444226,06,0684928,Westwood
church_overture:9816366e-4529-4368-bdb6-102eb5bcf1f0,First Baptist Church,,-94.94588247,30.60779987,48,4830224,Goodrich
church_overture:981c33fb-bddb-4b9a-87c8-3623c82b25a1,Bethany First Baptist Church,,-98.41839431,29.42385258,48,4865000,San Antonio
church_overture:98249d79-8e29-4208-87b8-a1334fb6e1de,First Baptist Church,,-119.7760070048537,46.19862094084342,53,5356450,Prosser
church_overture:9826a844-5adc-4929-832d-a4797874a041,First Baptist Church,,-88.94109437,40.51090439,17,1706613,Bloomington
church_overture:982a8d30-d1e9-425d-9819-571f76c08c6e,First Baptist Church Rutherfordton,,-81.95649398,35.36958223,37,3758460,Rutherfordton
church_overture:9830a367-90be-4839-93b3-2bb3c8470bbd,First Baptist Church,,-80.28240757,40.70269593,42,4265392,Rochester
church_overture:9838f60a-6bbf-471c-ad09-232ec1b4800a,First Baptist Church,,-122.64079052,38.95348569,06,0613945,Clearlake
church_overture:983c7bf5-afa6-4c2b-8755-35e5dd3a18e6,First Baptist Church,,-73.98549767,40.83167352,34,3413570,Cliffside Park
church_overture:98546577-a0c5-4b7f-a8e7-21fde0009bd2,First Baptist Church,,-91.35674935,37.15072193,29,2922276,Eminence
church_overture:98571150-0f35-4e19-968c-90e46d7319e8,First Baptist Church of Las Vegas,Baptist Church,-105.21524778,35.61633974,35,3539940,Las Vegas
church_overture:98574b94-64e7-41d8-b29e-d3d777f89fc2,Rattan First Baptist Church,,-95.42107081,34.20090615,40,4061950,Rattan
church_overture:9868850e-ecf6-474b-bf85-b88f150bb7ae,First Baptist Church of Laurelton,,-74.12746519,40.06971881,34,NA,NA
church_overture:987aa78e-ece9-4a8b-902b-a440bd8bb821,First Baptist Church,,-86.061841,42.790096,26,2638640,Holland
church_overture:987f1f6c-0fd0-416e-9f86-019d86f4346b,First Baptist Church,,-89.358763,31.30457,28,2831020,Hattiesburg
church_overture:988188d9-c649-4ce6-9c72-91e2069de9de,First Baptist Church,,-85.61889932,44.7614167,26,2680340,Traverse City
church_overture:988bab9f-0c01-403a-a897-3444611ae9fd,First Baptist Church,,-85.07174523,33.57969319,13,1313492,Carrollton
church_overture:988ef4bc-b0a7-4b90-88eb-69fcb805056f,First Baptist Church,,-81.06966935,24.71667797,12,1243000,Marathon
church_overture:9896b90c-89dc-4975-baae-60d511f97c75,Winchester First Baptist Church,,-86.11276724,35.18463394,47,4781080,Winchester
church_overture:98b2b137-7a1d-422a-8bf1-4de8d37ddb18,First Baptist Church of Madison,,-90.114341,32.462042,28,2844520,Madison
church_overture:98b34ccc-5c35-42fa-89b2-7870199dc48b,First Baptist Church of Edmond,,-97.51045702,35.62364155,40,4055000,Oklahoma City
church_overture:98b5497b-e2aa-420c-9388-2d5656866b70,First Baptist Church,,-80.32270648,39.26274109,54,5459836,Nutter Fort
church_overture:98bcf2a2-1988-4079-bcdd-5a368c4e80ae,First Baptist Church,,-101.3056117,32.29797066,48,4815700,Coahoma
church_overture:98be0998-7e92-4451-bee7-ba4010766794,First Baptist Church of Drexel,,-94.60680057,38.47933887,29,2920134,Drexel
church_overture:98c24ae9-5a3b-48ef-be6b-0f6d099c8cb3,First Baptist Church of Memphis,,-89.98223796,35.14083544,47,4748000,Memphis
church_overture:98cd28de-e678-45ed-a6fa-129359304c9e,Deer Lodge First Baptist Church,,-84.76302945,36.19455791,47,NA,NA
church_overture:98ce8ca9-7d3b-4518-8cbf-ab2d7e582d58,First Baptist Church,,-74.0004465,40.29829962,34,3441310,Long Branch
church_overture:98e6a278-d29e-444c-bc68-1beaec6cf9e1,First Baptist Church,,-84.36836455,39.26650028,39,3907300,Blue Ash
church_overture:98f7a70e-9e08-4fd1-a04e-4185502062b1,First Baptist Church of Livingston,,-88.18982345,32.58019966,01,0143720,Livingston
church_overture:990c233f-888d-41e9-a6d4-9fc7a901fc18,First Baptist Church Warm Springs,,-84.678400511885,32.889881315767,13,1380480,Warm Springs
church_overture:99136b7d-4cc0-4b2d-97e6-b9894d2910db,First Baptist Church of Wewahitchka,,-85.20010074,30.10973486,12,1277100,Wewahitchka
church_overture:9914e560-1433-4e2c-9af9-cd3853672b8f,First Baptist Church,,-81.2709814,33.35750084,45,4506490,Blackville
church_overture:99154f37-86e3-4670-8ccf-49173b0b2281,Oakdale First Baptist Church,,-92.96267583,44.96999446,27,2747680,Oakdale
church_overture:991582f9-783e-4e71-b845-a1f8b7405aff,St Matthews First Baptist Church,,-75.57423227,38.54686404,10,NA,NA
church_overture:99193242-1eaf-45e0-81cd-2eb94cabd08f,First Baptist Church,,-104.61211596934776,38.27557338918263,08,0862000,Pueblo
church_overture:992626fa-d00d-4b8c-96d9-b6845a2bf942,First Baptist Church,,-83.26352829,31.7105255,13,1329528,Fitzgerald
church_overture:9929f413-e117-4448-8856-166700d7e698,First Baptist Church,,-120.1082018,34.6058888,06,0670182,Santa Ynez
church_overture:99329c5b-f123-43fe-bedf-11c4a5016b7e,First Baptist Church,,-97.20774235,27.88155812,48,4836008,Ingleside
church_overture:99392149-70af-4522-bf25-dd044043d252,First Baptist Church,,-88.52677595,31.54295123,28,2809380,Buckatunna
church_overture:993dd01b-5454-43e1-b692-9c4836dabc82,First Baptist Church,,-95.08969963711912,39.10767030864389,20,2070800,Tonganoxie
church_overture:99528d6e-62a5-4622-8263-aa1e4dc6540c,First Baptist Church,,-79.96547314,36.4120268,37,3742060,Mayodan
church_overture:99604b40-3e1e-4582-ba78-64e6fcc3b6ed,Hamilton First Baptist Church,,-121.99121511,48.53068575,53,5329255,Hamilton
church_overture:996174f9-fc1d-44bc-a699-2330672c769a,First Baptist Church,,-85.53831709,38.24593431,21,2151978,Middletown
church_overture:996cd142-bdc3-4164-84f6-86eef0768460,First Baptist Church,,-85.91730122,32.53451921,01,0174688,Tallassee
church_overture:9973f003-62ad-4f4a-a824-713e4c415234,Mount Zion First Baptist Church,,-91.18068608,30.4444637,22,2205000,Baton Rouge
church_overture:99773cc8-db10-4089-a503-41f90e191b55,First Baptist Church,,-71.2808808,43.07303031,33,NA,NA
church_overture:997768ae-4840-4b32-9451-5fc0dbfd688c,First Baptist Church,,-80.1123602,37.50032975,51,5155592,New Castle
church_overture:998c9984-5373-49e4-a082-444a8edae19d,First Baptist Church of Littleton,,-71.47390486,42.5457338,25,2536020,Littleton Common
church_overture:99b08978-83af-4827-86e8-c794770813c7,First Baptist Church,,-80.333319009988,33.936668505001,45,4570405,Sumter
church_overture:99b1fa10-ad4c-4dbf-902d-6946f03c148e,Willacoochee First Baptist Church,,-83.05107523,31.34220348,13,1382972,Willacoochee
church_overture:99b2034b-559f-4ced-b49c-c6acea4b659c,First Baptist Church,,-88.44178049,37.81330637,17,1723009,Eldorado
church_overture:99cdfb00-858c-4618-83e5-f487f430ffb5,First Baptist Church Franklinton,,-90.15668786,30.84617368,22,2227190,Franklinton
church_overture:99cdfc4a-448c-428b-a549-67a45310980c,First Baptist Church,,-112.47042,40.59967,49,4931120,Grantsville
church_overture:99f7042a-19c3-4a00-abaa-4961e6e1efe4,First Baptist Church,,-102.56499422,32.9447442,48,4866440,Seagraves
church_overture:9a034165-98f3-4946-aa8d-e17918422e5d,First Baptist Church,,-85.29302781,34.87534618,13,1315984,Chickamauga
church_overture:9a089f4d-5436-41b1-ae5d-94eeb7073391,First Baptist Church,,-87.53659715,32.59655806,01,0153784,Newbern
church_overture:9a0ae87c-92fe-4a00-bbe2-f060d6cfff61,First Baptist Church,,-87.109211,37.7744,21,2158620,Owensboro
church_overture:9a0f8035-28b2-4b7f-9fb8-f0d975debb50,First Baptist Church,,-101.8656543094712,34.73896338742395,48,4832156,Happy
church_overture:9a1b1184-bb5c-4078-a669-ce92c360f025,First Baptist Church,,-84.89725076,38.0380086,21,2144146,Lawrenceburg
church_overture:9a36cb29-2d6a-44cc-9ad2-2f78b8252ac6,First Baptist Church,,-80.35009552,36.2780265,37,3735760,King
church_overture:9a3d607f-66ad-4d12-bed4-647fedd5e04c,First Baptist Church of Ralls,,-101.38703947,33.67999688,48,4860356,Ralls
church_overture:9a3da165-c4c0-45bf-ba38-460b1d2c2e55,First Baptist Church,,-96.39908301,35.0845998,40,4035400,Holdenville
church_overture:9a43f49f-ed7d-492d-b577-438322938e70,First Baptist Church,,-84.77123043,37.64449899,21,2119882,Danville
church_overture:9a47f9e4-7ced-4b2c-8729-d28bc8531b05,First Baptist Church,,-75.48020731,42.29310328,36,3604033,Bainbridge
church_overture:9a482840-9e89-4a24-812b-8d54764487f3,First Baptist Church,,-122.13235342,38.01001736,06,0646114,Martinez
church_overture:9a52b702-a644-4837-ab2c-beb730ac0de1,First Baptist Church,,-88.99756455,39.70637011,17,1745941,Macon
church_overture:9a685755-9198-4d4e-9ef8-48452696c53c,First Baptist Church,,-96.29304050854523,37.82350344044233,20,2021800,Eureka
church_overture:9a6c5c6a-f886-4801-acd8-ae8a7cb4f681,First Baptist Church,,-93.72720547,39.07526472,29,2931960,Higginsville
church_overture:9a6db251-8828-42d9-bdb5-d279632c9121,First Baptist Church of Wildwood,,-82.03820484,28.86146457,12,1277675,Wildwood
church_overture:9a7de486-8d9c-4bb9-93c6-7a8e844b78a8,First Baptist Church,,-71.20651194,42.19051806,25,2550285,Norwood
church_overture:9a7f7651-13ee-4b1b-9f9f-ce8630dfa9f1,Oak Grove First Baptist Church,,-87.15409934,33.45660679,01,NA,NA
church_overture:9a8c00f7-3c26-4370-8824-817aada4002d,First Baptist Church Washington,,-82.73895762892289,33.737361564877425,13,1380704,Washington
church_overture:9a953926-0a2a-4146-9850-0f76ad84198b,First Baptist Church,,-109.04191336065702,37.669646741944774,49,NA,NA
church_overture:9a9592f0-01f9-467e-befd-ca7ba296aa5a,First Baptist Church of Doyline,,-93.40988843,32.53558451,22,2221590,Doyline
church_overture:9a9c7040-88c2-4ce7-a72c-00638aa50794,First Baptist Church of Temple,,-97.425549,31.118081,48,4872176,Temple
church_overture:9aa3e1b0-85a7-4dae-b95a-2c3a93ad524c,First Baptist Church,Danville First Baptist Church,-76.6163739,40.9957585,42,NA,NA
church_overture:9aa52edb-77a8-4843-be9c-94556f9c2600,Kenwood First Baptist Church,,-84.44039441,33.51083199,13,NA,NA
church_overture:9aab03db-8f8a-4c8c-aafb-dff9efecc6f9,First Baptist Church,,-82.66583217,42.98671491,26,NA,NA
church_overture:9ab02ee7-0af3-4d0d-b22d-7acea2961f50,Polkville First Baptist Church,,-89.69307409,32.19249528,28,2858960,Polkville
church_overture:9ab332fc-5698-401e-bb5d-4c92de24fe79,First Baptist Church of Plato,,-92.225536108017,37.503291514903,29,2958088,Plato
church_overture:9ac1f925-c80d-40fe-8a76-acdc4725d787,First Baptist Church,,-108.21050975438,36.72927780011901,35,3525800,Farmington
church_overture:9ac21c63-15f4-4729-9c59-c335cf8e07bd,First Baptist Church,,-97.9456418,29.5793551,48,4866644,Seguin
church_overture:9ae1588a-592c-4b8b-b491-47efc21b02df,First Baptist Church,,-100.31738972,32.08741952,48,4808488,Blackwell
church_overture:9ae33a74-180c-4fac-bed8-898e6f781164,First Baptist Church,,-94.70725175,37.41399992,20,2056025,Pittsburg
church_overture:9ae62b3d-bd5f-493d-b6aa-7a691f09ae02,First Baptist Church,,-82.03692011,30.52475592,13,NA,NA
church_overture:9aeab9da-f062-43e8-9a8b-4234e32d8365,First Baptist Church Of Desoto,,-90.5760265,38.1448254,29,2919252,De Soto
church_overture:9af85b51-1fc8-4301-9689-6e39280549c0,Normandy First Baptist Church,,-86.25847272710605,35.45177181297993,47,4753580,Normandy
church_overture:9b005332-0edb-4767-ba85-00ec2ca3f54e,First Baptist Church,,-95.16895654,36.20276001,40,4043500,Locust Grove
church_overture:9b049830-ec24-4179-a7d5-cf6247089d17,Antioch First Baptist Church,,-86.66847517,36.06010305,47,4752006,Nashville-Davidson metropolitan government (balance)
church_overture:9b0da364-290f-4294-a0f4-5304d711fd1e,First Baptist Church,,-97.51734431,35.48047009,40,4055000,Oklahoma City
church_overture:9b0df229-b57d-4ccb-92ca-72fd83bb0288,First Baptist Church,,-92.82285326881163,30.24251083073448,22,2280430,Welsh
church_overture:9b13749b-f040-4858-9585-7bf208a22a9b,First Baptist Church Golden Meadow,,-90.272959,29.393557,22,2229640,Golden Meadow
church_overture:9b1e282b-9184-406e-890c-da96fa271753,First Baptist Church,,-71.43956225,42.30014551,25,2524960,Framingham
church_overture:9b39fca0-ad38-40da-8179-4f9ea1f89ce5,First Baptist Church,,-86.76110561,39.28727285,18,1871972,Spencer
church_overture:9b3eb437-6241-41ff-97c2-3e2f1cacaabb,First Baptist Church,,-76.11637542,42.99780106,36,NA,NA
church_overture:9b443910-de7a-4234-b826-690a00b60761,First Baptist Church of West Orange,,-93.75129584,30.08448578,48,4877752,West Orange
church_overture:9b492571-c735-4a95-b192-317783f3ccfc,First Baptist Church,,-89.571033,40.663045,17,1722164,East Peoria
church_overture:9b4a4b48-06fe-4ab0-8d5b-9e96d23301dc,First Baptist Church,,-87.29194325,34.8264745,01,0166216,Rogersville
church_overture:9b4c8923-a2bf-4338-8a4c-1565dd826764,First Baptist Church of Carl,,-83.80621575,33.99784552,13,1313184,Carl
church_overture:9b601b09-2397-4c76-a7c4-eca02a74cc2e,First Baptist Church,,-95.82946719,29.39142327,48,4850628,Needville
church_overture:9b618a06-6849-462d-80ba-24d1faecfec7,First Baptist Church of Williamstown,,-81.44784506,39.40218018,54,5487556,Williamstown
church_overture:9b64abe3-6169-4e59-a025-74aec77c551d,First Baptist Church of Orchard Park,,-78.7632191,42.7630551,36,NA,NA
church_overture:9b6bc4a9-58ce-406d-8464-197223ecc201,First Baptist Church of Spring Valley,,-74.04884424,41.11526679,36,3670420,Spring Valley
church_overture:9b7a9c9f-2147-4337-8af8-9ec7a478e5d9,First Baptist Church,,-98.74537796935303,35.75211339958997,40,4073450,Thomas
church_overture:9b896ab6-30a2-46df-9bc4-d861f65831e3,First Baptist Church,,-115.29412868,42.9507167,16,1631690,Glenns Ferry
church_overture:9b9889f0-ecd5-4e18-8cef-c9e35ccb4343,First Baptist Church,,-80.37094911,26.10293395,12,1276582,Weston
church_overture:9b9cfd82-18a0-4a07-a2cf-8f7e99cb1207,First Baptist Church,,-86.03223145,34.67157973,01,0168736,Scottsboro
church_overture:9b9f0bd1-daae-4fcc-a2cf-b446dfa4840b,First Baptist Church,,-86.94255,31.428398,01,0124808,Evergreen
church_overture:9ba2ae49-8bb0-4312-aed6-41d0e0fb6d3c,First Baptist Church,,-92.07897008,30.4673976,22,2258045,Opelousas
church_overture:9ba2b8a0-990d-4666-8960-4b3e01475f2b,First Baptist Church,,-93.62599171,43.27059541,19,1928380,Forest City
church_overture:9ba6ebb7-fbf5-4cad-b4b5-7e1dcc3ecd83,First Baptist Church of Alachua,,-82.49447573,29.78878094,12,1200375,Alachua
church_overture:9bac7e99-3f63-4b00-bfcc-01778b981a3a,First Baptist Church of White Plains,,-73.740204,41.022054,36,3681677,White Plains
church_overture:9bacc1b3-4768-46d1-b244-d14a60c4960b,First Baptist Church,,-94.49224425,31.82575774,48,4829060,Garrison
church_overture:9bb901ab-3cc1-419b-a9bb-ca85b5666a35,Lyerly First Baptist Church,,-85.40639463,34.40636894,13,1348092,Lyerly
church_overture:9bbbdadb-5dbd-4db6-a7e2-7aad56009e46,First Baptist Church,,-98.20812965896526,38.20967762079102,20,2068200,Sterling
church_overture:9bbf9d68-e14b-4562-97d8-9144393d5edf,First Baptist Church,,-96.90528414,29.68902993,48,4866188,Schulenburg
church_overture:9bc95686-40f4-4757-8e4e-abc2564087f0,First Baptist Church,,-88.33967498,30.47915553,01,0131024,Grand Bay
church_overture:9be9a9f5-e046-4c52-8ec4-9281ab589c4a,First Baptist Church of Malvern,,-81.17274569,40.68641128,39,3946998,Malvern
church_overture:9c0b1ece-f058-4ff0-945f-471557d089e7,First Baptist Church,,-88.7645564,40.34403487,17,1742971,Le Roy
church_overture:9c12691e-cc25-4b1d-b88f-01f0fbb2df2a,First Baptist Church of Dungannon,,-82.47173243,36.8263698,51,5123952,Dungannon
church_overture:9c21e431-10ea-4b0a-9ae8-e6bf8eed6e09,First Baptist Church of Lincoln Park,,-83.17972209,42.23937975,26,2647800,Lincoln Park
church_overture:9c352b4e-476c-4781-9336-fec0bc9af221,First Baptist Church,,-94.99552257,38.32413169,20,2054500,Parker
church_overture:9c5c27e7-8713-4672-810f-5bde6c6b10c9,First Baptist Church,,-89.350754,35.239622,47,4769620,Somerville
church_overture:9c713833-2247-429e-ae94-d81b8183af3f,First Baptist Church of Montana,,-112.03493329,46.58911691,30,3035600,Helena
church_overture:9cac9303-4e44-47ec-9704-9de55140a6c2,First Baptist Church,,-93.29247835,44.27700981,27,2720546,Faribault
church_overture:9cbc43e1-2dd4-4264-8df2-a56f5258aaa8,First Baptist Church,,-80.02451210636971,39.34113906919267,54,5432716,Grafton
church_overture:9cbd8525-5d95-40f8-bd0e-19b47ebb6d1d,First Baptist Church of Lynchburg,,-86.370749,35.288316,47,4744382,"Lynchburg, Moore County"
church_overture:9cbe0354-8705-41d4-a136-e686a2682539,First Baptist Church,,-72.19083534,44.20903877,50,5030475,Groton
church_overture:9cbf95b7-740c-45ab-ab81-7bde37e659b3,Hampton First Baptist Church,,-84.26906245,33.38504212,13,1336276,Hampton
church_overture:9ccd406d-527b-48f9-8bfd-2e67c50fcfbd,Easley First Baptist Church,,-82.598938,34.829325,45,4521985,Easley
church_overture:9cd6170d-77e1-44e4-b7b0-fec4e0bc4f23,First Baptist Church of Lapeer,,-83.32144756,43.06444615,26,2646040,Lapeer
church_overture:9cd7a4b5-3ba1-426c-8878-10c4ceda434f,First Baptist Church Of Winchester,,-78.16850583,39.18705425,51,5186720,Winchester
church_overture:9cd8bbbf-b858-47c5-8cd2-8feef7a404b6,First Baptist Church,,-85.25502724,43.17711121,26,2635100,Greenville
church_overture:9ce08350-e633-4e8d-8125-941bdb43d902,Castro Valley First Baptist Church,,-122.073614,37.709836,06,0611964,Castro Valley
church_overture:9ce63da5-f16d-4676-b74c-6945e10d6cfa,First Baptist Church | Leitchfield,,-86.29284625,37.48130973,21,2144686,Leitchfield
church_overture:9cec657c-e3c4-46df-a1f2-044ed66560ce,First Baptist Church,,-82.64056582,39.04943757,39,3937842,Jackson
church_overture:9cf5d960-57e9-47d4-a2a3-f6c9e4ce81ce,First Baptist Church,,-94.49755364,39.75229962,29,2970738,Stewartsville
church_overture:9d06f32a-adfc-46f6-b440-8e19178116d0,First Baptist Church,,-88.62071189,37.12697123,17,NA,NA
church_overture:9d07aba8-c514-4948-abbf-9d7771362755,First Baptist Church,,-79.77733538,35.36010105,37,3706000,Biscoe
church_overture:9d08f1c4-5d99-4431-86f6-1fc0f0c44396,First Baptist Church,,-72.34100065482755,43.37461307879764,33,3312900,Claremont
church_overture:9d1797f8-f87b-4af4-976e-93b422b1ed3b,First Baptist Church,,-96.46914557,32.09139581,48,4817060,Corsicana
church_overture:9d1842b1-f197-4c7d-a8c2-24642d77cef1,First Baptist Church,,-95.375798,28.954869,48,4827420,Freeport
church_overture:9d1ca1ff-ea3f-4a7a-a3a8-ce72b0fff0d1,First Baptist Church East Point,,-84.44215272,33.67852785,13,1325720,East Point
church_overture:9d1cacbb-10f6-4920-8c99-4767a84cee0a,First Baptist Church Waggaman,,-90.23940474,29.94846215,22,2279100,Waggaman
church_overture:9d1d1497-cd0c-43bc-9c5b-eacfd811cd08,First Baptist Church of North Port,,-82.2484786,27.05081758,12,1249675,North Port
church_overture:9d263bfb-93f6-4874-bd9e-7e6a5c0bfcb7,First Baptist Church Wickett,,-103.00216449,31.56970063,48,4879036,Wickett
church_overture:9d28fe77-50f5-4da7-972d-8f5bf7564b72,Cornersville First Baptist Church,,-86.85337215,35.34104356,47,NA,NA
church_overture:9d2cb134-90c8-4ca5-b705-de61de2bd439,McLeansville First Baptist Church,,-79.63149877,36.09460995,37,NA,NA
church_overture:9d30dfb6-81f6-4a1a-a61b-746058653b2d,First Baptist Church of Vinton,,-79.89850463,37.27915589,51,5181280,Vinton
church_overture:9d6c55f0-be38-404b-a476-6da78e114e88,Fairmont First Baptist Church,,-79.11476991,34.49483431,37,3722360,Fairmont
church_overture:9d706d51-0a64-4d2d-b226-d79bd9338894,First Baptist Church,,-112.32613169861187,43.209704355534484,16,1607840,Blackfoot
church_overture:9d721434-5706-4f18-b8e3-f81dcceee27d,First Baptist Church,,-83.43628939,39.53647353,39,3981718,Washington Court House
church_overture:9d8a6f9f-1bc4-48da-90e4-845f9052f722,First Baptist Church,,-100.86514964,32.38964664,48,4816120,Colorado City
church_overture:9d97bbd3-ecae-467e-b543-3574c2e6fe9f,First Baptist Church,,-80.964155,34.309176,45,4560415,Ridgeway
church_overture:9d9a6dff-be89-4589-8501-f34bce8be295,First Baptist Church,,-90.78014744,37.92145549,29,NA,NA
church_overture:9d9ff422-91be-466b-8594-b2b995286917,First Baptist Church of Channahon,,-88.227319,41.426082,17,1712476,Channahon
church_overture:9dd19ff9-fc27-4035-9717-9f6f0af623de,First Baptist Church of Greenwood,,-86.12003253,39.59417679,18,1829898,Greenwood
church_overture:9dd1f761-1ea3-4eb5-a654-72d9f4a29204,First Baptist Church,,-85.471705,35.941325,47,4770180,Sparta
church_overture:9dd80cfe-8652-4fa3-8e50-398ec55cd6b4,First Baptist Church,,-90.04225021,35.57124017,05,0575920,Wilson
church_overture:9e0755ae-d127-49e6-a97c-6ac228ad8129,First Baptist Church Chocowinity,,-77.1043843,35.5134241,37,3712580,Chocowinity
church_overture:9e09c51a-247b-4480-8c79-fae2d8c642d0,First Baptist Church,,-97.98451419,29.84813011,48,4865600,San Marcos
church_overture:9e13ca2c-c091-4f95-b538-2f045f2b81e6,First Baptist Church of Blythe,,-114.5971995,33.6121407,06,0607218,Blythe
church_overture:9e25bda7-a23c-4c33-99bd-9181c2f69270,First Baptist Church,,-91.16264881,41.00720194,19,1950790,Mediapolis
church_overture:9e2692ab-b916-4bde-a829-2911a9b79d23,Valier First Baptist Church,,-89.04353599,38.01353094,17,1777148,Valier
church_overture:9e281965-e579-4656-9966-0834d1a33e7f,First Baptist Church,,-95.45245192,31.3174315,48,4817744,Crockett
church_overture:9e395dc2-f9a4-4aaf-ba62-e994b1723f08,First Baptist Church Macon,,-89.46940482,35.1572878,47,NA,NA
church_overture:9e467c33-2af5-410d-b559-d73a4b42f1db,First Baptist Church,,-90.1308263,32.15366122,28,2824980,Florence
church_overture:9e517406-3266-4fc0-9acf-fb79cba84239,First Baptist Church,,-75.86795807,38.63127803,24,2441125,Hurlock
church_overture:9e5232da-84c5-41e3-9421-8ecaf3348e4f,First Baptist Church,,-103.03886700698165,34.383731395890614,48,4825548,Farwell
church_overture:9e52aa72-885b-4375-8ac6-fc25cb38ebc0,First Baptist Church,,-99.84748185,31.21798102,48,4822552,Eden
church_overture:9e53aceb-e8ad-42c7-8097-8590917709b9,First Baptist Church,,-121.01765192,39.26399996,06,0650874,Nevada City
church_overture:9e5ab4f3-6440-4c1f-9c8f-cb59c7b6afbd,First Baptist Church,,-97.38657875,32.34998446,48,4815364,Cleburne
church_overture:9e6dafc9-da63-4400-905a-c76873f3e065,First Baptist Church of Gatesville,,-97.746681,31.434627,48,4829168,Gatesville
church_overture:9e72bca4-270a-41b0-ac1d-213686bbbdc5,Baileyton First Baptist Church,,-82.83672853,36.33129912,47,4702780,Baileyton
church_overture:9e75ace7-6074-496d-978d-2620e3043195,First Baptist Church,,-77.3456649418144,43.14628871484351,36,NA,NA
church_overture:9e7b80dd-1dac-4eec-a964-10f65bf30865,First Baptist Church,,-86.63611507,30.75417508,12,NA,NA
church_overture:9e7caefb-c247-453b-ab24-ddea6009867d,Hampton First Baptist Church,,-82.17227981,36.28475854,47,4732040,Hampton
church_overture:9ea7ccbb-7dbd-47b5-84c2-d80487e514ca,First Baptist Church of Houlton,,-67.83962161,46.12282342,23,2333945,Houlton
church_overture:9ea867b4-6d4d-48a8-9797-3bb7cfe1e990,First Baptist Church of Greenwood,,-93.97380723,32.44245782,22,2231705,Greenwood
church_overture:9eabadd0-f12f-47ca-9061-ff16e8c6d46d,First Baptist Church Paradis,,-90.42439274,29.88746088,22,2209130,Boutte
church_overture:9ead95b7-1b26-4edc-87fc-7df957bd1632,First Baptist Church,,-103.801178,40.254922,08,0827810,Fort Morgan
church_overture:9eaefefc-be08-418f-9181-ca9ad953c625,First Baptist Church,,-82.17789456,36.59499679,51,5109816,Bristol
church_overture:9ec12b8b-cfb8-4821-902b-5abbb179139c,First Baptist Church,,-79.66580865,36.35675875,37,3755900,Reidsville
church_overture:9ed08fa0-68c9-4e91-abbf-3995d6e0d6d3,First Baptist Church,,-82.454685,28.935555,12,1257058,Pine Ridge
church_overture:9ed919cc-6283-4378-876d-be2d430db88f,First Baptist Church of Ossian,,-85.16600185,40.88833486,18,1857168,Ossian
church_overture:9ed98174-f813-4d81-bdd1-ac25cf883189,First Baptist Church,,-95.86903401,34.02878015,40,4007750,Boswell
church_overture:9edaa491-b8b5-4b3c-96d0-34a1198ed61e,First Baptist Church,,-95.04982330216144,33.60841884119715,48,4815160,Clarksville
church_overture:9eefd384-7d44-4756-9db1-a10d8a5994db,First Baptist Church,,-116.77484379,32.83574126,06,0601192,Alpine
church_overture:9f107e7e-1d6c-479e-b1d7-61284421098e,First Baptist Church,,-91.37524171,30.78862281,22,2267215,St. Francisville
church_overture:9f1d3bba-3117-4a4f-8fb9-c39dc2f771c3,First Baptist Church,,-87.78467975,35.76800179,47,4743160,Lobelville
church_overture:9f2e6f94-aca8-4713-9a25-3c9cf53a08ac,First Baptist Church Gladewater,,-94.75888944,32.50166538,48,4843888,Longview
church_overture:9f32a515-9798-403c-84f5-8eaebe5422a5,First Baptist Church Sun Valley,,-119.76997387,39.58928887,32,3271600,Sun Valley
church_overture:9f3507cf-97fc-4c9f-9873-08b4ea08abbd,First Baptist Church of Loomis,,-121.18563054408722,38.83160763382197,06,0643140,Loomis
church_overture:9f419ea2-4e74-4ce1-8e68-3e031f0e003b,First Baptist Church,First Christian Church,-83.76576498,38.64635285,21,2151024,Maysville
church_overture:9f43d0c1-7311-4d3b-a079-5675deba615e,First Baptist Church,,-78.31472335,35.00475945,37,3713240,Clinton
church_overture:9f460bc7-db60-4def-9a24-97c48a0e74e3,First Baptist Church,,-91.683904,41.291584,19,1982335,Washington
church_overture:9f485a57-71ee-4c27-8984-3c5c8b651460,First Baptist Church of Ball,,-92.4210161,31.41709343,22,2204055,Ball
church_overture:9f566865-7482-46a8-9dc3-4d07a2ad10bf,First Baptist Church of Hildebran,,-81.45048438628707,35.711347856308365,37,3733320,Icard
church_overture:9f678c16-73cf-4932-a1e2-6042b7f78578,First Baptist Church,,-81.62913828,38.35077834,54,5414600,Charleston
church_overture:9f698b1b-cfc9-41d1-a1cd-c097498a515a,First Baptist Church,,-76.56835812,38.51449003,24,NA,NA
church_overture:9f6f8a2e-e7c1-40e7-a229-75027bc1ef1a,First Baptist Church,,-83.252302,31.207016,13,1354264,Nashville
church_overture:9f737136-7619-43bc-866e-53f4a808344d,First Baptist Church,,-77.48980652,37.43028126,51,5150568,Meadowbrook
church_overture:9f93700b-8bab-40da-a63b-e9f5e40904f9,First Baptist Church Of Hilliard,,-83.154501,40.011858,39,3935476,Hilliard
church_overture:9f94d29c-7815-4232-a29f-026bb7f6afd1,First Baptist Church of Rockwall,,-96.46148797,32.9248949,48,4862828,Rockwall
church_overture:9fabd3ee-605a-433f-a228-13ac02ca98ed,First Baptist Church,,-93.39883505,36.49578572,05,0507150,Blue Eye
church_overture:9fb7df9f-e61a-46a1-b9a5-381cb579b741,First Baptist Church of Princeton,,-93.57826388,40.39409181,29,2959942,Princeton
church_overture:9fc44578-ba4a-44c7-90d3-17cb37272649,First Baptist Church of Doe Run,,-90.49917445,37.74187237,29,2919684,Doe Run
church_overture:9fe5446c-9a83-4c59-912d-71bb34157c9b,First Baptist Church,,-83.93695104,32.45640297,13,1349924,Marshallville
church_overture:9fe9e105-ba23-4435-ad53-ebe7013ba814,First Baptist Church Centre,,-85.66476985,34.15665673,01,0113648,Centre
church_overture:9ff15592-f437-4dd1-878a-cf24f8e87d3b,Inman First Baptist Church,,-82.09089461,35.05157656,45,4535755,Inman
church_overture:9ffccdd1-578e-4ba6-983f-ab77a15ec606,First Baptist Church,,-89.95322199,34.31752825,28,2803620,Batesville
church_overture:a0041ff8-4af5-4526-92de-eb23b5c86377,First Baptist Church of Wakita,,-97.92411261,36.88320465,40,4077950,Wakita
church_overture:a00c3840-d58e-4909-aa82-3bad22b79599,First Baptist Church of Philadelphia,,-75.16874947,39.95062436,42,4260000,Philadelphia
church_overture:a01aee87-6f1a-4cea-a764-f8c1146077ed,First Baptist Church,,-81.34392096,35.73366981,37,3731060,Hickory
church_overture:a0205ba4-ec17-4c09-919b-f6fa9ac545fd,Leonard First Baptist Church,,-95.80145391,35.92024357,40,4042500,Leonard
church_overture:a0291a32-545e-4ba4-ac96-85655738b58e,First Baptist Church Henryville,,-85.77237468,38.53929508,18,1833142,Henryville
church_overture:a02ab549-f565-403e-b29c-16623b69d44d,First Baptist Church,,-90.92131121,30.22309604,22,2229850,Gonzales
church_overture:a031e964-faa1-4fcd-962f-46f54cbf4680,First Baptist Church of Lowrys,,-81.24386537,34.80700759,45,4542865,Lowrys
church_overture:a032d65a-989a-450f-8af0-b7d12eef3c87,First Baptist Church,First Christian Church,-96.13790497,35.33728649,40,4079800,Weleetka
church_overture:a0490890-f65f-45ad-8156-feb8eacc6b2d,First Baptist Church of O'fallon,,-90.703254,38.798454,29,2954074,O'Fallon
church_overture:a04d586f-908f-4c63-b45a-e612cc9c1abd,First Baptist Church,,-92.9001963,44.1494087,27,2769304,West Concord
church_overture:a0637cce-1957-4a60-a8bb-fc75f21359a9,The First Baptist Church of Anderson,,-74.92870763,40.76687773,34,3401300,Anderson
church_overture:a06a201e-4360-4ac9-8c6d-850126ac1e79,Dayton First Baptist Church,,-123.09214868,45.21368376,41,4118250,Dayton
church_overture:a06f6136-a3c6-49cb-9e76-692e8453e2df,First Baptist Church of Pittsburgh,,-79.95280705,40.44781672,42,4261000,Pittsburgh
church_overture:a081bf7e-4595-468d-ba37-862abaf2ddf1,First Baptist Church,,-105.50375155,44.29007323,56,5631855,Gillette
church_overture:a0a215d4-7809-4a41-a1a0-2ff615bf5c4b,First Baptist Church of Overland Park,,-94.68078557,38.95532145,20,2053775,Overland Park
church_overture:a0a678ed-c354-42f2-9918-c79599fafa19,First Baptist Church of Plymouth,,-90.91613438,40.29270314,17,1760833,Plymouth
church_overture:a0b01989-7fa6-4075-8383-a279d27f55e5,First Baptist Church Of Dent,,-84.65483182066478,39.18960387764611,39,3921742,Dent
church_overture:a0b31126-002b-4d43-8807-3fd956be763e,First Baptist Church,,-88.80949415,36.07525881,47,4707860,Bradford
church_overture:a0bb62d6-fcb6-4c00-88d0-b9fc6dd0c5fe,First Baptist Church of Taylorsville,,-85.951213,39.292447,18,1875104,Taylorsville
church_overture:a0c2c6a4-def5-48e6-b71e-5e4cca010af2,First Baptist Church,,-85.11188238,34.91680809,13,1365324,Ringgold
church_overture:a0c635cf-1ea6-4ad2-8d95-8746e13ef84c,First Baptist Church of Alva,,-98.66675342,36.80101789,40,4001800,Alva
church_overture:a0c8e3b8-1d59-47e1-b3db-79f422e2fe48,First Baptist Church,,-108.72961029,35.50390781,35,3528460,Gallup
church_overture:a0ca3289-e48d-44aa-aeb1-79cab4dca9a6,First Baptist Church,,-99.67325543,33.3206101,48,4877044,Weinert
church_overture:a0d3c1a3-215a-4002-817b-a829ddfb6089,First Baptist Church,,-101.99390317,33.68952712,48,4867136,Shallowater
church_overture:a0e25946-efe8-42e2-b0bc-c22b5305d455,First Baptist Church,,-82.70910996,36.52268554,47,4714980,Church Hill
church_overture:a0e60369-f723-4c64-b3a5-f1fb7062eb6e,First Baptist Church of Mission,,-94.65227181,39.02614343,20,2047225,Mission
church_overture:a0eba40b-c7f5-4509-a410-a337a60766db,First Baptist Church,,-93.54125289,35.36085748,05,0562960,Scranton
church_overture:a0eef481-3df1-47ad-a38d-3f034319c7dc,Cowen First Baptist Church,,-80.5558225,38.4093995,54,5418412,Cowen
church_overture:a0ff31b6-e18a-4df7-a2f3-a5b6d9e2c575,First Baptist Church,,-93.33472517,38.39249266,29,2942608,Lincoln
church_overture:a1046ab7-dce8-4c8b-9930-92de1d9a0069,First Baptist Church of Southport,,-78.02268464,33.92457376,37,3763400,Southport
church_overture:a1113933-e9ee-44a1-9ae8-452557e3da2f,First Baptist Church,,-98.23751924,34.27125674,40,4072750,Temple
church_overture:a11aaa59-721b-4214-9f0e-2bdcf6413cc3,First Baptist Church,,-90.55710386059198,38.14108944570745,29,2919252,De Soto
church_overture:a12a0186-4633-4420-a6a4-300592e6e124,First Baptist Church,,-95.97441731,35.6242393,40,4055150,Okmulgee
church_overture:a12d251f-52f9-485e-9114-fe60321b3f91,First Baptist Church of Richwood,,-95.41042835,29.07253974,48,4861904,Richwood
church_overture:a13730cb-143c-41af-9193-ee1661252e25,First Baptist Church of Tombstone,,-110.06456,31.713172,04,0474400,Tombstone
church_overture:a138b625-cb57-4885-94a8-9ef78098a8e1,First Baptist Church of Weston,,-96.66748392,33.34642874,48,4877740,Weston
church_overture:a13af0f1-8ae9-4eda-a440-0d24aedecd6a,First Baptist Church,,-101.84338934,33.83011215,48,4800160,Abernathy
church_overture:a144e505-19c8-4335-9042-edd62bdf69a1,First Baptist Church,,-88.63832754,40.88185879,17,1761015,Pontiac
church_overture:a1472647-ffbc-4144-9c7c-031d41066fd7,First Baptist Church,,-84.2232675,45.35641042,26,2660680,Onaway
church_overture:a1516538-5d84-43f3-990a-1e5174bb8640,First Baptist Church,,-74.92150462,40.0641889,34,3405740,Beverly
church_overture:a15283bb-c19a-4dae-b7e1-96d99eb8a8f6,First Baptist Church Watson,,-77.58643768,38.98836434,51,NA,NA
church_overture:a15a8538-5ef4-4e15-9ec0-7e512f95dbe0,First Baptist Church,,-119.64401439,37.33001017,06,0652764,Oakhurst
church_overture:a15e925b-bd6f-4911-821d-5b96ad1c437c,First Baptist Church,,-116.56123401984966,47.312323224475136,16,1671470,St. Maries
church_overture:a1601b5c-4d86-439b-a9b4-39ad758af58d,First Baptist Church,,-77.59118473,36.33104929,37,3728920,Halifax
church_overture:a162142d-e3ac-4f40-acef-421ed348cf3e,First Baptist Church,,-76.96693552112383,37.21829983769816,51,5116880,Claremont
church_overture:a172baf0-e211-4254-ab23-f117a2ed3201,First Baptist Church of Brooklyn,,-84.24067778,42.11017141,26,2611000,Brooklyn
church_overture:a178d541-0512-49ad-892d-5787b526550e,First Baptist Church of Nanty Glo,,-78.83351427,40.47177198,42,4252616,Nanty-Glo
church_overture:a1824155-9521-4c2b-b931-e32685617764,First Baptist Church,,-84.48677341,35.42705464,47,4724040,Englewood
church_overture:a1961cfe-6abc-4b34-a0a0-6047b3de4618,First Baptist Church Of Tequesta,,-80.09763438,26.95904231,12,1271525,Tequesta
church_overture:a1adf81a-8557-4dea-981c-f835037e1120,First Baptist Church of Rochelle,,-83.45492235,31.94882132,13,1366024,Rochelle
church_overture:a1b2e025-e92b-480b-96fe-5897c7096234,First Baptist Church,,-77.13325038,42.96233756,36,3616375,Clifton Springs
church_overture:a1b673f7-8be9-4477-834d-efec3d32a756,First Baptist Church,,-80.96469465,41.20918151,39,NA,NA
church_overture:a1c43d4e-2a49-45a2-b5e3-013135a9e339,First Baptist Church,,-96.49027738,36.18937219,40,4072850,Terlton
church_overture:a1d64a47-ff4a-4ffb-874f-58a045c34dce,First Baptist Church,,-116.77980598276396,47.67655446092793,16,1616750,Coeur d'Alene
church_overture:a1eeb47d-cdc1-4180-9c03-78114254177e,First Baptist Church,,-86.2504656,33.16661637,01,0174352,Sylacauga
church_overture:a1f378a0-835e-4085-8c50-dfbc63bc29b1,First Baptist Church,,-73.05300926,41.67245245,09,NA,NA
church_overture:a1f4908c-c97e-4522-b0c5-4eadd8df41ae,First Baptist Church Of North Berwick,,-70.7338172,43.3047658,23,2350290,North Berwick
church_overture:a1f890bb-2502-49db-8566-070abb8bac99,Macedonia First Baptist Church,,-83.28928238,30.8316502,13,1378800,Valdosta
church_overture:a1ffb7be-6dca-4252-afdf-a53724933b06,First Baptist Church Tehachapi,,-118.4510929,35.12021769,06,0678092,Tehachapi
church_overture:a200bcc3-ae78-4a55-9ecd-38b5c99627bb,First Baptist Church,,-97.52612,32.4490399,48,4829972,Godley
church_overture:a204c038-0d16-4521-a8c9-caf9458fa183,First Baptist Church,,-74.01931238,40.93283705,34,3451660,New Milford
church_overture:a2170ea4-13b0-46c0-8d22-b0942ff34c1f,First Baptist Church,,-94.33814208,40.25610649,29,2900514,Albany
church_overture:a21e0586-b2a9-499d-8b87-a182bb8a9791,First Baptist Church,,-118.85734735,46.66581562,53,5314485,Connell
church_overture:a22175e9-65a4-482e-973a-3823d8fcda9c,First Baptist Church,,-120.15612549,40.14373912,06,0656140,Patton Village
church_overture:a2250941-1fa2-4be2-af04-150aed3b81bc,First Baptist Church of Wilmer,,-96.68541271,32.5887354,48,4879576,Wilmer
church_overture:a2339b5b-94fe-434f-8668-8b52bd8f8828,First Baptist Church Lee's Summit,,-94.3789888414357,38.915875765460996,29,2941348,Lee's Summit
church_overture:a238c92c-ff83-468d-99e8-a86a4e35a03a,Annapolis First Baptist Church,First Baptist Church,-90.69328493,37.36015689,29,2901270,Annapolis
church_overture:a23cc5d9-f589-4dd4-892e-46cadc03fb62,First Baptist Church,,-91.48824762,39.31042696,29,2975688,Vandalia
church_overture:a242a93d-c041-4001-a880-a332edaa2608,First Baptist Church of Kelford,,-77.21822269,36.18173888,37,3735360,Kelford
church_overture:a243698e-84da-4b86-961a-02c6572dda52,First Baptist Church of Attica,,-83.16414986195252,43.046698444656826,26,2604020,Attica
church_overture:a24e2b13-980c-46b2-84b5-e83a5335573e,First Baptist Church,,-112.72100594,46.41271986,30,NA,NA
church_overture:a25c19c4-cd3e-4804-a5ea-737b64585f30,First Baptist Church,,-81.450136509334,35.174508147227,37,3728400,Grover
church_overture:a25f2ed9-1479-44d7-8485-748c8042b9b8,First Baptist Church,,-74.26024201,40.74420111,34,NA,NA
church_overture:a27e6e1b-7e46-4d11-9ccf-a2ac3413aa9f,First Baptist Church,,-77.45481972,37.38177581,51,NA,NA
church_overture:a2844f77-ded8-4d13-94ab-f4d38ad86c20,First Baptist Church,,-78.8969369,35.99689664,37,3719000,Durham
church_overture:a289d8b0-5bb4-4a67-94ee-5c8c7f124069,First Baptist Church,,-97.473193,31.658987,48,4874732,Valley Mills
church_overture:a2937cff-a042-4389-96a9-2fc20cdb36c2,First Baptist Church,,-77.15508223,38.92016371,51,5148376,McLean
church_overture:a298102b-619b-415b-b31d-2705092b6934,First Baptist Church,,-94.93829109203398,31.487269520873145,48,4877176,Wells
church_overture:a2a6ec18-74cf-4718-bf07-f9ddeaf65548,First Baptist Church,,-105.217167,35.595556,35,3539940,Las Vegas
church_overture:a2abbcf1-1a07-4c2f-8691-b5cc30da0f92,First Baptist Church Brighton,,-83.76838404,42.51176052,26,NA,NA
church_overture:a2ad8fb2-ee87-4f8b-83c7-a98e69640a9c,First Baptist Church,,-87.27244188,38.04815448,18,1806616,Boonville
church_overture:a2b21a53-29cd-442c-912b-29bacd7599ed,First Baptist Church,First Baptist Church Family Life Center,-92.4077206,31.5261113,22,2261580,Pollock
church_overture:a2c4b8ae-d782-4a81-bdb3-c199dc40b11b,First Baptist Church,,-96.96696726302223,34.50680034620799,40,4071350,Sulphur
church_overture:a2ca964e-7886-4426-8609-a73d24375e35,First Baptist Church,,-84.103196,32.555898,13,1364876,Reynolds
church_overture:a2cc9239-7968-4d16-8dd0-a0ad40f01368,First Baptist Church of Buchanan,,-85.17074037,33.80101212,13,NA,NA
church_overture:a2e684da-6386-4255-a122-9b0a96c067b8,First Baptist Church,,-93.78968272,45.30178828,27,2743774,Monticello
church_overture:a2e92f36-6bd8-49de-b7ba-f6942182eedb,First Baptist Church,,-122.07046657,37.91065541,06,0683346,Walnut Creek
church_overture:a3083604-6f9d-41d4-a926-9a6051928d96,Gary First Baptist Church,,-87.345183,41.580873,18,1827000,Gary
church_overture:a3101208-bdf5-4f4b-8bfb-e752acdd7510,First Baptist Church of Whitney,,-97.32358287,31.95109251,48,4878664,Whitney
church_overture:a3131a57-58ef-4267-860d-d39d646f289b,First Baptist Church of Bolingbrook,,-88.05726247,41.69952354,17,1707133,Bolingbrook
church_overture:a33ce3f8-e9b8-48c5-87d6-eb70b871da6d,Hapeville First Baptist Church,,-84.40944433,33.65661641,13,1336472,Hapeville
church_overture:a346902c-593f-4bbf-8571-88d1eecd8ab8,First Baptist Church,,-78.09931623,34.99985902,37,3771160,Warsaw
church_overture:a34980ec-435c-4005-a71a-0d2d2eeec0e6,First Baptist Church,,-91.22417343,29.69646586,22,2207100,Berwick
church_overture:a3538d5f-00b2-4135-b4c4-e174338601d2,First Baptist Church,,-75.40363602,38.70583646,10,1029090,Georgetown
church_overture:a3544d35-4662-479c-a26f-8c763882ea36,First Baptist Church,,-98.03383452,31.97995499,48,4833548,Hico
church_overture:a35a925c-1f88-40d2-b604-62730d56838c,First Baptist Church of Port Allen,,-91.26526173,30.4615664,22,NA,NA
church_overture:a35ae1db-4a16-4149-82bc-224742e952ae,First Baptist Church Belzoni,,-90.48951525922577,33.185197671501705,28,2805140,Belzoni
church_overture:a35b208e-4266-4964-8ff2-fad14dd89de1,First Baptist Church,,-90.48111867,41.55179348,19,1906355,Bettendorf
church_overture:a36ef410-a77d-4456-902f-f833fde8b34c,First Baptist Church,,-98.07185272,27.75245537,48,4801852,Alice
church_overture:a389fa26-7e23-49a7-a782-80e07a9436b4,First Baptist Church,,-75.39455937,42.31513354,36,3667334,Sidney
church_overture:a38c6ea6-4ce6-416b-bf06-5e8665787163,First Baptist Church,,-94.87235524,32.38536208,48,4839124,Kilgore
church_overture:a38d0598-ef97-40ad-81f8-cf6d6dbdfcb1,First Baptist Church,,-96.43486852,33.02520496,48,4841800,Lavon
church_overture:a38f7851-d6d5-4b68-b029-352c853e0a33,First Baptist Church,,-77.65764826,36.17638324,37,NA,NA
church_overture:a39083f4-4331-4701-bff4-5c284c8710d6,First Baptist Church of St. Johns,,-84.55141802,42.99650252,26,2670940,St. Johns
church_overture:a397ab0d-4964-4a8c-ad72-493ad5384160,First Baptist Church,,-77.24255779724339,42.10388142465373,36,3600276,Addison
church_overture:a39ac91f-26d5-4438-bd77-d843b96af5b6,First Baptist Church Fairforest,,-82.00670737,34.95780841,45,4524505,Fairforest
church_overture:a3ae4cf6-8cef-4db9-a957-71233155eedb,First Baptist Church,,-100.249718,35.217981,48,4867160,Shamrock
church_overture:a3b64b4f-932a-4523-9d8f-4c776fc23566,First Baptist Church,,-90.863779,40.552962,17,1706470,Blandinsville
church_overture:a3bc8d32-788d-4013-9c63-26e5853022c0,Clendenin First Baptist Church,,-81.35379828,38.48663145,54,5416012,Clendenin
church_overture:a3cb29d9-4167-4793-8bff-890924712067,Horse Shoe First Baptist Church,,-82.55645151,35.34178303,37,3732740,Horse Shoe
church_overture:a3debc81-3225-4e22-a8c8-2228628e5dac,First Baptist Church,,-83.3918054,42.21804339,26,2669420,Romulus
church_overture:a3ed815d-3885-46aa-88ac-0023b114fc39,Lancaster First Baptist Church,,-80.76736653,34.71791177,45,4539895,Lancaster
church_overture:a3f97374-d9c6-467d-90d6-3c4c81ab623b,First Baptist Church,,-96.83160235,39.02905075,20,2035750,Junction City
church_overture:a409d2b7-5a47-4463-8289-0b51384b88ac,Elmwood First Baptist Church,,-80.75745543,35.75546436,37,NA,NA
church_overture:a411c44c-7608-4fef-b38d-6d3193a024fe,First Baptist Church,,-90.15799881553824,41.449514627339596,17,1728846,Geneseo
church_overture:a4190a31-557d-4617-853d-6b315ef41cc3,First Baptist Church,,-104.52094137,46.41834873,30,3058450,Plevna
church_overture:a42f977a-970f-43ba-b1f4-7fafe14fa621,First Baptist Church,,-87.46299669291587,35.77826327351006,47,4712420,Centerville
church_overture:a43e6f30-4a77-407c-b061-472675bea835,First Baptist Church of Woodland Hills,,-118.62376464,34.17489782,06,0644000,Los Angeles
church_overture:a43fad50-f6bb-4112-a89f-0a64577327b0,First Baptist Church of Slocomb,,-85.5940505,31.1100601,01,0171040,Slocomb
church_overture:a449bf80-1abb-4895-bf24-67cd4eb95c9f,First Baptist Church,,-84.22935399,33.5444647,13,1373704,Stockbridge
church_overture:a450d616-3a11-4aae-83d8-66706e0e2cb2,First Baptist Church,,-82.29991269,35.91777433,37,3709140,Burnsville
church_overture:a4560605-7c05-4be9-98b3-69270070753d,First Baptist Church of Saint Marks,,-84.291134450043,30.432546250016,12,1270600,Tallahassee
church_overture:a45f284a-d0ca-4324-88a7-39cbf0e65842,First Baptist Church of Bunker,,-91.21109919,37.45659563,29,2909694,Bunker
church_overture:a4647a35-9aa0-48e0-999c-698b18056ef0,First Baptist Church,,-93.72986805,38.13919377,29,2944282,Lowry City
church_overture:a490ff7e-b974-4155-ab79-508d42fca82d,First Baptist Church-benbrook,,-97.464364,32.67686,48,4807552,Benbrook
church_overture:a4912763-e5b4-4d2d-b720-1fb33317d55f,First Baptist Church,,-117.897872,48.535999,53,5314170,Colville
church_overture:a496ce0e-a50c-4ac1-97db-eaeb50ce321f,First Baptist Church,,-90.008856,39.888013,17,1702505,Ashland
church_overture:a49e1d6c-0eb6-4f7b-b2e6-2a4552d622f9,First Baptist Church of Holliday,,-98.481837,33.904436,48,4879000,Wichita Falls
church_overture:a4add775-34ae-44a2-bb13-26f34496e790,First Baptist Church of Kahoka,,-91.721193,40.416231,29,2937790,Kahoka
church_overture:a4af1ab4-172a-408e-b680-fddd015e01d4,First Baptist Church,,-94.34940415,35.09134589,05,0545500,Midland
church_overture:a4b3d6c0-df4e-4cff-bf94-e5eb36f469f0,First Baptist Church Dothan,,-85.39645581,31.22495894,01,0121184,Dothan
church_overture:a4c04cf1-be61-41fd-a15c-89f57266ae65,First Baptist Church,,-83.38266842,39.35243755,39,3932088,Greenfield
church_overture:a4ca7fb0-457a-4e4c-a068-79cda088061b,First Baptist Church,,-75.974721,43.00346,36,3645018,Manlius
church_overture:a4d875ae-4acf-40d6-9de6-d78f13be099d,Petal First Baptist Church,,-89.218483,31.3492947,28,2856800,Petal
church_overture:a4ee3f9a-071e-4ad8-9658-8ea592ff6ee1,First Baptist Church,,-122.93417004,46.12224289,53,5340245,Longview
church_overture:a4ef109b-21dc-4187-bf12-a852d3f616eb,First Baptist Church,,-97.84605761,28.81384853,48,4838860,Kenedy
church_overture:a4fd8ad6-9cef-469a-974e-93e600942bf9,First Baptist Church,,-118.0630593,33.80178947,06,0643224,Los Alamitos
church_overture:a4fdbe17-5e37-4d5c-9b90-a7fd7cf00b47,First Baptist Church of Marion,,-82.01000136,35.68537567,37,3741420,Marion
church_overture:a4fdc800-b7f3-4288-a3ea-69fe907077b7,First Baptist Church,First Baptist Church of Hastings,-98.39130588,40.58732908,31,3121415,Hastings
church_overture:a50e21d3-8c49-4d31-888b-cc1e80e28e2f,First Baptist Church of Pierson,,-81.46598548,29.23589836,12,1256425,Pierson
church_overture:a51647b1-2888-40db-9322-bc8ea79e475d,First Baptist Church Bovina,,-102.88718791,34.5171977,48,4809628,Bovina
church_overture:a519bf08-28af-448f-9871-899162d2cb34,Van Buren First Baptist Church,,-91.01384546,36.99655718,29,2975580,Van Buren
church_overture:a51cd12b-7543-445a-8be6-80a4ac5e2f54,First Baptist Church,,-94.44063470785979,42.72698940594878,19,1930945,Gilmore City
church_overture:a51e0d0f-d911-4385-8fc7-d1dfb9e60e38,First Baptist Church of Belle Chasse,,-89.99449613,29.84515231,22,2206120,Belle Chasse
church_overture:a52770de-92fa-49db-b96f-3d34c0888a3b,First Baptist Church of Enfield,,-72.56037539,42.02334982,09,NA,NA
church_overture:a52d320c-19bf-49a3-9be0-19a0b1c8ced9,First Baptist Church Of Dunnellon,,-82.465948,29.054763,12,1218675,Dunnellon
church_overture:a5318ee7-3084-49c6-add0-fa330a3e0bc1,First Baptist Church of Mayflower,,-92.42426044,34.95707672,05,0544750,Mayflower
church_overture:a5346e2d-63ed-4710-9fbb-d2ecb108597e,First Baptist Church,,-94.99987,30.49876,48,4867424,Shepherd
church_overture:a53791fd-b3e5-4d49-b2b6-06595c4b2826,First Baptist Church,,-80.74349972472756,40.018545998619146,39,3905074,Bellaire
church_overture:a5383453-af89-43a8-9464-12842746cccd,First Baptist Church of New Port Richey,,-82.70074982,28.22316573,12,1248500,New Port Richey
church_overture:a539129e-b2dc-43fe-aacf-311206158f9e,First Baptist Church,,-99.26145308,33.59172839,48,4866968,Seymour
church_overture:a53a92dc-b9cc-4869-9414-4e11b7bddcca,Browning First Baptist Church,,-93.1656021,40.03539133,29,2908884,Browning
church_overture:a53ef888-f0b4-46fb-9e89-253cb9453e38,First Baptist Church,,-116.82154241,43.97491475,16,1656980,New Plymouth
church_overture:a54407aa-1134-4675-89a0-9cea063133d4,First Baptist Church of Holliday,,-98.68900097,33.81245931,48,4834532,Holliday
church_overture:a5445b92-1477-4f11-89ee-3509277046a1,Woodland First Baptist Church,,-122.73615615,45.91796687,53,5379625,Woodland
church_overture:a54ccdfe-45c2-4b33-bdad-f21e4744fd11,Grace First Baptist Church,,-71.68379401,42.41624541,25,2514430,Clinton
church_overture:a54ee6d7-2e92-4b7e-8de5-f460beb898a0,Ridgetop First Baptist Church,,-86.76893031,36.39700107,47,4763140,Ridgetop
church_overture:a5573328-de13-46e7-ade3-14a5c16031e5,First Baptist Church,,-86.74460762,31.63675876,01,0129560,Georgiana
church_overture:a55c5288-6ae4-4b00-b0ef-12039ebfdc0b,First Baptist Church,,-78.11130628,35.94549692,37,3764160,Spring Hope
church_overture:a5648194-ae24-4062-9bc9-dfcd0005c3f3,First Baptist Church of Hartwell,,-82.93709243,34.35366549,13,1337144,Hartwell
church_overture:a57470c5-e57d-415c-887b-6505d191e1c9,First Baptist Church,,-80.87629159,35.77998095,37,3764740,Statesville
church_overture:a57a6cde-14fb-4231-a765-0eda59c6f213,First Baptist Church South Beloit,,-89.038471,42.464213,17,NA,NA
church_overture:a57a7f4a-e1e1-4283-a496-c31f56e27d1a,First Baptist Church,,-90.42918441,38.96934503,17,1730653,Grafton
church_overture:a583d3bb-1995-498a-bd4c-47f3dff7e050,First Baptist Church of Prescott,,-93.37942903,33.80135734,05,0557260,Prescott
church_overture:a58525cf-e720-4d44-b39a-f3efd916a9f5,First Baptist Church Bartlett,,-89.8748192,35.20176964,47,4703440,Bartlett
church_overture:a5890245-6336-4165-9ba4-e5bbae7987d0,First Baptist Church,,-94.85279581,36.74848834,40,4024900,Fairland
church_overture:a591079f-4577-4904-84eb-e84df409dc23,First Baptist Church,,-94.78873325,38.14532789,20,NA,NA
church_overture:a5965762-53b2-4b2b-ac72-46553d79b361,First Baptist Church,,-71.150495,43.19482,33,NA,NA
church_overture:a5a47020-72f3-453b-aadc-244a12fd6f73,First Baptist Church,,-89.067005,41.283405,17,1755353,Oglesby
church_overture:a5acc50c-d5f7-46c2-9d8a-64da947370c2,First Baptist Church,,-116.56714861653165,48.269727127529755,16,1672100,Sandpoint
church_overture:a5c7e9df-6488-4d18-9cba-f03a9ebbd19a,Troy First Baptist Church,,-90.969191,38.951294,29,NA,NA
church_overture:a5ca140e-db61-42a1-9dd2-d39be72e6c59,First Baptist Church,,-93.00271558,38.70172807,29,2955478,Otterville
church_overture:a5d21dfe-17d6-4152-89d7-d8a171f6a2fa,First Baptist Church,,-89.44574877,34.76789403,28,2833100,Holly Springs
church_overture:a5e63c8b-3e50-4be7-a5c0-5cd393de5269,First Baptist Church,,-96.89423751886667,31.307788396035427,48,4846740,Marlin
church_overture:a5e777a8-63e3-4a6c-a391-8f229849645f,First Baptist Church,,-70.36086602782414,43.67716724252805,23,2382105,Westbrook
church_overture:a5ee79e6-2724-4cb9-a8ae-17aa9a345317,First Baptist Church Of Newman,,-121.028278,37.319658,06,0651140,Newman
church_overture:a5f78bd0-f457-487d-8b51-e9e62b49c31b,First Baptist Church of Warren,,-94.407744,30.614304,48,4876564,Warren
church_overture:a5f94aa1-9ed1-4a8d-bb7a-523feec7398f,First Baptist Church,,-87.87977804,30.67340462,01,0171976,Spanish Fort
church_overture:a5fa1d23-0601-413b-9b38-2fdd69c5028e,First Baptist Church of Mountain Pine,,-93.17668,34.57096,05,0547450,Mountain Pine
church_overture:a60252d6-49f7-4034-ab99-0701ace3ad43,First Baptist Church,,-96.21977504,32.42952811,48,NA,NA
church_overture:a6097bef-83e5-49b8-9046-e4361a45733c,First Baptist Church of Brighton,,-90.1449414,39.04166393,17,1708264,Brighton
church_overture:a60a9bad-e2b5-4e17-8d3e-08ca3573577f,First Baptist Church,,-83.424646,41.652687,39,3958730,Oregon
church_overture:a6101cdb-68e0-42d4-a99e-a0fda87149bb,First Baptist Church,,-94.071913,39.003377,29,2903556,Bates City
church_overture:a614418a-cbf5-47a6-a315-d6dd280b9540,First Baptist Church,,-95.13145736,35.51274741,40,4079650,Webbers Falls
church_overture:a631de6f-6096-408a-b200-3062c5f46421,Kuttawa First Baptist Church,,-88.13164295,37.06168661,21,2143264,Kuttawa
church_overture:a63298ae-e39d-4366-8c3f-217914360773,First Baptist Church,,-83.75764196339334,40.36081643621715,39,3905130,Bellefontaine
church_overture:a63b89be-0d06-4c0b-ac34-deebc82f7917,First Baptist Church Lyman,,-82.12190023,34.94874715,45,4543315,Lyman
church_overture:a64d1b5b-de0d-4314-8fe3-dd7e80b71488,Montevallo First Baptist Church,,-86.86310741,33.1000979,01,0150312,Montevallo
church_overture:a64f0efd-29e4-4306-be5a-a8efe9cb9667,First Baptist Church,,-72.79338464,41.53305794,09,0946450,Meriden
church_overture:a65055b1-50c5-4aa6-810a-25f5d7053e5b,First Baptist Church,,-91.90057472,37.91765061,29,2951716,Newburg
church_overture:a65427ee-5bf5-4ed5-b77c-bb0b22f4b3a8,First Baptist Church East Side,,-95.51541708209011,35.4713013599164,40,4013650,Checotah
church_overture:a65c9672-675b-410b-adb1-298bc980c4e9,First Baptist Church,,-86.93106649,33.44155065,01,0107000,Birmingham
church_overture:a665035e-06b6-469b-811c-4c10dc934dc9,First Baptist Church of Bostonia,,-116.93571992,32.80937574,06,0621712,El Cajon
church_overture:a687fd0b-19fd-41ea-944f-6bf78a102a69,First Baptist Church,,-97.48702326,33.01011456,48,NA,NA
church_overture:a68c7fa3-013a-4b42-ae6b-11dcdd9e7ca1,First Baptist Church,,-84.74138354,30.56942922,12,1227550,Greensboro
church_overture:a695c31e-0e4f-40d3-9a4a-935cbeae790a,First Baptist Church,,-87.44860358,39.46330506,18,1883384,West Terre Haute
church_overture:a69a3a4c-f626-4b26-a021-336cb4a5bd01,First Baptist Church,,-98.02999225,37.15506985,20,2001975,Anthony
church_overture:a6ab529a-b0bf-4e57-b613-932847cae608,First Baptist Church,,-92.8003893406458,39.42305371181817,29,2965450,Salisbury
church_overture:a6b11831-0015-48ac-b5d0-fcf12b846c42,First Baptist Church,,-89.804713,33.777394,28,2829460,Grenada
church_overture:a6cd911b-f0b7-4f05-9c04-2069f638d197,First Baptist Church,,-132.95085909,56.8118391,02,0260310,Petersburg
church_overture:a6d137c8-d5da-4507-b57f-d347fbccefc3,First Baptist Church,,-80.737264,28.324856,12,1261500,Rockledge
church_overture:a6d4d443-e58e-49dc-a5a4-5c57fad4cee8,First Baptist Church of Shannon,,-85.0802853,34.3438339,13,1369868,Shannon
church_overture:a6d67976-4edf-45e8-8666-460a4db42005,First Baptist Church,,-84.28273843,44.88401564,26,NA,NA
church_overture:a6d70fa3-6216-436e-a85a-8340f42687f4,First Baptist Church,,-84.44391482,31.77650786,13,1321912,Dawson
church_overture:a6f11de3-2ff9-48ad-8d57-eb6e052800a8,First Baptist Church of Perris,,-117.22374006,33.78126202,06,0656700,Perris
church_overture:a6f77217-764e-40fd-bd96-12267d083076,First Baptist Church of Folsom,,-90.18459732,30.62933051,22,2226140,Folsom
church_overture:a70947b1-301c-46f4-8f3e-8c8928859655,First Baptist Church,,-95.31301418,29.6913501,48,4835000,Houston
church_overture:a70aee7a-67d4-42f4-a3e4-e637db50e527,First Baptist Church,,-94.25712825,35.21273303,05,0528780,Greenwood
church_overture:a70e2e81-e736-4cb9-b9b2-ea643ba0c21d,First Baptist Church,,-71.978249,42.55577363,25,2525485,Gardner
church_overture:a710edea-047e-4e13-8884-a1d4c2ed7dd8,First Baptist Church,,-87.83105734,42.36522889,17,1779293,Waukegan
church_overture:a7113b76-3d5d-49b5-a3d5-d069ab4cff3e,Kevil First Baptist Church,,-88.88497585,37.08683226,21,2142292,Kevil
church_overture:a71db5d0-7026-4faa-b28b-822e75be37b5,First Baptist Church,,-86.84244072,34.17186911,01,0118976,Cullman
church_overture:a728cdd9-8b7d-4842-a7f6-80103b96e3f3,First Baptist Church of Fulton,,-87.77034666,31.699106940002,01,0132080,Grove Hill
church_overture:a7374491-2bff-48c2-829c-b81268416f9f,First Baptist Church of Laurel,,-108.78071331,45.67271575,30,3042700,Laurel
church_overture:a7387bce-5dbc-4f16-88a1-8eda4a98a5f2,First Baptist Church,,-79.2871138,33.3716138,45,4528870,Georgetown
church_overture:a740083b-b18b-49e8-a2ce-db927a379bbb,First Baptist Church,,-102.40975096,34.23417116,48,4821928,Earth
church_overture:a7473036-9dd0-4bb5-be7b-b9ec9e35b810,First Baptist Church,,-79.43324116,36.1042522,37,3709060,Burlington
church_overture:a7477d58-4a8b-42ff-8901-a2458c90edeb,First Baptist Church,,-98.90537026,32.75329762,48,4810132,Breckenridge
church_overture:a74d24e5-d2fa-4988-8713-dc6f090c9e22,Cedar Rock First Baptist Church,,-78.13806017,36.0949143,37,NA,NA
church_overture:a7521c8c-2f55-4099-8c6b-38def49a1173,First Baptist Church of St Meinrad,,-86.81188992847166,38.171194889783486,18,1867176,St. Meinrad
church_overture:a753d769-2beb-4b68-9031-bd7df9a42b25,First Baptist Church Of Wisconsin Rapids,,-89.83458395,44.39671819,55,5588200,Wisconsin Rapids
church_overture:a76c23fd-79e9-4b85-bbfe-1643c5fb04de,First Baptist Church Of La Crosse,,-91.23849045,43.81185933,55,5540775,La Crosse
church_overture:a780b676-c1c9-464d-8c85-c609f1186f69,First Baptist Church,,-82.68311572,35.7973791,37,3741580,Marshall
church_overture:a780d5c8-452d-4ab2-9b7d-c3369b38a496,First Baptist Church,,-88.983832,41.689339,17,1758226,Paw Paw
church_overture:a793de79-4da5-4a10-84d3-42d8d94b4402,First Baptist Church,,-100.43551989,31.4640706,48,4864472,San Angelo
church_overture:a7a0464f-3705-41bd-b3a8-89e5c5861ba5,First Baptist Church of Prunedale,,-121.665357,36.775964,06,0658870,Prunedale
church_overture:a7a049c6-833c-490c-918a-6c29f35fc638,First Baptist Church of Park Ridge,,-87.850984,42.024298,17,1757875,Park Ridge
church_overture:a7a36c4e-ddc5-4986-99ae-d229b22b777e,First Baptist Church,,-98.37902007,35.72670025,40,4031250,Greenfield
church_overture:a7acda17-0ef4-42fb-b46a-06b9e6f95a7e,First Baptist Church,,-81.01277109152473,41.23447216097536,39,3985946,Windham
church_overture:a7aef967-638a-45e8-9c4b-164056939ec4,First Baptist Church of Oxford,,-75.97328122,39.78397794,42,4257480,Oxford
church_overture:a7b1ed09-d647-4cc2-bc2b-04c770a1e9e0,First Baptist Church West Portsmouth,,-83.036957,38.761548,39,3984140,West Portsmouth
church_overture:a7bcb190-7c07-4d55-b42f-c2761e80a4b3,Goodman First Baptist Church,,-94.40495938,36.73956461,29,2927874,Goodman
church_overture:a7c7a576-c0ed-493a-bb24-1465efe938d2,First Baptist Church of Wheatland,,-97.65206868,35.4001656,40,4055000,Oklahoma City
church_overture:a7d57e6d-5dcc-493b-8752-6660432ca442,First Baptist Church of Tryon,,-96.96247905,35.87166782,40,4074550,Tryon
church_overture:a7d62b36-3f59-4fdb-b810-80ca86504d27,First Bapt Church of Cheviot,,-84.638716,39.158968,39,3908602,Bridgetown
church_overture:a7d8741c-ef78-463b-aee9-7dceaf6db185,First Baptist Church,,-75.04924409159715,39.95449763301752,34,3445510,Merchantville
church_overture:a7e46caf-73f2-4956-a689-c70c2473502c,First Baptist Church of Spring Hill,,-86.92553378,35.75784783,47,4770580,Spring Hill
church_overture:a7eba62c-accd-442e-bd63-6c526c949685,First Baptist Church,,-122.26964789987419,37.811276292066935,06,0653000,Oakland
church_overture:a7fa7a90-5280-49b0-9a77-2e15cee48443,First Baptist Church Locust Grove,,-84.112473,33.351248,13,1347140,Locust Grove
church_overture:a7fcf1f5-85f1-4c1e-a802-4b6ab746fcff,First Baptist Church,,-101.24139605,33.65748346,48,4817768,Crosbyton
church_overture:a804a95e-4599-483f-ad66-16df79cab1ad,First Baptist Church,,-79.59065387573125,40.099256441986604,42,4268432,Scottdale
church_overture:a80a3bae-25a0-4b67-a506-e543c82f448a,Shelbina First Baptist Church,,-92.04157355,39.69313083,29,2967178,Shelbina
church_overture:a80df7c8-4b51-4ac7-a6d5-9e7b0ceb98ee,First Baptist Church Of Raleigh,,-78.6409492,35.7810614,37,3755000,Raleigh
church_overture:a81896ae-76cd-4ef3-9377-c2aaf0219fc3,First Baptist Church,,-93.37244,43.64949,27,2700694,Albert Lea
church_overture:a81fc742-ea71-4175-b768-3f3923d4af46,First Baptist Church,,-91.82742821,31.76935809,22,2233210,Harrisonburg
church_overture:a829c77c-611a-40fd-92b9-0a537f889a7e,First Baptist Church,,-100.7131651,47.48979528,38,3852340,Mercer
church_overture:a82e9ce3-7a00-4717-929b-fabd15065caa,First Baptist Church,,-90.4630099,31.2838556,28,2871480,Summit
church_overture:a84935a1-491a-4383-bf08-5f1d7cec29fc,First Baptist Church,,-114.09503205,36.79583973,32,3246000,Mesquite
church_overture:a856fd6c-9b80-4f5f-b129-2c286f599bc3,First Baptist Church Sun Lakes,,-111.876731,33.217116,04,0470530,Sun Lakes
church_overture:a86071cb-9c61-4b8b-9af7-e5c3630ac699,First Baptist Church Gulfport,,-89.02481628,30.4624256,28,2829700,Gulfport
church_overture:a8687aed-e5e6-41bd-ba7e-d955bde7f72d,First Baptist Church,,-86.19579212,43.07530781,26,2675820,Spring Lake
church_overture:a86f2d93-9d03-44d0-af7d-d75ce66ac4da,Magnolia First Baptist Church,,-97.73814675,31.10587757,48,4839148,Killeen
church_overture:a8775bbc-0d9f-4378-adff-72bfd3801180,First Baptist Church,,-74.68576294591799,41.37662407005533,36,3659388,Port Jervis
church_overture:a879661b-b10a-48b2-a22b-95faa8001fd0,First Baptist Church of McDonald,,-80.23511371,40.37014815,42,4246072,McDonald
church_overture:a88c25f3-d7d1-435e-92e0-32c4b9266ea7,First Baptist Church of Arnold,,-90.389922,38.4371104,29,2901972,Arnold
church_overture:a8a31e9a-c09d-43c7-acdc-c3b803ba5606,First Baptist Church of Cusseta,,-84.7761765,32.306889,13,1321017,Cusseta-Chattahoochee County
church_overture:a8a98806-2f60-4078-bd07-30c81454fdd2,First Baptist Church,,-90.32841505370264,47.759770009764395,27,2724992,Grand Marais
church_overture:a8b1d34c-15e0-4c15-850c-ed371d925165,First Baptist Church of Central Valley,,-122.36501206,40.68184079,06,0671225,Shasta Lake
church_overture:a8c80edc-c8ef-4f74-a234-797a1b87a9e1,First Baptist Church,,-92.08643928,41.45293345,19,1974055,South English
church_overture:a8c83161-6e41-409c-82be-3fa9d5cf7fb4,First Baptist Church,,-96.99914419,30.65720477,48,4862672,Rockdale
church_overture:a8d38cdc-6794-46ea-b5e6-eaca6b085c27,Hahira First Baptist Church,,-83.37342482,30.99297664,13,1336052,Hahira
church_overture:a8da7f08-2373-442c-8f37-ab08f669244d,First Baptist Church,,-76.50104912,37.08925978,51,5156000,Newport News
church_overture:a8db66e6-6000-4e6d-b552-bc91f2f545ff,Minor Hill First Baptist Church,,-87.157475,35.052624,47,4749360,Minor Hill
church_overture:a8e7e7b3-db54-4a92-b3d4-c03f53edefbf,Beulah First Baptist Church,,-86.60846299,30.41441447,12,1224475,Fort Walton Beach
church_overture:a8e808f4-6f6e-4262-a638-3a7feb9cf652,Arlington First Baptist Church,,-80.83005564,36.22373111,37,3734840,Jonesville
church_overture:a8f4317b-7651-48c5-a3b6-ae4c7858f830,First Baptist Church,,-80.2094479,26.12292168,12,1257425,Plantation
church_overture:a903fb33-462b-4cdc-8dfd-c18ebe68fed7,St. Louis First Baptist Church,,-96.85699017576547,35.073580568895856,40,4064850,St. Louis
church_overture:a90744fc-5deb-46b2-8efe-77794b86cee7,First Baptist Church,,-102.98558617,41.14321773,31,3145295,Sidney
church_overture:a91e6c74-9be3-4788-8ae5-967047c7465d,First Baptist Church of Moravia,,-76.41701382,42.71085363,36,3648296,Moravia
church_overture:a91f62ef-5cb5-456c-a3dd-6f7b5135deab,First Baptist Church,,-92.032083,35.493227,05,0531090,Heber Springs
church_overture:a936a6dc-cfc8-4877-9d92-e1ca6b0f561a,First Baptist Church,,-91.67185591,47.03348994,27,2765956,Two Harbors
church_overture:a93911c0-5da9-42e0-8640-9bbd567b9536,Mount Moriah First Baptist Church,,-120.64445495,36.97649619,06,0672954,South Dos Palos
church_overture:a943b867-0455-4b49-bc0c-7a3af2806d03,First Baptist Church of Evening Shade,,-91.62285388,36.07134177,05,0522360,Evening Shade
church_overture:a9484a2e-c6e2-4118-90fb-a0713456a3ec,First Baptist Church,,-102.14577612,34.18353551,48,4854012,Olton
church_overture:a98582f7-86e8-448b-b01c-530e7fa5c55d,First Baptist Church,,-87.12233143,37.29540163,21,2113978,Central City
church_overture:a98785d4-d4ec-44e4-815f-4677af478252,First Baptist Church of Gough,First Baptist Church,-82.23022675,33.24042988,13,1343360,Keysville
church_overture:a987a82f-77b3-439d-8a05-ddb95e6cb980,First Baptist Church,,-83.653142,37.437835,21,NA,NA
church_overture:a9920dfa-88b5-4451-8dce-5b58d18cefcf,First Baptist Church,,-74.93067869,39.73275144,34,NA,NA
church_overture:a99ffb75-46f5-4dac-9f8a-b6633bbaf769,The First Baptist Church of Medford,,-71.105278,42.419659,25,2539835,Medford
church_overture:a9a2f359-7730-405a-bc65-2e48c4479c19,First Baptist Church,,-99.46895144,29.32274878,48,4864004,Sabinal
church_overture:a9a9c7aa-5df2-48e6-8af8-72594b3e12e7,First Baptist Church,,-75.90795831,43.97432882,36,3678608,Watertown
church_overture:a9b4bb35-aee5-421c-bdfe-99af77e44d83,First Baptist Church,,-96.67604713,35.24030259,40,4066350,Seminole
church_overture:a9c25e70-92ce-461b-b2ba-27a6433d8f74,First Baptist Church,,-95.70599767,36.44653873,40,4055750,Oologah
church_overture:a9c629d3-a0f2-45cd-ba80-1cda2708ee6f,First Baptist Church,,-96.66244275,36.77864558,40,4067200,Shidler
church_overture:a9d6b1d9-4f50-4f3a-9b17-54617c5cbdf8,First Baptist Church,,-96.93626519,35.25528354,40,4072650,Tecumseh
church_overture:a9de1766-2628-4ed2-a1d5-8e02f54c48bb,First Baptist Church of Three Mile Bay,,-76.19794353,44.08203634,36,3673737,Three Mile Bay
church_overture:a9e05d4e-87f6-400b-be72-28ddc04ed062,First Baptist Church of St Ann,,-90.37684887,38.72573905,29,2963956,St. Ann
church_overture:a9f5b1fe-0c98-4db2-903d-639bdbc62536,First Baptist Church of Livingston,,-90.74950794502269,30.498680844008184,22,2244655,Livingston
church_overture:a9fd5999-039c-40c4-bdf8-4ca862a32f79,First Baptist Church,,-82.12835325,37.66743095,54,NA,NA
church_overture:a9fdb628-e325-4698-9c6d-e42c76eace93,First Baptist Church,First Christian Church,-91.56903295,35.31160569,05,0503280,Bald Knob
church_overture:aa0bbd7f-4715-4634-9b39-6d360d3e4441,Cottonwood First Baptist Church,,-85.302139,31.054945,01,0117824,Cottonwood
church_overture:aa16d5d2-cad4-4152-99d8-417aca907807,First Baptist Church,,-89.892174586812,38.582694330872,17,1755249,O'Fallon
church_overture:aa28aa38-7e70-4d27-8174-b11a36aa9995,First Baptist Church of Swartz,,-91.99156496,32.57932433,22,NA,NA
church_overture:aa2b166d-ad17-4890-bd57-7e800d720a57,Rainsville First Baptist Church,,-85.84682018,34.49737281,01,0163336,Rainsville
church_overture:aa2efe16-5fd3-4dcb-90e4-f91c8bca5920,First Baptist Church of Englewood,,-104.9873141,39.65887874,08,0824785,Englewood
church_overture:aa355b6c-4cbb-4148-ba2e-899650420677,First Baptist Church,,-82.96474921,41.30434767,39,3916308,Clyde
church_overture:aa37339e-1381-4381-aa1e-599f214c5b16,First Baptist Church,,-118.26145532,33.79111928,06,0644000,Los Angeles
church_overture:aa410e43-d25e-4b2d-a977-6537fea82126,First Baptist Church of Reeds Spring,,-93.38078588,36.74627093,29,2961112,Reeds Spring
church_overture:aa454d26-43cc-462c-b386-d2b589853712,First Baptist Church Of Norman,,-97.469136,35.222749,40,4052500,Norman
church_overture:aa54fb25-ff14-49f6-9492-4d0e2c9c1176,First Baptist Church,,-97.50144967479137,32.071977120261344,48,4839784,Kopperl
church_overture:aa573183-27c7-4d42-8c15-913d7b320842,First Baptist Church of Lewisville,,-97.02557315165352,33.05810325362238,48,4842508,Lewisville
church_overture:aa5d804d-7b71-4828-b08d-60bbb8da66db,First Baptist Church of Geronimo,,-98.38444,34.48089,40,4029100,Geronimo
church_overture:aa5ec76c-e8ae-4f16-8a6d-96b999012778,First Baptist Church,,-87.68497063,37.18684079,21,2120224,Dawson Springs
church_overture:aa6ae3fe-c2d4-481b-bbaa-e85f7ce74558,First Baptist Church of Dewey,,-95.93784697,36.8008079,40,4020550,Dewey
church_overture:aa7514a3-64c9-41f5-82d8-e13c6af5f425,First Baptist Church,,-95.9863342,35.44103413,40,4033750,Henryetta
church_overture:aa791f42-b945-4fd4-8036-1095e7480536,Kennesaw First Baptist Church,,-84.618074,34.025908,13,1343192,Kennesaw
church_overture:aa796f50-f03e-4e36-a9fc-d196c1f13bf4,First Baptist Church,,-89.49092465,44.21233081,55,5563150,Plainfield
church_overture:aa7b3d56-7ff8-4d81-ba1d-039851c183d0,First Baptist Church of Jericho,,-75.14062334,39.80723212,34,NA,NA
church_overture:aa7fc698-bff3-4c37-ba33-b70b93f80fd6,First Baptist Church of Millen,,-81.94665333,32.80509126,13,1351520,Millen
church_overture:aa823d10-bbf3-439a-833e-21a657443a1c,First Baptist Church,,-86.49315656,38.85691548,18,1804114,Bedford
church_overture:aa888d9f-7ec4-4d71-b709-e1ffa5971e78,First Baptist Church,,-82.262712,36.47392,47,4706960,Bluff City
church_overture:aa9ef963-1748-4c61-861e-d230dea28f2c,First Baptist Church,,-94.99263748,32.19868125,48,NA,NA
church_overture:aaa03347-a6c7-45a1-a4e5-293fffeb235d,First Baptist Church,,-101.64397211000001,33.43572986,48,4868180,Slaton
church_overture:aaa1ded2-dfe4-436f-bf47-cb964ca1e1e1,Midville First Baptist Church,,-82.23734444,32.82050422,13,1351240,Midville
church_overture:aaa8997d-0867-453f-ae63-658bcd5e07c0,West Odessa First Baptist Church,,-102.506782,31.839688,48,4877728,West Odessa
church_overture:aabaf74d-a96c-4589-b164-9d0489b62817,First Baptist Church-Grayson,,-83.9535686,33.8938837,13,1334596,Grayson
church_overture:aac09e1e-9334-4315-bce4-4ba162893e9e,1st Baptist Church,,-82.88505344374715,41.06555065918548,39,3902820,Attica
church_overture:aaceef69-49ff-4026-a835-f79efa0715c2,First Baptist Church,,-77.230976976399,34.90874780445897,37,3742100,Maysville
church_overture:aad421f8-ee34-4a7f-9329-6f3380b42b7e,First Baptist Church of Safety Harbor,,-82.70286479,27.9878496,12,1262425,Safety Harbor
church_overture:aadbcb7b-7d1a-42d6-b3ad-6e9ea8dfecc5,First Baptist Church of Belvidere,,-75.06664111,40.82844909,34,3404990,Belvidere
church_overture:aae2e83a-f490-48c9-8c56-d956f108413f,First Baptist Church,,-80.00032466,35.21263033,37,3744900,Mount Gilead
church_overture:aae51ea8-22eb-4c44-967a-557a96a5ba35,First Baptist Church Blooming Prairie,,-93.0540794,43.86695627,27,2706580,Blooming Prairie
church_overture:aae61d24-6cdc-4f0a-a6f5-b1d4b1b719b7,First Baptist Church,,-80.04713569,39.31599836,54,NA,NA
church_overture:aafd4869-22f0-4133-b6b3-291a2d6b8753,Adelanto First Baptist Church,,-117.416664,34.571462,06,0600296,Adelanto
church_overture:ab07ed0c-880e-4fc6-9b3d-bfce16ec2988,Sterlington First Baptist Church,,-92.05497290549782,32.684006290306904,22,2273255,Sterlington
church_overture:ab14b895-2dd7-409f-beca-31bcc5695f17,First Baptist Church of Bolivar,,-93.41242281,37.61583371,29,2906976,Bolivar
church_overture:ab23c4dc-8285-4332-8163-c226bd22ff9e,First Baptist Church,,-94.6137127,36.52394358,29,2969230,Southwest City
church_overture:ab2b445e-c1da-42d5-81dc-46089b455f09,First Baptist Church,,-90.65859862728105,39.88445580178246,17,1777720,Versailles
church_overture:ab304995-b49d-4d17-9c48-9baea7302410,First Baptist Church Calera,,-86.750389,33.098676,01,0111416,Calera
church_overture:ab3076ba-1e9a-4526-ad1c-f14410cfe2bd,First Baptist Church Olive,,-96.4770934275,36.027830419,40,4055350,Olive
church_overture:ab318f0b-ffba-445c-b4aa-f54326842e74,First Baptist Church,,-85.13219898,36.57026986,47,4710180,Byrdstown
church_overture:ab39b3d5-67c6-4e24-a5b4-0c98935bc8c9,First Baptist Church,,-89.16462,37.360306,17,1720305,Dongola
church_overture:ab39e84f-f0a4-43c8-a9f9-be47caa6829c,First Baptist Church,,-93.96556628,36.59104061,29,2977200,Washburn
church_overture:ab434ac4-c5f7-4678-9974-b000965e32f8,Pine First Baptist Church,,-90.01368062,30.9090302,22,NA,NA
church_overture:ab48789d-be1b-4479-9f5e-690a2ad40823,First Baptist Church,,-87.49801966,37.33269209,21,2149368,Madisonville
church_overture:ab599795-ed8e-4a39-9125-51ba4f78934b,First Baptist Church,,-91.79591245,33.22478774,05,0529500,Hamburg
church_overture:ab69168d-0fbb-4ea2-9eeb-9812a8339c25,Santa Clara First Baptist Church,,-121.98321815,37.34666177,06,0669084,Santa Clara
church_overture:ab695a48-83bf-451b-8b19-541767ed6981,First Baptist Church Grand Prairie,,-97.00106935638138,32.74670727444779,48,4830464,Grand Prairie
church_overture:ab71cf24-961f-4d61-a0da-eab69a543b9f,First Baptist Church Reynolds,,-84.09643621513092,32.55940640204801,13,1364876,Reynolds
church_overture:ab72e7e7-f180-44f5-a667-88d5f4b44b47,First Baptist Church,First Christian Church,-101.38242534,35.34750844,48,4854960,Panhandle
church_overture:ab76c3ba-ea55-4b6a-a7b1-8747e4268fad,Crestline First Baptist Church,,-117.28457149,34.24357838,06,0617162,Crestline
church_overture:ab794a33-0640-4e4d-b2ba-f9ee9def9164,First Baptist Church,,-91.39827568,33.62727958,05,0542770,McGehee
church_overture:ab8884f4-1ec4-4286-9429-7f76976cebc3,First Baptist Church,First Baptist Church Annex,-103.33996331,34.18418221,35,3559260,Portales
church_overture:ab88ebf4-3433-4aa0-8fc6-2f2d360aeb27,First Baptist Church,,-83.50885985,31.45708189,13,1376476,Tifton
church_overture:ab94c777-c10b-4379-ad59-92e97d8c3518,Greenwich First Baptist Church,,-82.51526902,41.04046388,39,3932368,Greenwich
church_overture:ab9589dc-1fec-4996-bdb1-3e3a8995e115,First Baptist Church of Rendville,,-82.090515715442,39.622338194723,39,3966222,Rendville
church_overture:abaf261f-3036-4708-a0f1-39a92c2f1478,First Baptist Church,,-75.11051609,39.69722789,34,3426340,Glassboro
church_overture:abb37e7f-535d-45bb-b8d5-2503df30d6e2,First Baptist Church of Delta,,-89.73574634,37.20466131,29,2919072,Delta
church_overture:abc09468-7d04-46f8-80e8-db8f6c1cb7fa,First Baptist Church,,-84.174298,37.993922,21,2183676,Winchester
church_overture:abc4b90c-ab34-4e3a-9b0f-12da1c2d18a1,First Baptist Church,,-90.91234668,34.55714922,05,0544420,Marvell
church_overture:abced07b-3718-4f1e-98f4-cbc36ad06fd3,Garrison First Baptist Church,,-83.176114,38.602182,21,2130232,Garrison
church_overture:abd114bc-c84a-499d-9305-d62be05744cc,First Baptist Church,,-95.08951097,39.78828456,20,2071575,Troy
church_overture:abd26169-8af3-410c-b5b3-ccd4d1b11d67,First Baptist Church,,-100.926496,37.040314,20,2039825,Liberal
church_overture:abed54a8-d68f-4748-8120-c4613810c8c4,First Baptist Church,,-118.35454567,33.95772659,06,0636546,Inglewood
church_overture:abf07aa4-71ae-4e96-86bd-f5a6392ae26e,First Baptist Church,,-71.00324033,41.89826781,25,NA,NA
church_overture:abf0f0d3-e49f-4952-90a7-0ba8b6befce3,First Baptist Church,,-89.45713494,39.42329849,17,1750543,Morrisonville
church_overture:abf5993e-bc3d-4c08-9731-d570f30dfa13,First Baptist Church,,-89.53616459,37.33738908,29,2911242,Cape Girardeau
church_overture:abf9ba95-4267-4a09-8e7d-00bfabf1fd78,First Baptist Church,,-103.72866726,44.37362999,46,4615700,Deadwood
church_overture:ac076040-07d5-495c-8b7a-fd279d8ea8a5,First Baptist Church,,-84.22198539,39.37356737,39,3973446,South Lebanon
church_overture:ac10dc0e-731f-4589-8649-e257c6d69486,First Baptist Church,,-96.48400587316291,43.008434441447584,19,1935265,Hawarden
church_overture:ac1548ad-acaa-4d03-b083-30d4fcf042b7,First Baptist Church,,-90.56266037,38.23400352,29,2932248,Hillsboro
church_overture:ac2505b8-d37c-4439-8374-55c6833c73f6,First Baptist Church of Gray Summit,,-90.81896843,38.48824798,29,2928918,Gray Summit
church_overture:ac265ed3-8f2d-4328-ac40-8fb65f9a1c4e,First Baptist Church,,-84.609938,43.406911,26,2671000,St. Louis
church_overture:ac3df691-e979-4d05-9d05-fbc786ec6373,First Baptist Church,,-76.93960811,37.04396753,51,5122160,Dendron
church_overture:ac40b9c1-3999-4c3a-8325-9e5d7e22466c,First Baptist Church,,-101.95671235,32.730952,48,4841164,Lamesa
church_overture:ac5177de-1115-4760-bf99-57b0dd96fcae,First Baptist Church,,-91.18390401,39.7869204,17,1760339,Plainville
church_overture:ac695561-cfc7-47f2-a770-1a92a7ac60d4,The First Baptist Church,,-96.61775883,33.20769239,48,4845744,McKinney
church_overture:ac714f11-de41-419b-b708-dd58903dff55,First Baptist Church,,-92.72631534,33.01516051,05,0536130,Junction City
church_overture:ac831db3-b612-4efd-a114-8bc686c9f7a1,First Baptist Church,,-98.54119972,28.91190956,48,4838116,Jourdanton
church_overture:ac9a3d2c-1f02-44b5-a4a5-e3c36a27e2d5,First Baptist Church of Donora,,-79.86222207,40.17881736,42,4219536,Donora
church_overture:ac9cffa3-cea6-435a-b4f4-e0cc35810cd9,First Baptist Church,,-83.719286,36.607203,21,2151924,Middlesborough
church_overture:acaae30f-5396-4faf-87d6-bf0a933d795b,First Baptist Church of Orchard,,-95.96677549,29.60301752,48,4854192,Orchard
church_overture:acb20d6d-22fd-4e8c-a2df-1d97ab968d3b,First Baptist Church,,-90.7292963,33.88182313,28,2849320,Mound Bayou
church_overture:acbd7712-d190-4a29-a3aa-dbef40d3fbe6,First Baptist Church,,-96.23570318,35.23140534,40,4080500,Wetumka
church_overture:acc3981b-800b-4e36-ac9f-e7c9ce361a00,First Baptist Church,,-96.92682507,36.22777797,40,4029400,Glencoe
church_overture:acce6d8a-15be-40f7-ab12-b2425a89fafb,First Baptist Church,,-94.42469789,30.90833102,48,4816048,Colmesneil
church_overture:acd1064e-0a65-4a86-ad52-0ff0bfbc682e,First Baptist Church,,-92.25842451,34.7622133,05,0550450,North Little Rock
church_overture:acd8e9a4-8cf1-42f9-b588-3427cae63c0d,First Baptist Church,,-122.66993063,39.02578337,06,0613966,Clearlake Oaks
church_overture:acde59ba-51a8-4457-9193-47d9250c19e9,First Baptist Church,,-119.3381696,36.2140772,06,0680644,Tulare
church_overture:acf03be3-95ea-4ffc-9425-7493f2000dd2,First Baptist Church,,-93.10893262,41.33193592,19,1942015,Knoxville
church_overture:acf226e1-255f-42c0-9c80-3600f956f431,First Baptist Church,,-96.78271,35.13766,40,4046900,Maud
church_overture:acf25abc-1a24-4149-8c3f-818a94a40322,First Baptist Church of Orange Park,,-81.71794925,30.16514607,12,1252125,Orange Park
church_overture:acfc312f-251f-4067-b750-56789162b670,First Baptist Church of Fort Atkinson,,-88.83564718,42.92290883,55,5526675,Fort Atkinson
church_overture:acfd15c3-ab59-4900-a5a7-fd6b0aada12b,Joanna First Baptist Church,,-81.81499927,34.41190044,45,4536790,Joanna
church_overture:ad0f01fb-26e9-4b39-80db-9a8785f17a37,First Baptist Church,,-101.17246657,35.57298082,48,4868120,Skellytown
church_overture:ad1262c8-ec5d-47ee-be1c-6cc76695b8f8,First Baptist Church,,-100.53975701,34.72437429,48,4847616,Memphis
church_overture:ad1fadd6-183c-46da-ae26-ab12a1a34b6a,First Baptist Church,,-86.94786029,38.43073344,18,1837782,Jasper
church_overture:ad264cdc-5ed0-442e-bd94-e3b0abab4b98,First Baptist Church,,-91.909576,34.146298,05,NA,NA
church_overture:ad281a3c-4e86-4b4b-9a55-7dadc3f4e983,First Baptist Church,,-93.99950449,36.96455241,29,NA,NA
church_overture:ad328f88-1425-43ed-a7c8-72858857db9d,First Baptist Church Of Stockton,,-121.301918,37.980119,06,0675000,Stockton
church_overture:ad35be37-31b4-4c1f-865e-099826860d14,Russell Springs First Baptist Church,,-85.065458,37.068636,21,2167494,Russell Springs
church_overture:ad3941de-6755-4e2e-abd7-8c9009509501,First Baptist Church,,-74.75977706,40.21162442,34,3474000,Trenton
church_overture:ad3a3e3e-4601-481b-b7fc-940de971b799,Lillington First Baptist Church,,-78.8245134,35.38361754,37,NA,NA
church_overture:ad3c311b-7a50-458e-964e-dbe317e5689f,First Baptist Church Highfill,,-94.539729,36.183999,05,0564370,Siloam Springs
church_overture:ad4d398b-6b02-49e1-8c52-8f6a1c7e3183,First Baptist Church,,-86.34007786,41.94750701,26,2607860,Berrien Springs
church_overture:ad4d9429-e0fe-4340-a2e7-0aba470efc1e,First Baptist Church Chataignier,,-92.37806619,30.52716635,22,NA,NA
church_overture:ad5660b5-e53e-43a7-a48f-e75c403fbfd2,First Baptist Church,,-122.31164304,37.53755221,06,0668252,San Mateo
church_overture:ad5aedb5-88b0-498f-9def-296e413c6c50,First Baptist Church,,-93.98120695,39.13472329,29,2978352,Wellington
church_overture:ad5edf36-cecf-46f5-9c67-63521c422a78,First Baptist Church Metropolis,,-88.7229852,37.17032819,17,1748645,Metropolis
church_overture:ad68e80f-fb0b-4b46-93ec-7bf7207f7994,First Baptist Church Of Oldsmar,,-82.652924,28.033536,12,1251350,Oldsmar
church_overture:ad6c10a0-8159-49ac-a7ce-fc0b247e5beb,First Baptist Church Lauderdale,,-90.04413574,35.12854452,47,4748000,Memphis
church_overture:ad7f4d20-349a-447a-aeea-50e762bb7ea2,First Baptist Church Of Indian Trail,,-80.633555,35.080372,37,3733560,Indian Trail
church_overture:ad8cdfd3-0b26-4aab-9cdb-be561c069f3a,Evergreen First Baptist Church,,-80.48333809,27.02699686,12,1233700,Indiantown
church_overture:ad94d74b-7f03-4a1d-aef5-c64fdaa6fbc2,First Baptist Church,,-119.02357553,36.06719919,06,0658240,Porterville
church_overture:ad992ff1-3bbf-4163-b0e2-6a3f08d8f490,First Baptist Church,,-81.28309848,35.28620676,37,3705220,Bessemer City
church_overture:adafc6ab-70bb-47c3-93bd-292d416c6fe3,First Baptist Church of Clemson,,-82.837227,34.684944,45,4514950,Clemson
church_overture:adb2f4f0-b0fe-41a9-a214-7a4e1f472474,First Baptist Church,,-84.46053435,32.60715446,13,1342800,Junction City
church_overture:adb5585b-43b1-45a3-8a9b-ccb32f2289fe,First Baptist Church,,-101.45957802,31.1962376,48,4808212,Big Lake
church_overture:adb6e0c0-5c10-4b5f-a5e2-03b7703d4485,First Baptist Church,,-105.18120175,48.11355375,30,NA,NA
church_overture:adbcfb04-8388-47f7-9bed-8e18cc004594,Vinings First Baptist Church,,-84.51082457,33.85233484,13,1371492,Smyrna
church_overture:add7c242-19d1-45c7-aae6-a5a08bff189d,First Baptist Church,,-82.34275528,27.79250502,12,1260950,Riverview
church_overture:add98954-5459-4c39-b535-d46fddc1794f,First Baptist Church Lawton,,-98.3956682,34.60660062,40,4041850,Lawton
church_overture:ade445cc-2fd8-4f35-9d54-619dc0c05c15,First Baptist Church,,-82.82702198,39.02863398,39,3904696,Beaver
church_overture:adf2ac38-3f10-4dd1-8ad4-c57c7c83e817,First Baptist Church,,-123.27337258,43.03426164,41,4150950,Myrtle Creek
church_overture:adf73334-7350-4fe3-ae1f-bc2cc755e01a,First Baptist Church,,-94.92928172,30.15691354,48,NA,NA
church_overture:adfb2d67-eb29-4f5c-9b68-4fe832ea7f2d,First Baptist Church,,-81.58938164,40.0259226,39,3910996,Cambridge
church_overture:adfe9dfd-cbcb-4c61-b8a1-66b4352a8b74,First Baptist Church of Marion,,-91.5822566,42.03875399,19,1949485,Marion
church_overture:ae0de64c-caf4-4166-b390-9e2ea3fd88e5,Greer First Baptist Church,,-82.22985628,34.93923302,45,4530985,Greer
church_overture:ae12602a-07b2-432d-a1e3-4791c66aba3e,First Baptist Church,,-85.097142,33.279795,13,1331292,Franklin
church_overture:ae155093-4d4c-4cfc-b614-fcbf17d9e8eb,First Baptist Church,,-93.04883009,36.19920144,05,0504900,Bellefonte
church_overture:ae1cdb1e-2849-43d4-a5b0-9910cf6b09b9,First Baptist Church of Jewett,,-96.14802621,31.36238888,48,4837648,Jewett
church_overture:ae28362b-b8d3-4a4c-af37-e44f90c39255,Roxie First Baptist Church,Roxie Baptist Church,-91.07342948,31.50731154,28,2864080,Roxie
church_overture:ae2cb56d-1b22-434c-89cc-65f3699d0089,First Baptist Church,,-85.14356002,31.89203918,01,0124568,Eufaula
church_overture:ae3eaa59-28fa-4b03-96dd-c048e4c1b044,First Baptist Church,,-88.55459582,30.36914919,28,2855360,Pascagoula
church_overture:ae444100-5875-4b3d-a455-2b9c65f30c14,First Baptist Church,,-79.6131129,40.32930426,42,4237784,Jeannette
church_overture:ae4507fe-8290-4d09-bed5-1cae6704920e,First Baptist Church,,-98.0563146,29.27314737,48,NA,NA
church_overture:ae490294-0ff8-4c1f-a6f5-604a07f412fd,First Baptist Church,,-74.14346566,40.77357939,34,3436510,Kearny
church_overture:ae5db5fd-4d7f-4608-a9c5-2244e4ab36a6,First Baptist Church,,-97.00778302,28.80211712,48,4875428,Victoria
church_overture:ae6ce936-3c16-4b7c-b042-44437b045404,First Baptist Church,,-88.99969677,34.24689334,28,2859160,Pontotoc
church_overture:ae739c91-1397-418b-84fc-fd79c2bb8dcf,First Baptist Church of Clayton,,-86.52270536,39.69089691,18,1813366,Clayton
church_overture:ae9367ea-2b79-49ee-ae0c-013317161698,First Baptist Church,,-75.13236204,39.73371634,34,3459070,Pitman
church_overture:aea4566c-b88f-4425-b10e-3f9773fe2eb8,Willard First Baptist Church,,-93.43022056,37.30597974,29,2979882,Willard
church_overture:aeafea8b-a0dc-47b2-aea7-ba55fc5ff526,First Baptist Church,,-82.30970167,34.77614882,45,4545115,Mauldin
church_overture:aeb56abb-4826-44d0-bbf1-af93aecadf6c,First Baptist Church,,-89.294076,31.322772,28,2831020,Hattiesburg
church_overture:aeb5d881-a4a5-4c58-8b82-e90299337d09,First Baptist Church,,-80.19171553,39.89677766,42,4281832,Waynesburg
church_overture:aebce067-ea58-4ace-b2d2-032c46de49fa,First Baptist Church,,-73.37451943,42.69417923,36,NA,NA
church_overture:aebf1c46-5244-452f-97bc-ab0482d1eff7,Coal Hill First Baptist Church,,-93.67658214,35.4347641,05,0514500,Coal Hill
church_overture:aec1dc23-f290-4c4b-ac2e-9c20bb74d719,First Baptist Church,,-84.814539,39.26110445,39,3933838,Harrison
church_overture:aec530e2-968b-4e64-a96c-3f6194eba1fc,First Baptist Church,,-83.36145002,40.22954569,39,3948160,Marysville
church_overture:aecdae2c-93b8-4c10-b572-d61599946ce4,First Baptist Church,,-81.09347753,38.92420625,54,5432884,Grantsville
church_overture:aece8430-8cfd-424e-bd2d-ab50d1f8c7ad,First Baptist Church,,-80.76840981,35.95550221,37,3729640,Harmony
church_overture:aed179a6-1a91-4138-a6aa-0c1580687c64,First Baptist Church,,-99.84385748,33.37921002,48,4853304,O'Brien
church_overture:aedf2d68-4d3f-4e81-a6c7-fb490227e416,First Baptist Church of Randleman,,-79.802467,35.818114,37,3755080,Randleman
church_overture:aee5a5a0-f540-46db-8a1b-f1be21aa0f60,First Baptist Church,,-77.07145069,36.72614579,51,NA,NA
church_overture:aeedc5cd-6461-4325-a3eb-349ca1fb9565,First Baptist Church,,-84.8600343,43.1761572,26,NA,NA
church_overture:af02fbdc-d436-4e66-9b58-cc041a9426a6,First Baptist Church,,-90.87650905024789,41.199848568099064,17,1738739,Joy
church_overture:af04d526-59fd-4c11-b4f8-6853ac231a84,First Baptist Church,,-103.08762808692721,33.879506371629326,35,3512850,Causey
church_overture:af2745f8-02ee-4567-84d8-11f65e8742dc,First Baptist Church,,-87.89774642945724,37.94030347657872,18,1851732,Mount Vernon
church_overture:af2a8716-8d6f-4692-86a7-768e48bdc498,First Baptist Church of Middleburg,,-81.87156342,30.06268756,12,1245350,Middleburg
church_overture:af2d8816-c599-4e90-98f0-03edb3f97188,Gardendale First Baptist Church,,-86.82932831,33.66375631,01,0129056,Gardendale
church_overture:af349809-5af7-4ea9-8e8a-d3d9b7cbcc68,First Baptist Church,,-71.21712894,42.02588874,25,2538230,Mansfield Center
church_overture:af59cbce-0280-43b4-84f6-8f9a6e656876,First Baptist Church,,-87.55850615030315,41.48791630030165,17,1767769,Sauk Village
church_overture:af62dbdc-c651-411e-92d0-c7de35307c1a,First Baptist Church,,-82.19245391,41.41887215,39,3944856,Lorain
church_overture:af70074d-1535-4842-ab0b-7f651ede6f7e,First Baptist Church,,-73.19189728,42.8777411,50,5004750,Bennington
church_overture:af72627d-6d3a-4abf-8c1e-8ccd0e97de37,First Baptist Church Homestead,,-80.47923154,25.49695371,12,NA,NA
church_overture:af77695f-b8cb-413f-a3ae-5abaf89cb4d9,First Baptist Church,,-77.23366801429603,43.06327353254678,36,3656187,Palmyra
church_overture:af8446c5-5a11-42dc-a2cc-dc1d0466f469,First Baptist Church of Moreland,,-84.7669674,33.28680431,13,1352668,Moreland
church_overture:af894dd9-8546-4f4d-abe7-09b97880d415,Cookeville First Baptist Church,,-85.505896,36.162657,47,4716920,Cookeville
church_overture:af899036-06b6-43c0-aa53-286e3d3555b7,First Baptist Church,,-94.67834469,38.6172909,20,2042875,Louisburg
church_overture:af8ad899-b27a-47b1-b578-a0da0ba07964,First Baptist Church,,-82.55876201,36.549827,47,4739560,Kingsport
church_overture:af94d017-2529-4f0c-bd34-a1512071ae79,First Baptist Church,,-78.45896784,42.33480557,36,3627331,Franklinville
church_overture:af9bab34-59c5-459e-bf9c-01c16d1c8cf0,First Baptist Church of St Robert,,-92.17836403,37.82973931,29,2965144,St. Robert
church_overture:af9e3e71-7e84-4bca-ae22-11fee0de3f22,Garber First Baptist Church,,-97.57980310271752,36.433149595863355,40,4028500,Garber
church_overture:afa4847c-2e4a-4c9a-9ba8-ac4fbccb460f,First Baptist Church of Guilford,,-72.668966,41.2886113,09,0935020,Guilford Center
church_overture:afa66a8f-3f81-40ac-8f6e-58d335319c92,First Baptist Church,,-96.744423,43.53251,46,4659020,Sioux Falls
church_overture:afadcdc5-ba92-42fa-86bc-2cc7930c8e09,First Baptist Church,,-85.61275142,40.48675537,18,1827054,Gas City
church_overture:afc663a1-3b24-4d7f-815f-450c146e159b,First Baptist Church of Warrington,,-87.2803997,30.38685812,12,1275200,Warrington
church_overture:afc6d609-f0fc-44ec-91b7-af4f44b264d3,First Baptist Church of Flora,,-90.31118929,32.5437661,28,2824940,Flora
church_overture:b01d6bdc-e306-4349-8147-cd146cabda91,Alpine First Baptist Church,,-92.46804732,31.41410863,22,NA,NA
church_overture:b02acd42-d431-4c5e-9845-59b9e5c6dee6,First Baptist Church of Yorba Linda,,-117.81323032,33.89137462,06,0686832,Yorba Linda
church_overture:b03f20c7-559a-49dd-a3e4-371743e13225,First Baptist Church,,-87.83622789,32.51570316,01,0120296,Demopolis
church_overture:b0403f2f-949d-44c0-a69c-56b6f735950f,First Baptist Church Avalon,,-96.7915831,32.20691686,48,NA,NA
church_overture:b041cc1b-1311-4524-ab21-ee4733cde21c,First Baptist Church,,-100.32445908,36.44347543,48,4819288,Darrouzett
church_overture:b045207a-0883-4332-a7ab-b2b38dda1535,First Baptist Church of Porter,,-95.52222501,35.86838747,40,4060150,Porter
church_overture:b052fc49-b0bf-4525-ac6c-784b307051ea,First Baptist Church,,-81.7937241,35.2609575,37,3730800,Henrietta
church_overture:b0539fcd-ae30-4924-a7f1-54a3f714c6e6,First Baptist Church,,-86.10427331,40.6600931,18,1809136,Bunker Hill
church_overture:b0681072-ed83-46c5-becb-4765dde2e262,First Baptist Church of Lomita,,-118.31087307,33.78279921,06,0642468,Lomita
church_overture:b074b700-a680-4f0f-bd11-5c35d8a22e66,First Baptist Church,,-89.45251275,31.00003291,28,2842640,Lumberton
church_overture:b07823b4-2736-41ba-9ad6-1a0dbc1f3d1e,First Baptist Church Denmark,,-81.14149116,33.32118338,45,4519105,Denmark
church_overture:b07fbf5d-c90c-4df3-ae56-0b5d25205f07,First Baptist Church Red Bay,,-88.1405945,34.4398804,01,0163576,Red Bay
church_overture:b0807409-ff6f-42ad-895e-2261d6f3f546,First Baptist Church,,-82.34906539,35.23740271,37,3758920,Saluda
church_overture:b085f66f-4a7c-42e9-ba0b-960aad91715e,First Baptist Church,,-111.73460187,40.36363964,49,4960930,Pleasant Grove
church_overture:b08e23d4-27c0-4fe6-9b75-54d505578c13,First Baptist Church,,-85.38425672,40.19159465,18,1851876,Muncie
church_overture:b097b71c-88e1-4a0a-9f9a-7ae672899166,Calvary First Baptist Church,,-96.55444121,32.75972609,48,4847892,Mesquite
church_overture:b09c5d7b-ee43-469e-976a-18699835562e,First Baptist Church,,-85.62654618559107,41.95757468523929,26,2679760,Three Rivers
church_overture:b09eb657-e911-4215-a429-7bcefe300413,First Baptist Church,,-84.14469548,39.12431099,39,NA,NA
church_overture:b0a103a0-b5cc-457a-8022-2116af976c79,First Baptist Church,,-89.18617512,37.27588361,17,1776615,Ullin
church_overture:b0a89f8f-ba2d-4f56-9b44-94219d327113,First Baptist Church of Milton,,-92.059614,30.1096119,22,NA,NA
church_overture:b0aaeb6c-020c-4fd2-84bf-25cf51fdfa63,First Baptist Church,,-95.39922413,37.93011521,20,2034300,Iola
church_overture:b0b97ac0-a0b3-4ae3-a5b0-d18dd27ab24f,First Baptist Church,,-86.69323366,41.48345422,18,1839852,Kingsford Heights
church_overture:b0bcc0ff-cca1-4705-bc58-480143d05aa0,First Baptist Church,,-95.97797863,43.37509355,19,NA,NA
church_overture:b0c2ccbc-1459-4eb9-b79d-8a316c024c14,First Baptist Church,,-81.83324663,35.36027875,37,3707220,Bostic
church_overture:b0c485c9-407b-4a68-bb6e-545d5dd6973e,First Baptist Church of Pine Castle,,-81.36554826979939,28.476191061998623,12,1256500,Pine Castle
church_overture:b0d34372-5349-4d2f-b675-5ef408f5c3f2,First Baptist Church,,-86.574017,36.72251,21,2128918,Franklin
church_overture:b0e6dfd1-da76-43ae-814d-d48817b10cd2,First Baptist Church,,-109.56964272,40.43663663,49,NA,NA
church_overture:b0eda453-f946-4331-8183-a6765e9481b3,First Baptist Church,,-72.81190977,41.28101878,09,0907345,Branford Center
church_overture:b10249d8-d93c-4179-af58-201e06010ce8,First Baptist Church,,-92.35676544,32.51198833,22,2211825,Calhoun
church_overture:b103d55e-22a8-45be-a3bb-ce31686d56b3,First Baptist Church,,-86.77025137,33.5654006,01,0107000,Birmingham
church_overture:b10737f2-b4c5-42c1-b9b2-ae909baf1523,First Baptist Church,,-94.020824,36.028101,05,0521190,Elkins
church_overture:b107ca3a-b174-4bf4-987b-63d7ea536129,First Baptist Church Summerfield,,-79.90010959,36.21153946,37,3765580,Summerfield
church_overture:b108709e-d34d-49d5-aab4-963a511c9057,First Baptist Church,,-73.25457535,42.44710806,25,2553960,Pittsfield
church_overture:b11a27c1-2de0-42ec-be23-eefc1be2a0d5,First Baptist Church,,-85.72997944,35.26000985,47,4774880,Tracy City
church_overture:b125f602-8715-4652-b901-5fe1b1c807f7,First Baptist Church of Gunter,,-96.73663,33.4735,48,4831616,Gunter
church_overture:b12b6e46-e801-43d0-a6c1-3d2fcc9304bd,First Baptist Church,,-86.63830855,35.32002474,47,4757740,Petersburg
church_overture:b131cdcf-8929-4ab3-a432-24e27aecac00,First Baptist Church Of Marlow,,-81.3905682,32.2718279,13,NA,NA
church_overture:b13d09bd-98cc-410c-bb9f-ab369b2faa92,First Baptist Church of Oakland,,-81.417534100126,30.326036420107,12,1202400,Atlantic Beach
church_overture:b13f9ded-02f7-4bfd-a290-9dbd01e0771e,First Baptist Church,,-93.98579539,32.87487281,22,2278890,Vivian
church_overture:b14d7045-dc1c-466c-8d1d-71dd722173f1,First Baptist Church,,-122.01182712596639,39.20938647383294,06,0614946,Colusa
church_overture:b1555e95-79de-403a-9584-220d469254bc,First Baptist Church,,-87.67915833016629,38.72746129396239,17,1742405,Lawrenceville
church_overture:b15d6d52-f425-4b4b-8685-5049f148c276,First Baptist Church of Webster,,-82.05248734,28.60849834,12,1275600,Webster
church_overture:b1604d95-6357-4bfb-91db-8964dcaacbce,First Baptist Church,,-91.63140442372267,42.956802477173134,19,1924645,Elgin
church_overture:b172deba-e9c6-428a-9410-dae6d70613ea,First Baptist Church of Los Angeles,,-118.28903129,34.05791074,06,0644000,Los Angeles
church_overture:b1a0aabc-ad4f-4fe6-859f-dfb13515abea,First Baptist Church of Bogota,,-88.24002337,38.91671528,17,NA,NA
church_overture:b1a971fc-240e-4e9d-8295-a27e213a2b8a,First Baptist Church of Lewes,,-75.14527506,38.7610943,10,NA,NA
church_overture:b1ba1f6c-f062-45cb-9ded-cf98997f7e2b,Parma First Baptist Church,,-89.81418136631315,36.613920660081945,29,2956342,Parma
church_overture:b1c2a154-dcec-4c9e-8fcb-44690042cef0,Jasper First Baptist Church,,-85.62803861,35.07648217,47,4737820,Jasper
church_overture:b1c3a213-4586-4966-b402-e37a6237fcd5,First Baptist Church of Durand,,-91.97125095,44.62580758,55,5521225,Durand
church_overture:b1e5021a-f6c4-4624-b4c5-cc6cf8ecbb07,First Baptist Church,,-97.01805013,37.51927125,20,2018400,Douglass
church_overture:b1ecadc9-278c-4c13-a4d4-f0f3fb3ca125,First Baptist Church,,-124.01370682,44.9772819,41,4142600,Lincoln City
church_overture:b2195f8a-447b-42ad-9fb0-f595744063ba,First Baptist Church of Proctorville,,-82.36106,38.450651,39,NA,NA
church_overture:b21fb260-c889-40a1-904c-14aac6cffb9d,First Baptist Church of Westminster,,-71.91266844,42.54576805,25,NA,NA
church_overture:b2288cbc-9e05-4e65-b083-860676f17943,First Baptist Church,,-90.46455751,30.50211149,22,2232755,Hammond
church_overture:b234939b-6b20-4c1c-a225-6ce221c9d5a3,First Baptist Church Of Ozark,,-93.82732447857623,35.488621658971226,05,0552970,Ozark
church_overture:b2352f85-cd57-4f90-8cc6-1fabc77a3a09,First Baptist Church of Phillips,,-90.40546658,45.69214481,55,5562450,Phillips
church_overture:b23b0d7c-70d3-4d4a-9da9-23ca06e8f292,First Baptist Church Wimauma,,-82.30205182,27.71118791,12,1278025,Wimauma
church_overture:b23c39e6-165f-4793-a978-49be057d4d7a,First Baptist Church,,-94.332893,40.247996,29,2900514,Albany
church_overture:b2456c3b-4a65-467e-825a-cad0c08ef326,First Baptist Church of Urbandale,,-96.7009423,32.77219092,48,4819000,Dallas
church_overture:b2533af9-0eb7-4fef-836c-cf557aa747d4,Kenefic First Baptist Church,,-96.36270304,34.14803035,40,4039200,Kenefic
church_overture:b25385dd-4fb5-4cdc-ba23-9c7830e3ef70,Warwick First Baptist Church,,-83.91991161,31.8285575,13,1380676,Warwick
church_overture:b2592a9a-f285-4e25-a18a-d3b056a8299b,First Baptist Church of Bells,,-96.41043846,33.60938911,48,4807420,Bells
church_overture:b25cc56a-9092-4891-8c29-795227663894,First Baptist Church,First Baptist Daycare,-92.63735054,31.92593357,22,2282460,Winnfield
church_overture:b26f252e-714b-4951-b829-12bf874373e4,Rossford First Baptist Church,,-83.5585115,41.61319212,39,3968686,Rossford
church_overture:b27462e7-79b7-4967-b5e3-1ccd4286398a,First Baptist Church,,-86.485014,41.460787,18,1879694,Walkerton
church_overture:b278765d-6715-4785-83d1-7017610b9a9d,First Baptist Church Of Minneola,,-81.7480511,28.578971,12,1245900,Minneola
church_overture:b2836a9a-5727-4078-884d-34aa3c9a27da,First Baptist Church,,-94.42147262,39.24972178,29,2942032,Liberty
church_overture:b2913baf-0429-43b6-9655-2dea6238aaca,First Baptist Church Hildebran,,-81.43785263,35.71098353,37,3731500,Hildebran
church_overture:b29703ee-b273-4e08-a7b1-96ca5af58604,First Baptist Church Risco,,-89.81935954,36.55119908,29,2961994,Risco
church_overture:b29d2e4f-1037-4560-b4cb-686e3d2ba18f,First Baptist Church,,-121.9810689,37.2210555,06,0644112,Los Gatos
church_overture:b2a00690-6de9-44f7-b787-76143273aa2b,First Baptist Church of Fowlerville,,-84.07338051,42.659289,26,2630060,Fowlerville
church_overture:b2a8ec97-0d35-4a3b-903b-636ba6d65496,First Baptist Church-Woodville,,-94.4170655,30.77387423,48,4880212,Woodville
church_overture:b2b63d44-fd5e-407b-b15b-67ab0e1f1e60,First Baptist Church,,-97.270379,35.497281,40,4014200,Choctaw
church_overture:b2c83145-483a-4cde-ba15-638111350bb2,Washington Park First Baptist Church,,-90.09171903,38.63589931,17,1779085,Washington Park
church_overture:b2d00d70-7467-4d92-9b38-f8da5c6eda8e,First Baptist Church,,-121.13061726,37.46860242,06,0656112,Patterson
church_overture:b2d2b16e-8f15-408f-8c39-5348e435e1b6,First Baptist Church,,-101.76918854,34.53759816,48,4873868,Tulia
church_overture:b2dcc4a1-e32f-450c-8f56-56857860de0d,First Baptist Church,,-102.51332648,36.73078105,40,4007300,Boise City
church_overture:b2e15149-fe8a-44a2-a4e9-98754874e4b6,First Baptist Church,,-82.125271,33.381744,13,1304204,Augusta-Richmond County consolidated government (balance)
church_overture:b2f7d668-a393-46c6-aa35-e7b80aec9f69,First Baptist Church,,-89.38927852,36.78371504,29,2921052,East Prairie
church_overture:b30c8669-4ba2-4ca9-80bc-e03cbe29e0b5,First Baptist Church,,-83.67384815,41.36111695,39,3907972,Bowling Green
church_overture:b30f0173-d633-4450-95be-856727a42ea6,First Baptist Church,,-68.61447019,44.30404028,23,NA,NA
church_overture:b31244c1-6acc-4884-9cfd-a4cfd71df042,First Baptist Church of Tryon,,-97.0335035,35.972121866667,40,4058150,Perkins
church_overture:b321c232-7e2d-4045-add3-5c21d7d0b287,First Baptist Church of Browning,,-93.124684,40.199306,29,2948062,Milan
church_overture:b328cb18-44a9-469d-8c28-c6b229f3c18d,First Baptist Church Golconda,,-88.48676446,37.36576786,17,1730133,Golconda
church_overture:b33223c3-cd15-4c4d-bb66-92af229a3351,Iowa First Baptist Church,,-93.015434,30.234803,22,2237445,Iowa
church_overture:b334ddfd-615d-4a6f-bd05-842800ff0912,First Baptist Church,,-87.73288473,34.51161714,01,0167056,Russellville
church_overture:b3537300-1ffb-414b-88ae-8abd648b7b32,First Baptist Church,,-72.300004,40.941601,36,3608136,Bridgehampton
church_overture:b3697459-df4d-4a60-94e2-e36b5971da7e,First Baptist Church Barlow,,-89.04414784,37.05239242,21,2103718,Barlow
church_overture:b36e2bda-6046-4841-a007-22af6ed61dac,First Baptist Church,,-123.79408302,46.66399297,53,5365625,South Bend
church_overture:b37401fc-606d-40c4-bae6-de15bcfb3d80,First Baptist Church of Longmont,,-105.10140776,40.17094452,08,0845970,Longmont
church_overture:b374a8a9-9598-42b1-aab0-c2c0b1594d87,First Baptist Church,,-82.37120798,28.8984691,12,1229425,Hernando
church_overture:b37f5477-1e7d-48d6-aa25-01a1eabaa713,First Baptist Church,,-93.46356631,33.10370508,05,0568660,Taylor
church_overture:b385d775-4f2e-4c99-a1cf-a6c917259ea8,First Baptist Church,,-119.28553986,47.12532781,53,5347245,Moses Lake
church_overture:b38d5742-ef8a-489f-9bfe-26bc6b72ec84,First Baptist Church,,-95.092119,34.002243,40,4076650,Valliant
church_overture:b3ad5099-735d-4345-99eb-3f5213ee3167,Mount Olive First Baptist Church,,-97.15151522,33.63006823,48,4827984,Gainesville
church_overture:b3cc428b-a8e3-42ad-83f4-a0819f633c2b,First Baptist Church,,-122.6188602,38.75348116,06,0647332,Middletown
church_overture:b3d2eeb6-d385-44e5-94c3-ea3f931d095e,First Baptist Church,,-75.70480058,41.52814933,42,4281664,Waverly
church_overture:b3d2f482-a777-44e3-8840-2b70b4f7f08c,First Baptist Church,,-84.14784713,40.74469003,39,3943554,Lima
church_overture:b3e57ba4-c8db-4850-807d-425682667f05,First Baptist Church of Fort Walton Beach,,-86.6105,30.406546,12,1224475,Fort Walton Beach
church_overture:b3eb76cf-efdb-4136-ac4a-1cad8da10656,First Baptist Church Fate,,-96.391091,32.938011,48,4825572,Fate
church_overture:b3f06431-354c-4411-be59-3f2969ecb317,Fyffe First Baptist Church,,-85.9720521,34.39162,01,0140888,Lakeview
church_overture:b4021412-ae1b-4201-997a-25adcfa96da8,First Baptist Church,,-85.26011603,33.54851703,13,1309544,Bowdon
church_overture:b40bc530-66e5-4de9-a39c-491d97a51493,First Baptist Church of Greensboro,,-83.18301844,33.57416954,13,1334876,Greensboro
church_overture:b40d24a4-77a1-47bb-a4c1-e53bdef4dd51,First Baptist Church Of Crete,,-87.6414343,41.421086,17,NA,NA
church_overture:b4162d40-edd2-4841-a189-c968c7b75929,First Baptist Church,,-99.13826615,34.50436687,40,4073850,Tipton
church_overture:b41f60a5-7b9b-40df-9050-feadb1c68cb3,First Baptist Church Northfork,,-81.42968279802547,37.41440825486355,54,5459428,Northfork
church_overture:b43087f2-b102-4079-a0da-e24b8ee4b21a,First Baptist Church of Farmington,,-90.42398944,37.78240334,29,2923752,Farmington
church_overture:b4331ff3-bae0-4175-8b43-55424d8d778a,Sunnyvale First Baptist Church,,-96.59378737,32.80574688,48,4871156,Sunnyvale
church_overture:b435c173-a5ef-46c4-9e68-33e4ed6ec185,First Baptist Church of Kountze,,-94.313186,30.36872136,48,4839868,Kountze
church_overture:b4362998-8e8b-48fd-b969-87259c26cd70,First Baptist Church,,-90.06873083,38.90932664,17,1705599,Bethalto
church_overture:b4397ff0-3226-48fb-86fe-967d01e32e29,First Baptist Church of Richmond,,-95.76163841,29.58009718,48,4861892,Richmond
church_overture:b4422eb1-1070-46bd-9658-1defd136a129,First Baptist Church Lomax,,-95.05738833,29.67572441,48,4841440,La Porte
church_overture:b4535e9a-e776-446f-aa46-49d309c7166a,Center Hill First Baptist Church,,-90.54335649,36.0599382,05,0553390,Paragould
church_overture:b4568a2e-4a74-40bd-90dc-a209d53d808d,First Baptist Church of Ensley,,-86.88973995,33.51068658,01,0107000,Birmingham
church_overture:b45ad5c2-f9a1-4898-8873-3263518f27a0,First Baptist Church,,-75.75206067,43.07461028,36,3612188,Canastota
church_overture:b463db98-1106-42e5-a07e-a13e5a23197b,First Baptist Church,,-95.44481806238602,31.125183653463896,48,4844260,Lovelady
church_overture:b46b5ca7-9c5e-4afb-8a10-9a451c13d692,First Baptist Church of Martin,,-82.74943301,37.57102347,21,NA,NA
church_overture:b482e389-603e-412b-b9ba-1904b8dce7b7,First Baptist Church,,-121.29804358,38.13839436,06,0642202,Lodi
church_overture:b48ff07d-e001-4c60-a3f3-718e517c4f79,First Baptist Church,,-92.116238,32.500559,22,2251410,Monroe
church_overture:b4a0b0fe-99d6-409c-9394-32d7f67cdd22,First Baptist Church,,-78.79086922,34.5359411,37,3706240,Bladenboro
church_overture:b4a30239-ef5b-494b-9ae3-5bd387a882bc,Resaca First Baptist Church,,-84.94588649,34.58312589,13,1364736,Resaca
church_overture:b4a6f26b-c9e1-45ab-a4d0-3b05eac6a5f4,First Baptist Church,First Christian Church,-102.303269,40.582709,08,0837270,Holyoke
church_overture:b4a96e8a-86eb-4d5d-8bcf-61a257baeffe,First Baptist Church of Alexandria,,-77.07788444,38.81952919,51,5101000,Alexandria
church_overture:b4a9a1c7-af80-4267-a2de-637c44cf31c9,First Baptist Church,,-78.64938765,41.95334272,42,4208040,Bradford
church_overture:b4aaaf02-b532-4a97-9cab-feb7fdada3e9,First Baptist Church,,-122.33217,41.31925,06,NA,NA
church_overture:b4acbe8d-43a9-4ec6-969b-7f5c302576f8,First Baptist Church,,-116.49852967,43.8749855,16,1625570,Emmett
church_overture:b4b647f5-97e6-449f-b7dd-0e641a6d2efa,First Baptist Church of Ranson,,-77.87300467,39.31579226,54,NA,NA
church_overture:b4b9516a-abe7-4fc6-8ac5-40fa369e0cdf,First Baptist Church of Baytown,,-94.967158,29.759611,48,4806128,Baytown
church_overture:b4bb2c2b-6dbf-4547-a9d2-c3b50aee9141,First Baptist Church,,-93.29537954,32.54157795,22,2270175,Sibley
church_overture:b4c6f2f4-ac2d-4a6c-8b19-693c38a063e7,First Baptist Church,,-87.419051,41.492543,18,1868220,Schererville
church_overture:b4dcf061-df6f-4801-b10d-e4b1cffc18c6,First Baptist Church,,-90.47472717,31.247968,28,2843280,McComb
church_overture:b50653b8-5bff-4846-b0c1-b6a5e0707db9,First Baptist Church,,-116.06063466,34.13694166,06,0680994,Twentynine Palms
church_overture:b507a940-1548-4cb1-a56c-8bba0fed962f,First Baptist Church,,-81.90989629,32.16128291,13,1316600,Claxton
church_overture:b50f58a2-5a37-4773-8955-681b9955b678,First Baptist Church Moriarty,,-106.04666244,35.0062484,35,3550160,Moriarty
church_overture:b5181308-6eac-4ead-bd81-2e04c6b06597,First Baptist Church,,-121.07267752,35.55106665,06,0610074,Cambria
church_overture:b5195ad4-ab70-4d07-a7bd-d0a71d5fab01,First Baptist Church Of Charleston,,-79.92953202,32.77391961,45,4513330,Charleston
church_overture:b5255cb2-1fb4-48b6-9f69-34b6cb7544e9,First Baptist Church,,-80.55837926,35.89769883,37,3743720,Mocksville
church_overture:b52c9714-0fb6-43f5-b4a5-983a172b0dce,First Baptist Church,,-96.24667025,33.38495333,48,4842352,Leonard
church_overture:b532874f-701a-45df-9355-2d9260bb967e,First Baptist Church of Lula,,-83.66863124,34.38440226,13,1347896,Lula
church_overture:b541390c-8bc0-45de-aeec-9a528d65f2d1,First Baptist Church,,-77.72390626,36.99224568,51,5148344,McKenney
church_overture:b5486d80-5eee-475a-96e6-107b493ec451,First Baptist Church,,-98.19485793,38.34005892,20,2043525,Lyons
church_overture:b54b18b7-6a68-4dfa-9925-0773ff01eb82,Conway First Baptist Church,,-81.33145188,28.49470796,12,1214050,Conway
church_overture:b550817c-2955-4905-8c11-747c2673980a,First Baptist Church,,-98.15862411,29.13507763,48,4826160,Floresville
church_overture:b56671b9-3da2-4c04-a52c-2fc69ce6a934,First Baptist Church of Passaic,,-74.12593871,40.85684672,34,3456550,Passaic
church_overture:b5723c1f-ced8-4e1e-98f8-2cfb37b094f2,First Baptist Church,,-84.02911443,32.30278264,13,1352304,Montezuma
church_overture:b583534b-0bf4-469c-a49e-cf68921f69b4,First Baptist Church of Piedmont,,-97.74605568,35.64326015,40,4058700,Piedmont
church_overture:b5871a16-edd8-4676-a6e1-d303d22d4fd3,First Baptist Church,,-74.75331348,40.00372191,34,NA,NA
church_overture:b58c3b4c-45fe-4ec0-81f4-273b490d3470,First Baptist Church,,-97.69161116,33.36137896,48,4802284,Alvord
church_overture:b590033e-db3c-4301-b89f-8e9d3292f15a,First Baptist Church,,-92.43702498800623,41.21179478299948,19,1929190,Fremont
church_overture:b59206b6-6197-4793-9716-6828eb1ab401,First Baptist Church Of Glenarden,,-76.887378,38.918671,24,2445325,Landover
church_overture:b5a0f022-6803-44ee-b458-78b2200e749b,First Baptist Church Norlina,,-78.18730127,36.44951563,37,3747240,Norlina
church_overture:b5ae3641-29dc-4e6a-af72-0541f53a5205,First Baptist Church,,-79.265308,40.431544,42,4206904,Blairsville
church_overture:b5bd11ae-6de9-4113-bfb0-2c1b44e94d4a,Howell First Baptist Church,,-86.61319871,35.23282018,47,NA,NA
church_overture:b5c75acf-dbca-4f45-950d-dfeccadf6a53,First Baptist Church of Waco,,-97.12806942,31.55293167,48,4876000,Waco
church_overture:b5d30717-2040-4986-a225-350f349a91ee,First Baptist Church of Pinehurst,,-79.51630051,35.21448885,37,NA,NA
church_overture:b5e297db-74ec-42dc-8904-455cfa7fd73a,First Baptist Church of Wrightstown,,-74.595267,40.050053,34,NA,NA
church_overture:b5ed646b-5091-4d64-9a9b-13c08f42184a,First Baptist Church of Cherry Hill,,-76.62655998,39.24940358,24,2404000,Baltimore
church_overture:b5f2b7a0-250d-4d93-9897-442d6ea7239b,Crowder First Baptist Church,,-95.67167579,35.12575961,40,4018550,Crowder
church_overture:b5f30838-668b-464b-b666-c0fe453226f6,First Baptist Church,,-81.7648909926417,32.44355177545536,13,1373256,Statesboro
church_overture:b6012ae9-62a1-4265-bbeb-2ccdc749242c,Sunnyvale First Baptist Church,,-96.57564404972496,32.749323648765994,48,4847892,Mesquite
church_overture:b62c2670-9bff-47cc-9f9c-ae9998d75d0f,First Baptist Church,,-88.33402737,41.28766344,17,NA,NA
church_overture:b62c94e2-ba7b-4009-bc0a-5c2e5860da6c,First Baptist Church,,-75.64719708005248,40.2465863119535,42,4262416,Pottstown
church_overture:b62fbbd5-f39e-4a5f-be83-967286dc02d3,First Baptist Church,,-90.763333,38.990966,29,NA,NA
church_overture:b636252d-e785-4805-8b82-bb80312ceffb,Arden First Baptist Church,,-82.51507,35.47037,37,3702140,Asheville
church_overture:b63f5ad9-5cc5-4da1-8337-fccb157fb0a5,First Baptist Church of Hartland,,-88.334421,43.102844,55,5533100,Hartland
church_overture:b6412cc3-541a-4e3d-9a47-8fd8a33efb04,First Baptist Church of North Highlands,,-121.384369,38.67851123,06,0651924,North Highlands
church_overture:b6469983-0ab4-4f06-96af-4da2f1c9c7cc,First Baptist Church,,-91.8914330724735,42.46726738002499,19,1938100,Independence
church_overture:b65028b2-8fdd-4cc7-901a-b9a0d8b825bd,First Baptist Church,,-84.32825245,32.88674094,13,1376168,Thomaston
church_overture:b65de7d3-775e-409e-8496-5075c4983c1e,First Baptist Church,,-94.09151305,34.89613576,05,0572380,Waldron
church_overture:b673ce42-c9f8-4f33-bfd4-6fe33fa67657,First Baptist Church,,-99.755605,34.289903,48,4860044,Quanah
church_overture:b675787d-b4ab-456b-940f-9ad33fbac93f,First Baptist Church Of Ruskin,,-82.4454338,27.7127358,12,1262275,Ruskin
church_overture:b677680d-6b21-4766-bc56-2604ca90c3c0,First Baptist Church,,-116.31600659,48.68426478,16,1609370,Bonners Ferry
church_overture:b6777751-cd89-4166-b31e-62a3df4ac891,First Baptist Church,,-98.48635495,28.96240718,48,4858280,Pleasanton
church_overture:b681a186-9487-47ab-ae89-6fc08cbe55d4,First Baptist Church of Hueytown,,-86.9688669,33.45016782,01,0136448,Hueytown
church_overture:b690f624-cc2a-4f41-a8f9-c2e1bff7c5f1,First Baptist Church,,-81.41563924,27.39070622,12,NA,NA
church_overture:b69a2fc5-b43e-4de3-ab6b-e9546f78a411,First Baptist Church,,-97.87860582388667,30.22824416658413,48,4805000,Austin
church_overture:b6ad1c5a-67df-4ee8-a561-bb9bec7649ab,First Baptist Church,,-83.63172734,42.24552645,26,2689140,Ypsilanti
church_overture:b6b75aca-9605-4bd9-afa6-52a324171e9e,Verden First Baptist Church,,-98.090462,35.0818251,40,4077000,Verden
church_overture:b6bd9dfa-115b-4fa2-a14d-3955878aec5b,First Baptist Church of Cherry Hill,,-75.019634,39.918002,34,3421120,Ellisburg
church_overture:b6cc2e89-cd49-4cd7-a356-c4cde44c3d6c,First Baptist Church,,-116.9431,44.071796,16,NA,NA
church_overture:b6d24d48-d176-4a0f-b607-9f957fd2def3,First Baptist Church Carney,,-97.01279468,35.80891304,40,4012100,Carney
church_overture:b6ec7f03-944f-4076-b7b1-6dda4837eeff,First Baptist Church-Tijeras,,-106.38720714135734,35.079481404223,35,3577880,Tijeras
church_overture:b6ff36ee-0471-4b0e-ae2f-755046ec30ab,First Baptist Church,,-122.0379444,38.2542984,06,0623182,Fairfield
church_overture:b71aa263-8a49-4eb4-ad37-1c7a5c7a47e2,Circleville First Baptist Church,,-82.94321366,39.62870724,39,3915070,Circleville
church_overture:b71b3422-898f-4e0c-b3d1-4c85592f14b8,First Baptist Church of Lithia Springs,,-84.65810903,33.79513933,13,1346832,Lithia Springs
church_overture:b71b9c85-dc00-4fcb-ad7c-917d1f52cc65,First Baptist Church of Wadley,,-82.39743153,32.88145743,13,1379864,Wadley
church_overture:b71f009d-ca53-455d-ae77-cdefb58e3bed,First Baptist Church,,-89.77067822,41.06744908,17,1783687,Wyoming
church_overture:b72a58d0-e6dc-4d07-b0c0-a072fbe6441e,Hiram First Baptist Church,,-84.77468793,33.86992108,13,NA,NA
church_overture:b7305697-6997-4a27-8ba6-5bd424d40606,First Baptist Church,,-76.08816997,38.57457318,24,2412400,Cambridge
church_overture:b73d05f7-e8ad-4f43-8317-3117e05edd69,Oilton First Baptist Church,,-96.58985444,36.07962858,40,4054000,Oilton
church_overture:b7455cfa-f6ca-4e61-b4fd-2af6757c585d,First Baptist Church,,-71.51765774385707,42.00639932916497,44,4480780,Woonsocket
church_overture:b746aa5c-da76-4977-a673-53574ba6270c,First Baptist Church,,-89.69186285,34.87042901,28,2810060,Byhalia
church_overture:b7488473-1ef6-4c4c-a111-3576baa55ddd,First Baptist Church,,-93.04527068,41.69363321,19,1956505,Newton
church_overture:b74e9dd6-3267-4c77-923d-867c0395becd,First Baptist Church,,-96.47187364,41.83470449,31,3135490,Oakland
church_overture:b76b6625-371c-4276-a2af-430e914a1f05,First Baptist Church,,-81.05116593,29.24884353,12,1231350,Holly Hill
church_overture:b76f152d-019e-45f3-9a2c-a8586ccbf845,First Baptist Church Pavilion,,-78.020841,42.883251,36,3656781,Pavilion
church_overture:b788142c-91c0-414a-a6c1-9916dd87f440,First Baptist Church,,-91.23879066,30.27450769,22,2260880,Plaquemine
church_overture:b79825f3-2d9a-40bd-9119-e608a742e895,First Baptist Church,,-98.31979503,38.56920505,20,2042800,Lorraine
church_overture:b79a806c-0b34-4c07-932e-9a1e7067be91,First Baptist Church of Friendsville,,-84.13104603558676,35.763144521856255,47,4728060,Friendsville
church_overture:b79c0439-74f2-4fee-8f65-2970e25a52a8,First Baptist Church,,-81.2047359,37.7782044,54,5405332,Beckley
church_overture:b7cda48c-8fc1-4135-abd4-ba6dfd54e799,First Baptist Church,,-100.38014548,35.91133068,48,4812412,Canadian
church_overture:b7d9cc96-62dd-47b6-b750-f1c763891b36,First Baptist Church,,-74.68936657,41.65772557,36,3648175,Monticello
church_overture:b7db835a-1ea4-4067-9ba2-e76c2e3d1e22,First Baptist Church,,-104.90432061,36.51498082,35,3515440,Cimarron
church_overture:b7e6953a-f753-4c97-b4b6-a6215951af63,First Baptist Church of Stilwell,,-94.66568644,38.76658353,20,NA,NA
church_overture:b7e95f89-137b-42c0-a16f-98648d85aec3,First Baptist Church,,-92.130649,31.682251,22,2238285,Jena
church_overture:b7ee7a55-564b-42a0-885b-f2e1d74f45ae,First Baptist Church,,-90.88044784,32.90701081,28,2863560,Rolling Fork
church_overture:b7f6ca75-b559-4931-a21b-18e4e409f04b,First Baptist Church,,-84.6242178,37.17996115,21,NA,NA
church_overture:b7fd2bd9-fd4d-4c73-a44d-5eae70015574,First Baptist Church,,-81.1815617,35.92068565,37,3766960,Taylorsville
church_overture:b7ff5ffb-3a62-4980-9cf2-3a442b404715,First Baptist Church,,-84.1531318,40.28668678,39,3972424,Sidney
church_overture:b809bcfb-62f6-4ca7-beca-de638949147e,Hickory First Baptist Church,,-96.85844572,34.55665138,40,4034150,Hickory
church_overture:b80ed9b9-68d7-449e-8194-5e4479220fd4,First Baptist Church,,-87.30767795228242,38.77485391664288,18,1805176,Bicknell
church_overture:b819f473-b529-4e9f-bc12-9f600c550d8e,First Baptist Church Blue Springs,,-94.34677401,39.03589949,29,2935000,Independence
church_overture:b820220e-94ee-4453-b539-f70c8ef54767,First Baptist Church of Lakewood,,-122.508511,47.154919,53,5338038,Lakewood
church_overture:b83cd6d5-e702-4f47-80ad-028c5ccd2951,First Baptist Church,,-99.333523,34.640361,40,4001700,Altus
church_overture:b84ca738-4574-44c0-b504-065202b72522,First Baptist Church,,-82.857026,36.468339,47,4772380,Surgoinsville
church_overture:b850f5bd-611e-4bc3-8327-df73a62c3c8a,First Baptist Church,,-95.582008227307,41.003072989650356,19,1948720,Malvern
church_overture:b880f6a9-9371-4b1a-aad3-ad49e03ffc04,First Baptist Church,,-104.02328524,30.3119522,48,4846620,Marfa
church_overture:b889bcac-6da9-49b5-bd6f-425beb740dac,First Baptist Church,,-88.8532553,36.34288105,47,4746240,Martin
church_overture:b88a46a0-d7b1-4849-9d8a-f339fa8b6106,First Baptist Church,,-71.17931491,44.47301909,33,3305140,Berlin
church_overture:b8a190a1-259d-4bba-bb4c-4a5293c293ed,First Baptist Church,,-98.47213907,30.87524631,48,NA,NA
church_overture:b8a3c54a-ad2c-4371-b080-e1a5db93402e,First Baptist Church,,-92.91632,36.42057,05,0539040,Lead Hill
church_overture:b8a5f306-fdc6-4e86-87fa-aff47170b3ec,First Baptist Church,,-84.28102392,33.90039834,13,1323536,Doraville
church_overture:b8be7e0f-e376-4c85-9530-7adf80e19378,First Baptist Church of Little River,,-78.61037217,33.87441748,45,4542010,Little River
church_overture:b8cb4d80-68a6-4570-97be-8e0730c09578,First Baptist Church,,-120.938478828,38.3549309211,06,0636672,Ione
church_overture:b8d41114-2341-4ee3-bcd8-1444c678ed40,First Baptist Church,,-96.06557694,35.94460593,40,4039750,Kiefer
church_overture:b8dab22c-8be9-4e0e-b80d-f2f158d0e2aa,First Baptist Church,,-107.60014857,37.22948253,08,0805265,Bayfield
church_overture:b8f6ae27-7ff4-407b-a8ca-297695ab1d1a,Cedar Bluff First Baptist Church,,-85.60709304,34.22049885,01,0112760,Cedar Bluff
church_overture:b8fa3161-f61c-426f-86db-7342d380da27,First Baptist Church,,-69.38491864,44.77963603,23,2358970,Pittsfield
church_overture:b8fa9dbe-4e1e-4081-a76a-1f83b5e4003a,First Baptist Church Sugarloaf,,-92.26273521,35.54173163,05,NA,NA
church_overture:b9042004-7277-477a-9d91-4384504511c9,First Baptist Church,,-117.65804522,34.09263416,06,0681344,Upland
church_overture:b91b2db1-8f9f-4359-98e7-fe84f6c49084,First Baptist Church,,-93.19893745896805,30.374336658856077,22,2229045,Gillis
church_overture:b9289a82-7f4f-4d69-9b1c-053a7edb9aea,First Baptist Church,,-96.667773,32.534454,48,4825752,Ferris
church_overture:b930ebb0-2e53-45ce-b5e4-6d18448363c1,First Baptist Church,,-97.66151239,35.79923007,40,NA,NA
church_overture:b9444dfc-f48d-4814-bd40-5e90797a8fe4,First Baptist Church,,-84.85857069,39.11387561,18,1829448,Greendale
church_overture:b9449eae-961d-4195-b4c6-2724515f72d1,First Baptist Church,,-95.85348393,44.41293886,27,NA,NA
church_overture:b959672f-6a35-40e2-9670-6f0b339c6e8f,First Baptist Church of Wixom,,-83.53546299,42.52995324,26,2688140,Wixom
church_overture:b95cf35d-d2bd-4886-a9ed-7df3ab00cbac,Cove First Baptist Church,,-94.408857,34.436693,05,0515700,Cove
church_overture:b96242da-4d9e-487b-acdf-5d484911756a,First Baptist Church,,-86.84761167951417,35.91448712575918,47,4727740,Franklin
church_overture:b96aeeac-b1d5-49f4-a44d-49f628c53063,First Baptist Church of Longwood,,-81.3309803,28.69887699,12,1241250,Longwood
church_overture:b96b7a6d-479c-4676-91b0-ee2f30c70815,First Baptist Church of Desloge,,-90.52141948,37.87743189,29,2919216,Desloge
church_overture:b98c7c5b-02c5-412d-9345-7be753568dbb,Bells First Baptist Church,,-89.0883204,35.71149338,47,4704720,Bells
church_overture:b9935ed9-713f-4f9f-8ad7-1376a115e1a0,First Baptist Church,,-81.25917379,37.30515652,54,5408764,Bluewell
church_overture:b99ebe77-1234-4d3c-b136-6aa57dae05e0,First Baptist Church,,-98.17483143,29.86582563,48,4812580,Canyon Lake
church_overture:b9a41ab4-d588-40a9-9186-dedc41ef2af2,First Baptist Church,,-98.95241253,34.65592447,40,4068400,Snyder
church_overture:b9a85e1e-099a-4900-81f5-953bffd23120,First Baptist Church,,-99.63654875,40.25588411,31,3137910,Oxford
church_overture:b9b8012f-4d40-4264-b9f2-38185eeb2d43,First Baptist Church,,-80.12846529,41.892961,42,NA,NA
church_overture:b9b8d6e4-9ebc-4b82-a8d6-84c8d4031d4a,First Baptist Church,,-97.14881110815226,32.15989840927032,48,4837084,Itasca
church_overture:b9ba764a-62e9-4396-9fc2-4ce94aba3a0c,First Baptist Church,,-89.12119285984033,41.55056843849823,17,1748333,Mendota
church_overture:b9c88e21-9335-42b8-b2d0-cfe607f5e0b4,First Baptist Church Creedmoor,,-78.68637441,36.11713901,37,3715320,Creedmoor
church_overture:b9ca992f-fac6-4fe0-b3a2-cd1542a0ddb5,First Baptist Church,,-98.67479022,32.21209302,48,4830308,Gorman
church_overture:b9dcac04-3fb2-4b83-b21e-715313660867,First Baptist Church,,-96.51229696146243,38.66377025699181,20,2015925,Council Grove
church_overture:b9ded6b9-c250-40e8-a323-d9459310c7bb,First Baptist Church,,-89.61845807,38.01586914,17,1759104,Percy
church_overture:b9e7b0f0-4725-4af9-bd63-0d818592539b,Wellington First Baptist Church,,-85.89648,33.826711,01,NA,NA
church_overture:b9eb1a7c-1716-4e99-9fbc-b76c7ee43a87,First Baptist Church,,-89.83184306,36.08245455,29,2970558,Steele
church_overture:b9ed2bfc-f100-4771-9e54-4f424f691c07,First Baptist Church,,-84.55463154718876,35.98535570304199,47,4754280,Oakdale
church_overture:b9f58ece-9155-4662-8ced-b9d751198950,Swansea First Baptist Church,,-81.11332303088423,33.668875397385044,45,4578910,Woodford
church_overture:b9f6a4f0-356f-45d5-816b-fe55c7a5f1a2,Big Rock First Baptist Church,,-88.549129,41.761783,17,1705976,Big Rock
church_overture:ba0982b5-5a69-4501-9f66-0cdf1735d469,First Baptist Church,,-100.64577294,31.61246449,48,4812892,Carlsbad
church_overture:ba0acd7d-8d84-42c2-afd7-b9d22541db11,Hillsboro First Baptist Church,,-122.98846837,45.524139,41,4134100,Hillsboro
church_overture:ba0dcec5-b2f2-4658-8438-fe0419abf15b,Bainbridge First Baptist Church,,-122.519897,47.643512,53,5303736,Bainbridge Island
church_overture:ba1169fe-b45d-4eae-b654-2d81ec7fa88d,First Baptist Church,,-104.27804401,46.36247411,30,3003475,Baker
church_overture:ba1e7783-5e75-449f-a84c-b7bdf188ffc4,First Baptist Church,,-99.62685206111001,47.65039771182186,38,3826180,Fessenden
church_overture:ba24baf0-5da0-4b98-aae5-80ecc849c52b,First Baptist Church,,-100.31935089,44.36512543,46,4649600,Pierre
church_overture:ba28ac3e-2214-4a04-9d8d-6963e88d0823,First Baptist Church,,-110.76323814,43.47542566,56,5640120,Jackson
church_overture:ba4069e5-9e5c-48b8-8e78-3e9a17723312,First Baptist Church of North Brentwood,,-76.95129475,38.94499126,24,2456375,North Brentwood
church_overture:ba4f5715-4010-4d32-ba26-f0f086688502,First Baptist Church,,-75.12875802,42.17214867,36,3678036,Walton
church_overture:ba568645-28f2-468e-bf18-e8a38fad2c09,First Baptist Church,,-95.707087,29.044579,48,4871492,Sweeny
church_overture:ba58a544-426a-4354-aff8-ab370f09a37b,First Baptist Church,,-79.55067002,36.10557065,37,3725980,Gibsonville
church_overture:ba5dfa38-bcc7-4a00-baf2-d85471e01c53,First Baptist Church,,-84.54962361,39.09158452,21,2148378,Ludlow
church_overture:ba67782a-df44-407e-aeeb-b4dfe00a728c,First Baptist Church,,-124.05467185,44.64028522,41,4152450,Newport
church_overture:ba6eb92b-fb6e-4981-9ac8-81a473febdc0,First Baptist Church of Jackson,,-81.51594044,40.89544502,39,NA,NA
church_overture:ba7d8472-96dc-4182-a766-637287a3f327,First Baptist Church of Prue,,-96.26373615,36.25433077,40,NA,NA
church_overture:ba8cf642-5dd5-47e1-a919-46fa3bf12945,Cartersville First Baptist Church,,-84.825982436495,34.146954349959,13,1313688,Cartersville
church_overture:ba8da87c-0631-4b44-bfc7-ac4a963e7955,First Baptist Church of Sunrise,,-80.23575583,26.15532108,12,1269700,Sunrise
church_overture:ba901465-3936-4026-bf73-55a17ac22d73,Fountain Run First Baptist Church,,-85.96794008,36.72120435,21,2128666,Fountain Run
church_overture:ba92fcec-45aa-46a0-a5fc-8bef893f88eb,First Baptist Church,,-89.62351096,42.28692162,17,1727884,Freeport
church_overture:ba9973f7-a164-4c17-993a-e0b6b73a14bb,Hermitage First Baptist Church,,-93.31662946,37.94163652,29,2931780,Hermitage
church_overture:ba99ffd0-441e-44bd-a332-3fca986c575c,First Baptist Church of Statesville,,-80.87793345,35.79386439,37,3764740,Statesville
church_overture:baa125bd-4ce1-43c8-8d9a-7523adb4e3aa,First Baptist Church,,-83.41630761,42.72462779,26,NA,NA
church_overture:baa9bf78-ea88-4d45-afdf-98abd30f60fe,First Baptist Church,,-86.43856058,33.34215995,01,0133256,Harpersville
church_overture:baaffb75-65e0-4c32-8936-6a6e23c4364f,First Baptist Church of Edom,,-95.60721891,32.37457671,48,4822744,Edom
church_overture:bab4c6e8-1e4b-457b-8c21-fd9e1f544bc0,First Baptist Church,,-98.05191073,36.67056526,40,NA,NA
church_overture:bab9f84d-6af6-4013-92f6-0438eeb7c4dd,First Baptist Church,,-84.96303501,42.27185971,26,2651940,Marshall
church_overture:babb2d29-f884-489d-9a0b-87d60b41d4da,Marietta First Baptist Church,,-97.12088535,33.93761603,40,4046500,Marietta
church_overture:bac568f6-9275-4daa-827c-955b6bcca5f2,First Baptist Church,,-71.52255005,41.68828168,44,NA,NA
church_overture:baef25a2-0b62-419a-9c9d-bfcd2d8e1eb0,First Baptist Church-Tickfaw,,-90.4837459,30.5773768,22,2275670,Tickfaw
church_overture:baf74e2a-2c32-429c-b2fa-4890218a5196,First Baptist Church of Gramercy,,-90.70112,30.06613,22,2230550,Gramercy
church_overture:bb0f4d32-e259-4714-a2b3-9d77df2c9a42,First Baptist Church,,-96.6088773,33.63311334,48,4867496,Sherman
church_overture:bb15f738-6466-425a-a5b4-e9c606c73440,Ninnekah First Baptist Church,,-97.92355871,34.94942546,40,4052100,Ninnekah
church_overture:bb1a1a76-a96c-446b-9a75-9eced60a31b6,First Baptist Church,,-92.82257238,38.30165388,29,2928828,Gravois Mills
church_overture:bb2480c7-9044-4bfa-ae74-00cdcad743ea,First Baptist Church,,-98.317557,36.112676,40,4054150,Okeene
church_overture:bb281616-e430-4413-885a-b0403eca5d06,First Baptist Church of Shady Grove,,-89.15476174,31.75293142,28,NA,NA
church_overture:bb2d17fc-65ff-4976-a468-98a71ee52492,First Baptist Church of Ola,,-93.22597976,35.03338234,05,0551560,Ola
church_overture:bb332009-5fcf-40d9-9998-b11cf34fc0c1,First Baptist Church,,-88.511966,40.743558,17,1724764,Fairbury
church_overture:bb3c79ca-66c8-4556-a467-c4147a431257,First Baptist Church of Brunswick,,-77.6266255415934,39.31378572625077,24,2410900,Brunswick
church_overture:bb41c1f1-1aba-46ac-bece-7d5efd8ce14b,First Baptist Church of Garner,,-78.61335649,35.70280343,37,3725480,Garner
church_overture:bb45918d-38ad-4c33-9213-f2067f09e1b9,First Baptist Church,,-97.42289705,35.87470097,40,4031700,Guthrie
church_overture:bb46c1e9-f31e-46f8-81dc-262094c1ad2f,First Baptist Church,First Baptist Church/Activity Bldg,-91.907216,32.777863,22,2204685,Bastrop
church_overture:bb4755c7-7620-4a20-831a-bc97661cb6b5,First Baptist Church,,-86.741495,37.9096,18,1810108,Cannelton
church_overture:bb490a72-ff86-491c-8a16-daa3956befd8,First Baptist Church,,-78.9690083,42.16350421,36,3660576,Randolph
church_overture:bb4c0083-87b8-4546-a05c-4bac59c5bda0,First Baptist Church of Kenmore,,-81.57490325,41.04056702,39,3901000,Akron
church_overture:bb4dc249-798e-4ac8-96a2-45c7c7b7ad82,First Baptist Church of Shawnee,,-94.7188389,39.02371344,20,2064500,Shawnee
church_overture:bb4fcdb2-b20e-4ce0-8066-f0723a532b67,First Baptist Church,,-99.78900261,29.21148242,48,4874588,Uvalde
church_overture:bb5a7282-fd42-4ab8-a4af-0e63eaf8c343,First Baptist Church,,-74.22781941,40.57034534,34,3410750,Carteret
church_overture:bb68a5e3-3e78-4a88-a4d0-fdee7d1e2276,First Baptist Church of Rocky Mount,,-77.83057,35.956548,37,3757500,Rocky Mount
church_overture:bb6d63c8-e2a4-4452-b9d4-506160614126,St Paul First Baptist Church,,-82.01603232,34.5019704,45,4540615,Laurens
church_overture:bb71d4e6-277d-41b6-9a3e-45033b145405,First Baptist Church,,-90.53647637,35.67835974,05,0570010,Trumann
church_overture:bb751ea6-d911-4d25-86f7-5f27a8e14907,Cumberland First Baptist Church,,-94.87032193,41.27431448,19,1917760,Cumberland
church_overture:bb76e9d7-0ae3-4dd3-9daf-f2e16b3ba4f4,first baptist Church,,-96.07859064723532,42.34176675508515,19,1914385,Climbing Hill
church_overture:bb798871-cf8d-48f7-9806-b35e3b8efac3,First Baptist Church of Indian Trail,,-80.65779599,35.08554253,37,3733560,Indian Trail
church_overture:bb7a8b38-e18b-4bc6-92da-af199b9b6d34,First Baptist Church,,-83.75307117560888,31.935063967175864,13,1319616,Cordele
church_overture:bb8919cb-d44a-4f31-8df1-467c68940293,First Baptist Church,,-88.13459953,33.89961743,01,0173728,Sulligent
church_overture:bb974d61-f3ad-4829-8b6a-28816411e6cf,First Baptist Church,Water Valley First Baptist Church,-89.63107259,34.15646095,28,2878000,Water Valley
church_overture:bb9cb7bb-2325-4798-9a65-925ce5a4b678,First Baptist Church,,-90.58471902,36.40586105,05,0515460,Corning
church_overture:bb9fd90e-1a45-4a66-aefd-a595a72bb5c1,First Baptist Church Jefferson,,-85.80780558,38.34743975,18,NA,NA
church_overture:bba4d33a-c784-49ba-9cf6-4872d328a2e6,First Baptist Church,,-88.55221486,31.15576249,28,2839840,Leakesville
church_overture:bbab524e-cdb4-4ee7-8d6d-9d814294a0f3,First Baptist Church,,-83.42852339,36.02138569,47,4719380,Dandridge
church_overture:bbae0990-95c0-49ce-b0c8-a1ccf2b568bf,First Baptist Church Mont Belvieu,,-94.8518387,29.84023305,48,4849068,Mont Belvieu
church_overture:bbb0e2a8-50d9-4c7e-ab5c-c9ca253f6018,First Baptist Church,,-97.22552171,38.48796381,20,2019050,Durham
church_overture:bbb6ee99-e7a1-49b1-bf9b-2d1a245f246a,First Baptist Church of Affton,,-90.323736,38.552923,29,2900280,Affton
church_overture:bbbfa951-57b2-4135-8430-e1ec00470890,First Baptist Church of Otis,,-102.96788796,40.15268121,08,0856365,Otis
church_overture:bbc05c52-42f1-4148-a875-ef8b6c97edb1,Branch First Baptist Church,,-96.515038524,33.1021571508,48,NA,NA
church_overture:bbd0d68c-48aa-4d02-bb35-f43281fd8659,First Baptist Church,,-95.09363524,37.03728571,20,2012950,Chetopa
church_overture:bbd85d9d-2dd7-4edc-9acf-c4efa3b83fe2,First Baptist Church of Conway,,-79.05160181,33.83791311,45,4516405,Conway
church_overture:bbdc274a-bb98-4ca1-a0d7-baf331953ec5,First Baptist Church,,-95.48109350166199,33.221559259515125,48,NA,NA
church_overture:bbe4055c-96c1-4086-8f85-4c81b6d2aa47,First Baptist Church,,-85.81952986,41.92561658,26,NA,NA
church_overture:bbecb830-3e1c-41b3-a6fc-b4e6a4d64ebf,First Baptist Church,,-120.79351304,37.5339428,06,0618856,Denair
church_overture:bbf90111-6652-4b70-9cb1-74d41f86bb8b,First Baptist Church of Ojai,,-119.23421572,34.4550031,06,0653476,Ojai
church_overture:bc013a8d-63d6-4a75-b215-6353f24f29f6,First Baptist Church,,-89.6131989,36.59243566,29,2942536,Lilbourn
church_overture:bc0b6b7c-3056-4ab2-96c3-c886905fc455,First Baptist Church,,-95.63608244,32.52474401,48,4874912,Van
church_overture:bc0b99c3-572e-4350-885f-23a8a7df4024,First Baptist Church of Great Falls,,-111.29765405,47.50768991,30,3032800,Great Falls
church_overture:bc1041e0-a6b8-4f80-8d4a-0d088744e9ff,First Baptist Church,,-73.3732164,40.68933788,36,3642554,Lindenhurst
church_overture:bc1340a6-eaec-4b47-a0f5-b02bcc7455e2,First Baptist Church,,-89.491688,40.918575,17,1714117,Chillicothe
church_overture:bc17ec23-0ee2-47a1-b241-5302597d5cfa,Bronson First Baptist Church,,-82.63368,29.44519,12,1208700,Bronson
church_overture:bc18dbab-a341-422a-92b4-f63b7fbfd991,First Baptist Church of Ogden,,-111.96535936,41.22033569,49,4955980,Ogden
church_overture:bc210b1c-2ea7-4663-96a8-fe3268ce0da7,First Baptist Church,,-81.563523,35.747866,37,3769520,Valdese
church_overture:bc217197-b52d-4ee5-97cb-a75ae6c573ff,"First Baptist Church, Bradford",,-78.61799675,41.99601916,42,NA,NA
church_overture:bc24922e-d2f4-4f4a-a5e2-91548f1efb8b,First Baptist Church,,-82.32405079,36.53341559,47,4706740,Blountville
church_overture:bc30a0fc-8219-44ea-83fa-16d29745fcb5,First Baptist Church,,-93.05286552,32.54075054,22,2228835,Gibsland
church_overture:bc30c1e3-916a-4506-b853-0f5d6a780eea,First Baptist Church,,-108.29186674,37.34586867,08,0848115,Mancos
church_overture:bc55a7ec-fc50-447a-afde-b1f7da428ada,First Baptist Church,,-108.05045943,44.38438895,56,5605320,Basin
church_overture:bc5c35c6-b16f-4d9f-bd85-5e511f1c8c6c,Calhoun First Baptist Church,,-84.74724661,35.29497244,47,4710440,Calhoun
church_overture:bc674dc5-3c59-4dcc-988b-8d402af9022c,First Baptist Church,,-75.18318318,41.00311094,42,4221872,East Stroudsburg
church_overture:bc84f43b-8335-4eef-b70e-214665bc5e9b,First Baptist Church,,-83.779794440103,31.967147843355363,13,1319616,Cordele
church_overture:bc8682c6-6a28-4825-bcef-abc354cd7b35,First Baptist Church of Elizabethton,,-82.22117722,36.34669191,47,4723500,Elizabethton
church_overture:bc883da3-70fa-4d8e-8c23-89151af6ba05,First Baptist Church,,-92.6244746,42.56815355,19,1956145,New Hartford
church_overture:bc8c3594-de38-4536-93f0-77ae70a442ac,First Baptist Church,,-101.83978875,35.20103244,48,4803000,Amarillo
church_overture:bc8edbbe-51c4-4084-8084-b7394e5fbafd,Bethlehem First Baptist Church,,-95.31316236,32.35424938,48,4874144,Tyler
church_overture:bc9c91dd-93c8-4f9c-907b-b9c2780f134e,First Baptist Church,,-82.6110895,39.1110675,39,3916434,Coalton
church_overture:bcb45fc9-975d-45c6-b256-1bb806646cf9,First Baptist Church,,-82.63629154,30.18946856,12,1237775,Lake City
church_overture:bcb89a75-5e36-4687-a2e9-38f90443a38e,First Baptist Church,,-71.99069808454747,44.533230545013,50,NA,NA
church_overture:bcbb6842-fc25-47a1-85b4-0ffaf1d531e4,First Baptist Church,,-84.755986,35.284279,47,4713020,Charleston
church_overture:bcd13fd7-f67c-4cf5-83a5-704bf3b35618,First Baptist Church of Groton,,-71.58139971,42.61532927,25,2527445,Groton
church_overture:bcd2d162-9a68-48a4-9e38-759627574eda,First Baptist Church,,-106.64524,35.08438,35,3502000,Albuquerque
church_overture:bce352c6-44c0-4372-9df6-d1d9dc4b1220,First Baptist Church,,-95.43466386852626,36.5388367905051,40,4013700,Chelsea
church_overture:bcee79bc-21a0-4756-91f5-6ecf6d41d4bc,Meadowbrook First Baptist Church,Meadowbrook East Bible Chapel,-97.21582059,32.75000115,48,4827000,Fort Worth
church_overture:bcf7ea61-e4ce-4b10-9665-cc24f43039e6,First Baptist Church of Gypsum,,-97.42883818,38.70232881,20,2029250,Gypsum
church_overture:bd17f49c-bebd-4950-904d-6032b88ed3f3,First Baptist Church,,-82.84932706,31.2966711,13,1359808,Pearson
church_overture:bd24b33c-f501-4ee5-a6f5-44f262d7c54a,First Baptist Church of Patchogue,,-73.01654146,40.78183126,36,3653319,North Patchogue
church_overture:bd26704a-fc39-4e90-9390-585626417ce5,First Baptist Church,,-93.435566,30.448634,22,2220575,DeQuincy
church_overture:bd2b8c24-60fb-43ce-9f4a-38a450df2b2b,Arab First Baptist Church,,-86.49590064,34.32334271,01,0102116,Arab
church_overture:bd2cdb18-a6e8-4659-bf33-3d65aeeb19c6,First Baptist Church of Jolly,,-98.34946808,33.86458394,48,4837924,Jolly
church_overture:bd2fe4ab-924d-4fd5-add1-2fba224c7a45,First Baptist Church of Wooster,,-81.94066658,40.80041616,39,3986548,Wooster
church_overture:bd31db8c-830b-4fc8-96c9-c16bb7c85913,Allendale First Baptist Church,,-81.31038581,33.00812094,45,4500955,Allendale
church_overture:bd3567e6-421d-46b3-b2b6-cb8262d9047b,First Baptist Church of Fort Myers,,-81.86702,26.64239,12,1224125,Fort Myers
church_overture:bd369813-c046-4fb8-85d9-3c080c2b4190,First Baptist Church,,-95.93066,43.637733,27,2700262,Adrian
church_overture:bd3e7259-2894-4ad4-b2b8-ec31b7a974d5,First Baptist Church,,-119.139388,36.294356,06,0623126,Exeter
church_overture:bd3eab61-1fd9-48d4-8d67-7d5a19a6ebb7,Leach First Baptist Church,,-94.919356046833,36.205546398959,40,4041900,Leach
church_overture:bd49ccaf-19f9-4801-9b4a-0f6419006f9c,First Baptist Church,,-70.771321,42.576571,25,NA,NA
church_overture:bd552bd5-f2ba-4399-a028-70970ecc12d0,First Baptist Church,,-85.3805881,42.85595577,26,NA,NA
church_overture:bd552fcb-8957-4ada-9bc4-2c9f1018c39a,Watts First Baptist Church,,-94.57318533,36.1082383,40,4079100,Watts
church_overture:bd58d5be-7195-4664-b899-517f627968e5,First Baptist Church,,-94.818654,39.93382,29,2966044,Savannah
church_overture:bd7b4f3a-6016-4247-b91d-30a3a9555672,First Baptist Church,,-84.58406875,33.39892035,13,1359724,Peachtree City
church_overture:bd7f9b42-6867-4396-a18e-7bd54902fd74,First Baptist Church,,-100.8052649,36.3959965,48,4856912,Perryton
church_overture:bd81f3ef-5fd2-49e5-b675-1dc7864833d3,First Baptist Church,,-91.73902596,40.64375728,19,1926895,Farmington
church_overture:bd859525-f39b-40cd-a22b-f72170988781,Ragland First Baptist Church,,-86.153732,33.742554827446,01,0163216,Ragland
church_overture:bd85ad4f-592d-477b-91b7-813325b110ee,First Baptist Church,,-92.40968957,41.02048865,19,1960465,Ottumwa
church_overture:bd8c61f1-7767-4c33-a0a0-91c8eddf4e74,First Baptist Church,,-75.44759296,38.90461468,10,1047420,Milford
church_overture:bd918a73-0514-424e-b3b8-3f7b128dcd64,First Baptist Church Yoakum,,-97.14666428,29.28872777,48,4880560,Yoakum
church_overture:bdaa291c-abfc-43df-afcd-24a71adf686f,First Baptist Church,,-72.63779095873227,42.119009565760315,25,2577890,West Springfield Town
church_overture:bdae909f-6e4a-4ad6-abbd-107127c4bce9,First Baptist Church of Crescent,,-121.69648729,43.45992534,41,4116750,Crescent
church_overture:bdb1a664-1961-49c4-a6ea-e1f020f020bb,First Baptist Church Heath,,-96.478438,32.840006,48,4832984,Heath
church_overture:bdb32fad-b77f-4b6b-86e3-b2d947fa0cfa,First Baptist Church,,-94.78916511,36.95337315,40,4061400,Quapaw
church_overture:bdc4ef3f-cf35-4e67-9837-1a3b744b8b50,First Baptist Church,,-85.16805342,39.81250552,18,1809874,Cambridge City
church_overture:bdc52170-fdf9-4936-8b1e-f1579aabc51d,First Baptist Church Columbia,,-90.221323,38.442004,17,1715833,Columbia
church_overture:bdd14ba2-c2c6-4f66-bfe9-12a99b5b29dc,First Baptist Church,,-90.08164813,44.0095121,55,NA,NA
church_overture:bdd83d0e-7887-452a-8219-1b0c350b8b7c,First Baptist Church,,-91.99109629,30.108402,22,2283335,Youngsville
church_overture:bdf97a34-4847-4551-85f0-2bce372036a9,Samoset First Baptist Church,,-82.54762158,27.47146065,12,1263225,Samoset
church_overture:be18e0f8-e3c8-4df5-aeea-3e9fc66d7cc9,First Baptist Church,,-89.050117,37.897643,17,1784155,Zeigler
church_overture:be1f8f8f-1447-414c-997a-2e52bdea3eaa,First Baptist Church Of Doylestown,,-75.14040353679847,40.30735455048616,42,4219784,Doylestown
church_overture:be20f4c0-490f-4218-bc10-f3025fa43e54,First Baptist Church,,-98.36719559,32.54675319,48,4830272,Gordon
church_overture:be2868e8-da02-4cd4-a718-69b96f226817,Christopher First Baptist Church,First Baptist Church | First Christian Church,-89.05271282,37.97416279,17,1714286,Christopher
church_overture:be41b81a-a7e9-43f2-9b02-4611acb2ab67,First Baptist Church,,-90.19291581,41.30171761,17,1710643,Cambridge
church_overture:be44b5e0-8554-4fab-99c7-f63226ce44cc,First Baptist Church of South Plainfield,,-74.41223222,40.58028049,34,3469390,South Plainfield
church_overture:be4a7a82-5f61-4e25-9439-e6a580d54a7d,First Baptist Church,,-89.87108773,30.77697419,22,2208150,Bogalusa
church_overture:be570bcd-e8bc-40cd-9f4c-a70e45d8d1bc,First Baptist Church,,-88.643691,46.080236,26,2640980,Iron River
church_overture:be57c5f5-37f9-42c0-8252-5dd516be276f,Altamont First Baptist Church,,-88.74601875,39.04721333,17,1701049,Altamont
church_overture:be66b15f-3695-4186-b456-63ffaf0acc59,First Baptist Church,,-94.05683685,32.47764397,48,4876636,Waskom
church_overture:be84a494-e658-424b-9135-9824daa421a2,First Baptist Church,,-96.69398581,30.52905559,48,4811836,Caldwell
church_overture:be84cd82-09ff-4b5e-8aa8-4f304b93737b,First Baptist Church,,-98.67663246,30.74839033,48,4843144,Llano
church_overture:be9241c4-f73f-4d18-ae22-34d19890885f,First Baptist Church-laporte,,-95.027896,29.665602,48,4841440,La Porte
church_overture:be94e3b0-457f-4a4c-b1a7-72fba7ab72c9,First Baptist Church,,-99.169333,35.156904,40,4066400,Sentinel
church_overture:be9ed700-46c4-409b-8b1b-237bfd4331f5,First Baptist Church,,-86.87102105,40.0460383,18,1815742,Crawfordsville
church_overture:be9fac2f-5694-4a5c-b057-860abed14de5,First Baptist Church,,-111.10800763,44.6588936,30,3079525,West Yellowstone
church_overture:bea485a5-f52a-4553-bc5c-960fabb17368,Penn Yan First Baptist Church,,-77.0563966,42.66501474,36,3657177,Penn Yan
church_overture:bea54b1a-2fc7-4a15-8ce7-ac9d195e1188,First Baptist Church,,-97.84642651,33.55940434,48,4809640,Bowie
church_overture:bea65154-537c-4010-9070-cf83c760a837,First Baptist Church,,-87.53251329020038,41.57255232147254,17,1742028,Lansing
church_overture:bea9fbb0-76fc-4808-b19d-f5d4181acd16,Appalachia First Baptist Church,,-82.77964622,36.90490506,51,5102040,Appalachia
church_overture:beae1bd2-9473-4bf4-be8a-538b7a4cba8d,Gladstone First Baptist Church,,-122.6007385994687,45.391881277869324,41,4129000,Gladstone
church_overture:beb4bbec-5eac-4197-85f0-4f0de0973d16,First Baptist Church,,-89.91450377937686,35.957209315419966,05,0507330,Blytheville
church_overture:bebbd6a1-d1ba-4c45-9275-20c4172fd3fd,First Baptist Church,,-97.63523376,29.26928369,48,4868300,Smiley
church_overture:bec2b0dd-632e-4ac1-959b-2bdaa9e8ad6f,First Baptist Church,,-71.95956511420091,43.26979061479059,33,3306900,Bradford
church_overture:becff178-5423-49e1-8a2a-c61e8bc3255b,Coolidge First Baptist Church,,-84.06963948,36.35881897,47,NA,NA
church_overture:bed0920d-a49a-42f9-9cd9-c9232aaf4988,First Baptist Church,,-94.87144801593854,40.34428605364158,29,2946640,Maryville
church_overture:bed59136-8b59-4f09-ac1e-be36d27981a7,First Baptist Church,,-91.13470677,37.7191368,29,2976012,Viburnum
church_overture:bed6755d-dc8f-4fea-b9ed-fc15949ab23e,First Baptist Church of Ferry Pass,,-87.20406541,30.51402687,12,1222275,Ferry Pass
church_overture:bed82700-9897-4db3-8f69-d2d04b07d40c,First Baptist Church,,-87.50891604,34.9813465,01,NA,NA
church_overture:bedb64b9-bc98-4114-bfb5-6eb38f39c975,First Baptist Church,,-75.48976801,44.693860720000004,36,3654485,Ogdensburg
church_overture:bedb7ca2-d793-4db5-8358-3d7ab46dc721,First Baptist Church of Elkin,,-80.945036,36.230701,37,3757700,Ronda
church_overture:bedbcdf6-28b4-42f3-8305-b83645f973e7,Stanley First Baptist Church,,-102.39312713017,48.316455965153,38,3875380,Stanley
church_overture:bedc512b-af98-4758-bbc4-55316ec161b4,First Baptist Church,,-93.43452453613281,35.497371673583984,05,NA,NA
church_overture:bedeb165-07e4-40aa-9ed4-414df858b8d5,First Baptist Church,,-81.741158,40.274182,39,NA,NA
church_overture:bedf9a44-b56c-4cf9-8e2e-7f834876ff8f,Castleford First Baptist Church,,-114.87114418,42.52068103,16,1613240,Castleford
church_overture:bee6bdc0-1011-42b1-944e-973fd77a650a,First Baptist Church of Rockport,,-70.61637792,42.65761406,25,2557845,Rockport
church_overture:bef49411-3600-4d36-b9ce-14d5950b2ec8,First Baptist Church Hermitage,,-86.6122274470243,36.17396632946334,47,4752006,Nashville-Davidson metropolitan government (balance)
church_overture:bf04f8b4-9da0-40e9-a36d-bb3f6f2ee513,Gaylesville First Baptist Church,,-85.55645058,34.26835482,01,0129296,Gaylesville
church_overture:bf060fac-1974-45db-9ff1-ee1999c3de70,First Baptist Church,,-89.00201967,33.89640783,28,2833900,Houston
church_overture:bf1a0549-bc6d-46f3-8453-f90b15cb95cc,First Baptist Church,,-82.01231131,40.12077365,39,3922610,Dresden
church_overture:bf1b66b9-c1d2-4c04-9d9e-904174dadee8,First Baptist Church of Fair Oaks Ranch,,-98.61444404,29.76295192,48,4825168,Fair Oaks Ranch
church_overture:bf1c7dcb-f763-411f-85ef-27f1eec4511c,First Baptist Church,,-70.61346384,41.69426764,25,2554450,Pocasset
church_overture:bf218ea0-8052-49c9-ae71-89db28ff014a,First Baptist Church,,-95.15779336,36.63987127,40,4077550,Vinita
church_overture:bf274ed2-8ced-4509-88c7-6b2b61f67d10,First Baptist Church,,-116.37885876,33.26337894,06,0607596,Borrego Springs
church_overture:bf312785-2f31-4aa9-b790-705f0cf74f37,First Baptist Church,,-71.17876737,42.12306747,25,2560820,Sharon
church_overture:bf3622b9-7962-4c7b-acda-4a9cfc33e5ce,First Baptist Church,,-97.59561485,38.822708,20,2062700,Salina
church_overture:bf4b4d1f-fbeb-4699-9e38-15a3a26025c3,First Baptist Church,,-90.89599905265693,38.45585220550906,29,2976192,Villa Ridge
church_overture:bf4e3980-605d-4435-8f62-e7647a50fc34,Mineral Bluff First Baptist Church,,-84.32011,34.95653,13,NA,NA
church_overture:bf58ed12-17a5-4a88-b011-1cc97c14c9d0,First Baptist Church of James Island,First Baptist Church Historic Chapel,-79.94724846,32.72742988,45,4536430,James Island
church_overture:bf61f5bb-b25c-4522-9a4a-b0a195d218ec,First Baptist Church,,-92.42909377502897,31.3356613490633,22,2260530,Pineville
church_overture:bf68e836-0fbd-427c-be03-4715cfdf0345,First Baptist Church,,-88.51887345,34.94003072,28,2815700,Corinth
church_overture:bf6f7c1b-6d30-4272-b7fe-afeb4f3c98f4,First Baptist Church,,-81.79707118,27.75213505,12,1224100,Fort Meade
church_overture:bf7f03f9-6d12-4576-b8b7-e5addaac182b,First Baptist Church of Farmington,,-83.37676378,42.46750417,26,2627380,Farmington
church_overture:bf7f1154-7c03-45e6-b342-fd2367b6b081,First Baptist Church,,-89.0733,41.942353,17,1764746,Rochelle
church_overture:bf8a2cd5-744b-4a58-bbf4-f1a1d491a920,First Baptist Church,,-101.36153328121183,37.58267514546537,20,2071975,Ulysses
church_overture:bf9fcf35-2c56-47ec-bf44-ccdf6b7c9f45,First Baptist Church,,-88.25771743,37.79721916,17,1764018,Ridgway
church_overture:bfa50d6f-bade-4685-b1aa-fe1083ef47b9,The First Baptist Church,,-77.77090133,38.86587065,51,NA,NA
church_overture:bfaac654-4b36-493f-8701-1dfc353e3e46,First Baptist Church,,-77.53554973,35.89990662,37,3766700,Tarboro
church_overture:bfac1fd6-81fb-450d-96e0-9573244f8dd0,First Baptist Church of Norristown,,-75.366773,40.149766,42,NA,NA
church_overture:bfacb327-f44c-46a5-85e8-576be85e7c0e,Elsberry First Baptist Church,,-90.786531,39.167235,29,2922114,Elsberry
church_overture:bfaf80ac-668d-4768-8167-62129c134e9a,First Baptist Church of Teachey,,-78.01649582,34.76736545,37,NA,NA
church_overture:bfbde756-982b-41d2-a088-a260caea1468,First Baptist Church of Pekin,,-89.64877461,40.56382471,17,1758447,Pekin
church_overture:bfc7e765-e36f-440e-877b-6b1698fce5a8,First Baptist Church,,-95.03644197809992,45.113527049096795,27,2770420,Willmar
church_overture:bfcd88fe-7484-469f-b9bc-6dc6faa5c29a,First Baptist Church,,-97.75832793,32.24045097,48,4829876,Glen Rose
church_overture:bfd149ee-8726-474e-a093-26316f6c9012,First Baptist Church,First Christian Church,-96.65649822,35.75001315,40,4071000,Stroud
church_overture:bfd24aef-2666-4ddf-8ee2-40b2882dfdd4,First Baptist Church,,-73.91791927,41.09509276,36,3654100,Nyack
church_overture:bfd58955-a1fe-4551-ba5e-ae98210a19e6,First Baptist Church,,-84.74971522,43.5970032,26,NA,NA
church_overture:bfd9e4b1-f799-4dbf-a68b-21c37b973e9f,First Baptist Church Fort Thomas,,-84.4524132,39.08523862,21,2128594,Fort Thomas
church_overture:bfdf7307-cbf8-40bd-bfb9-e03c79e8dc58,First Baptist Church of Chadwick,,-93.05464486,36.9337632,29,NA,NA
church_overture:bfe1d9a3-fcf8-473c-b877-8f70e5f3b907,First Baptist Church of Utica,,-82.45263,40.23456,39,3979114,Utica
church_overture:bfeb6dc3-634b-42fa-8d91-c5d09313edaf,First Baptist Church East Lake,,-86.775323,33.540551,01,0107000,Birmingham
church_overture:bfee8ff2-5cb9-46b4-9f2a-7f4b310ee5ee,First Baptist Church Eupora,,-89.26949507,33.54190761,28,2823420,Eupora
church_overture:bff0884c-9323-43d1-9853-ff866fe45c9c,Tuxedo First Baptist Church,,-82.4268101,35.22592242,37,NA,NA
church_overture:bff59988-f024-43a3-a3b3-c0e792cd55fb,First Baptist Church,,-106.81930872,41.45575123,56,5668685,Saratoga
church_overture:c0069669-2e5d-4c82-8e10-f3068bb6e5f3,First Baptist Church,,-71.473786,41.68447,44,4474300,Warwick
church_overture:c00920be-a600-427d-823c-219145b38c13,First Baptist Church of West Hartford,,-72.74247799,41.7683423,09,0982660,West Hartford
church_overture:c00b6d2d-94c6-491d-a03e-3605d093a156,First Baptist Church of Matlacha,,-82.04294485,26.63609125,12,1210275,Cape Coral
church_overture:c00fd8b2-391e-41bd-ac22-51cb5535e019,First Baptist Church,,-93.71962128,36.97367872,29,2902548,Aurora
church_overture:c01361b0-57be-4370-94a9-47ac12f293ee,First Baptist Church of Ames,,-93.64598704,42.02058663,19,1901855,Ames
church_overture:c01ce1dd-21d7-4995-a468-c33c48d76e7f,First Baptist Church,,-91.327673,40.399781,17,1732434,Hamilton
church_overture:c01e971a-36fc-4a69-8173-706930411e85,First Baptist Church,,-74.91679863,40.17577435,42,4241392,Langhorne
church_overture:c032e8e1-e338-4486-8f84-7e7340fc3f3e,First Baptist Church,,-94.906421,29.382739,48,4872392,Texas City
church_overture:c03a1c52-c3dd-4841-8c18-bd6a13bee757,First Baptist Church,,-89.8821714,38.31465211,17,1752116,New Athens
church_overture:c03e3c11-9757-4cf2-9222-8bb02b58bb0e,Ben Hill First Baptist Church,,-84.506309,33.699957,13,1304000,Atlanta
church_overture:c0422f05-58b0-470c-9a9d-4e7650ab0855,First Baptist Church Redwater,,-94.24845271,33.36518976,48,4861340,Redwater
church_overture:c0448a60-c96a-41ab-80f6-097fd3917c9b,First Baptist Church,,-97.84162053,33.17922500000001,48,NA,NA
church_overture:c04cb2a5-f0b2-49e1-8391-c073154fe3ea,First Baptist Church,,-109.21676497,41.58190148,56,5667235,Rock Springs
church_overture:c04f34b1-e32f-45fc-ad8d-1b553f0f4253,First Baptist Church of Milfay,,-96.564160986,35.752917286,40,4048450,Milfay
church_overture:c04fc653-fd10-4ca6-b18d-6a3d0c59bd2a,The First Baptist Church,,-97.40239319,30.57051806,48,4871948,Taylor
church_overture:c054b131-f0e2-48d2-a450-f9e8eb3a8717,First Baptist Church,,-94.90228535,47.4941963,27,2705068,Bemidji
church_overture:c063f154-02c9-4456-bf0e-0114b8cc72d0,Lamar First Baptist Church,,-80.066505,34.172271,45,4539805,Lamar
church_overture:c0673d7f-8de9-4901-9e04-8cf98d6cfdc1,First Baptist Church,,-96.64503199,28.97475176,48,4822720,Edna
church_overture:c07efda4-08b7-4b72-a981-2f59f3a610de,First Baptist Church,,-90.723095,35.56487123,05,0530400,Harrisburg
church_overture:c080a4b0-e112-4963-88e1-5e55db6e4c3e,First Baptist Church,,-100.78706378,46.8238153,38,3807200,Bismarck
church_overture:c0844819-6f7f-43fd-a497-188d0d62b324,First Baptist Church of Lone Pine,,-92.31539039,30.95597159,22,NA,NA
church_overture:c085ddec-7548-4ed8-af1c-5f67e8f1b177,First Baptist Church of Elkhart,,-85.89367862,41.71080555,18,NA,NA
church_overture:c08b5e59-838b-45a7-9386-02f4f3f2b50e,First Baptist Church,,-86.7626591,37.95251436,18,1875248,Tell City
church_overture:c098ef5f-bd95-4f15-a786-fa93eb8a2187,First Baptist Church Ben Wheeler,,-95.7062586,32.4453888,48,4807708,Ben Wheeler
church_overture:c0a12296-7f39-4506-897e-3c31b5902f62,Blackburn First Baptist Church,,-96.8022551,36.3400533,40,4057650,Pawnee
church_overture:c0a34673-3dd4-4ab0-b83b-674ddb88efda,First Baptist Church,,-72.65738006,40.94152642,36,3661973,Riverhead
church_overture:c0ad0f4c-a3bb-4a2d-993a-1d3fbf973ccc,First Baptist Church of Sunbury,,-82.84688031,40.25411506,39,NA,NA
church_overture:c0c20d50-9fb1-456e-99e3-6d78c039863a,First Baptist Church,,-83.08574244,34.65449656,45,4576165,Westminster
church_overture:c0c53810-290f-4c79-92ad-2e718c0aeea5,First Baptist Church of Rocklin,,-121.2573302,38.78911538,06,0662364,Rocklin
church_overture:c0c57f5c-1d6f-425f-a427-d2c6407fc189,First Baptist Church,,-99.24776587,29.79457803,48,NA,NA
church_overture:c0d91d90-1441-4eb7-a1ba-a1f104d90a57,First Baptist Church,,-79.35437345,37.7394882,51,5111032,Buena Vista
church_overture:c0e74947-9bce-445e-9ca8-197e66b23a02,First Baptist Church,,-97.79273936931367,30.842866224108096,48,4826136,Florence
church_overture:c0ef32d8-b332-47e4-8b71-254b6bc22f88,First Baptist Church,,-86.05065865,31.11325242,01,0167800,Samson
church_overture:c0fd6883-85c4-4f82-a3b8-489bbc52c9d4,First Baptist Church,,-73.21440531,44.47774967,50,5010675,Burlington
church_overture:c1035380-1c65-4050-957b-66976fff5d99,First Baptist Church,,-102.79425453,36.56374533,40,4025850,Felt
church_overture:c1226581-c36e-4a09-8951-02379ea4bfd1,First Baptist Church,,-77.58359744,35.59534959,37,3722820,Farmville
church_overture:c12380a9-3900-4b07-8b5a-80b79bdffe65,First Baptist Church Plantersville,,-88.6668147304408,34.20784325472218,28,2858440,Plantersville
church_overture:c12481c3-3707-492f-83d8-c412c5534501,Greenbrier First Baptist Church,,-86.80623836,36.42560554,47,4730960,Greenbrier
church_overture:c12f153f-eb90-4bed-9ab0-dc6028d48fd7,First Baptist Church of Memphis,,-76.36954074,43.03408094,36,NA,NA
church_overture:c142e6e8-d841-4595-ae3e-16419d4e8cee,Oskaloosa First Baptist Church,,-95.3146782768,39.2156002,20,2053375,Oskaloosa
church_overture:c14321f8-3dcf-4703-92cc-91622461a038,First Baptist Church of North Adams,First Congregational Church of North Adams,-73.10951563,42.69890779,25,2546225,North Adams
church_overture:c14d3688-47cd-42c6-b596-f56fa2425c2d,First Baptist Church of Cottondale,,-97.7053141,33.06965287,48,NA,NA
church_overture:c14fafe2-d6d9-45cc-9c99-9da4f2b3da4d,First Baptist Church,,-104.54506968,48.77311895,30,3058375,Plentywood
church_overture:c1590869-dbd0-4082-afb7-7038a9a12908,First Baptist Church,,-86.8436519,33.47685221,01,0107000,Birmingham
church_overture:c16d4b69-2707-46d3-a588-f10ba463cd2d,First Baptist Church,,-84.32182638,39.08180112,39,3913848,Cherry Grove
church_overture:c181f17e-df36-4415-bd85-9e35b4d50f7b,First Baptist Church,,-93.12536505,40.20131694,29,2948062,Milan
church_overture:c1824eb3-c876-4a55-98c5-577fa0a23b98,First Baptist Church,,-92.31244534595585,38.10027855538875,29,NA,NA
church_overture:c1846ab2-9258-49eb-b23c-713cdd391656,First Baptist Church Sunnyside,,-85.95072298,30.2588459,12,1237500,Laguna Beach
church_overture:c18d2cb9-5676-4528-8c28-f3de0ea1a405,First Baptist Church,,-85.46350238,37.81262173,21,2103628,Bardstown
church_overture:c18da101-6386-4651-8f72-682040c2f3c5,First Baptist Church of Rock Island,,-90.5576497,41.4794676,17,1765078,Rock Island
church_overture:c18f2eff-4867-4f0b-ab7a-aaff0b51e230,"First Baptist Church,Westside",,-94.83175327,33.8940399,40,4036750,Idabel
church_overture:c193d9eb-8f86-4a70-a2e4-3cdb70fcfa02,First Baptist Church of Coon Rapids,,-93.27786,45.16887,27,2713114,Coon Rapids
church_overture:c1975d4e-0a9e-4272-aeb2-6859d39878ab,First Baptist Church Rose Hill,,-83.36629404,36.67286331,51,5168885,Rose Hill
church_overture:c19e6357-6b2d-4fd9-8cec-54b2ee1c5a14,First Baptist Church of Bedford,,-71.29482078,42.487989,25,NA,NA
church_overture:c1b11791-61c8-4380-9cd9-45f654ed797d,First Baptist Church,,-80.62441389,35.49839353,37,3735200,Kannapolis
church_overture:c1be00c5-bfc1-43ef-bc3a-2ee6224eb107,First Baptist Church of Augusta,,-91.12290023,44.68000472,55,5503825,Augusta
church_overture:c1d107ad-2605-4c58-817e-eefb86eab236,First Baptist Church,,-83.50109614050227,43.281022763836646,26,NA,NA
church_overture:c1da1ed7-bddf-496e-a252-577571b639ae,First Baptist Church,,-121.20736843,37.80119896,06,0645484,Manteca
church_overture:c1f1df21-35e1-41c2-b3f8-42f246a93ad1,First Baptist Church,,-106.54870637,35.30488462,35,3506970,Bernalillo
church_overture:c1f5df04-585a-4e76-b2cb-082f8366a1d4,First Baptist Church,,-91.61888313,38.00137573,29,2964424,St. James
church_overture:c1f773d0-c3b4-4839-979b-1c64f12065aa,First Baptist Church of Indialantic,,-80.57328443,28.10138372,12,NA,NA
church_overture:c20905e1-342e-439d-adae-753f7163ec3c,First Baptist Church,,-92.77764567,38.65510348,29,2973420,Tipton
church_overture:c20ba332-0bf7-4cc0-83ae-4e85b52a1afb,First Baptist Church,,-106.64146274,48.19309932,30,3031075,Glasgow
church_overture:c212d99f-5400-4304-9403-df12a82c14fc,First Baptist Church,,-80.4551509,33.21578322,45,4532335,Harleyville
church_overture:c2152199-0eb7-4786-9555-aba8522cb491,First Baptist Church,,-114.15050179399647,46.22932635160504,30,NA,NA
church_overture:c2189358-d70c-45cb-b577-0416738c9924,First Baptist Church of Troy,,-83.1087189,42.55923946,26,2680700,Troy
church_overture:c219f332-8c64-4801-b47c-c44577ce550b,First Baptist Church,,-89.2336736,37.93910108,17,NA,NA
church_overture:c22f0dc1-4c3f-4414-a0ed-32c20eb9622c,First Baptist Church,,-87.91422694,33.96682736,01,0132224,Guin
church_overture:c233a9ff-572d-4181-b188-f12cc53cff3f,First Baptist Church of Wildwood,,-90.65534696,38.58241472,29,2979820,Wildwood
church_overture:c24dd208-4511-482f-8d66-58fb60a12ac3,First Baptist Church,,-95.42996,29.168016,48,4803264,Angleton
church_overture:c2637cab-fe7d-43db-86cd-eb47a63ba62a,Pocola First Baptist Church,,-94.48687299,35.22693084,40,4059750,Pocola
church_overture:c271c9a7-ce8b-455c-84ea-af4c17094137,First Baptist Church of Stuart,,-80.25493989,27.19786913,12,1268875,Stuart
church_overture:c2788972-43a3-4d00-a0ae-0bf712422668,First Baptist Church,,-72.38305097,40.89255228,36,3668462,Southampton
church_overture:c28c96a9-bb69-4c46-a43d-a8b2781ff187,First Baptist Church,,-81.15912888,32.14514006,13,1362328,Port Wentworth
church_overture:c28cd3f0-09d0-4e00-b897-9d9bff6bb828,First Baptist Church,,-119.19536477,34.15081296,06,0658296,Port Hueneme
church_overture:c2941dfb-dd0f-4579-8cd6-28476cc97ce5,First Baptist Church,,-120.2122008,44.99970703,41,4126650,Fossil
church_overture:c2ba3b20-c21c-45e9-8f1d-41de7c10b179,First Baptist Church Port Arthur,,-93.97104,29.953234,48,4858820,Port Arthur
church_overture:c2c48e95-8c48-4a59-88df-855eef69615c,Sylvan Hills First Baptist Church,,-92.231247,34.8371655,05,0563800,Sherwood
church_overture:c2cb18b4-4e05-4941-856b-0910c5a3235e,First Baptist Church,,-90.184978,35.198834,05,0544180,Marion
church_overture:c2d025bc-81fb-40bc-bf60-38845b7708d9,First Baptist Church of Fairlea,,-80.46071928,37.77471626,54,5426428,Fairlea
church_overture:c2e46b13-0379-4d0e-99cf-258cc28e2d6d,Woodland First Baptist Church,,-68.138149,46.899803,23,NA,NA
church_overture:c2f5f59f-0047-4b92-b9d4-0843974487be,First Baptist Church,,-102.86610304,42.10423765,31,3100905,Alliance
church_overture:c2fad4d4-740d-41d3-952c-d9fe0914d66d,First Baptist Church,,-83.21912794,42.4475267,26,2674900,Southfield
church_overture:c300dd36-fa33-4ddb-8ca3-30c68b168986,Gloster First Baptist Church,,-91.02433653,31.20028878,28,2827820,Gloster
church_overture:c305a965-159a-49e3-8e99-b0ddf7ff3194,First Baptist Church,,-124.20436923,41.7580668,06,0617022,Crescent City
church_overture:c31c6db1-a7b0-469d-a978-9553297491ca,First Baptist Church of Greenacres,,-80.12544544,26.62153131,12,1227322,Greenacres
church_overture:c31f9826-05a8-4390-8b57-3b2048c09597,First Baptist Church,,-69.11998189394714,44.89492380293891,23,NA,NA
church_overture:c327e2ef-99bf-46e2-8cc1-aa33c41a45f0,Ola First Baptist Church,,-98.272054,35.05237,40,4002050,Anadarko
church_overture:c32a2992-8c6f-4f07-b9c7-fd73ee2290a7,First Baptist Church of Somerset,,-84.60552754,37.09411389,21,2171688,Somerset
church_overture:c33c6daf-f1c0-40b4-ad7f-a8fe3feb7988,First Baptist Church Gulfport,,-89.034384,30.433605,28,2829700,Gulfport
church_overture:c33ed0b6-010c-416a-b13c-7cf280aef7b8,First Baptist Church,,-94.51646812894363,37.084379399091816,29,2937592,Joplin
church_overture:c33fc44c-bda2-47f2-a5c6-0fb6028ecf43,First Baptist Church,,-93.08550263,42.36017218,19,1924465,Eldora
church_overture:c350ca02-61df-4bd8-a48e-f7437f2852b3,First Baptist Church,,-83.290364,40.840684,39,3979044,Upper Sandusky
church_overture:c3652ed5-0cff-4ff0-adf1-63561a347062,First Baptist Church,,-70.8783403,42.54836244,25,2505595,Beverly
church_overture:c36cfd49-972b-4135-ab42-ad7b56e36d68,First Baptist Church,,-93.9935802564298,31.15376217241522,48,NA,NA
church_overture:c3794ca4-629c-4d96-b6a5-0eedec430e8a,First Baptist Church,,-115.20013405,36.15216417,32,3240000,Las Vegas
church_overture:c38f8322-4566-4ced-9808-3bdf505598a1,First Baptist Church Marble Falls,,-98.27641036,30.55703509,48,4846584,Marble Falls
church_overture:c38f840c-fe23-4ef0-bd00-29faf78ede15,Roseboro First Baptist Church,,-78.51239614,34.96253864,37,NA,NA
church_overture:c395b10a-d2b2-43c4-83f2-9e1a5f26e001,First Baptist Church,,-87.860734,41.120397,17,1738934,Kankakee
church_overture:c39a6cd9-661e-4d3a-9258-94a913c33d6c,First Baptist Church of Wesley Chapel,,-82.32479064,28.24003678,12,1275875,Wesley Chapel
church_overture:c39c1f63-9d23-4908-ba83-e8ab51c43d1c,First Baptist Church of Helotes,,-98.69368941,29.58189271,48,4833146,Helotes
church_overture:c39e32cf-bd7e-4e48-81a0-0a4e63b4bd94,First Baptist Church,,-81.55657738,41.39159382,39,3904878,Bedford
church_overture:c3b4d60f-ebb6-4afe-94ad-c985b094b566,Shady Spring First Baptist Church,,-81.09877708,37.70373831,54,5473108,Shady Spring
church_overture:c3b60c7f-a94f-42f8-933a-dfacda51a496,First Baptist Church,,-71.06793754710989,43.38996863562467,33,3325940,Farmington
church_overture:c3b8ac8c-da63-4dca-8ba8-52109f443123,First Baptist Church,,-100.85537914,33.47879102,48,4869848,Spur
church_overture:c3c714f6-d750-4d35-ae51-db317aec4efa,First Baptist Church,,-81.51016227,29.42870609,12,1215375,Crescent City
church_overture:c3caca97-e2a9-4b36-a2f8-12a9d0033187,First Baptist Church,,-157.73121841,21.34789694,15,1578050,Waimanalo
church_overture:c3cf84ad-f751-4d68-9844-6fa6f3575ddc,Turbeville First Baptist Church,,-80.0152528,33.893293,45,4572745,Turbeville
church_overture:c3d8f69b-e7ae-4ceb-83c4-af97c8140c90,Wapanucka First Baptist Church,,-96.42233348,34.37332122,40,4078300,Wapanucka
church_overture:c3dd380f-def1-4b77-b414-deeb463d8414,First Baptist Church,,-116.93219271,44.07553182,16,1661300,Payette
church_overture:c3eb84a8-7412-4370-9b16-eb69e99398da,Doyle First Baptist Church,,-85.51229231,35.85019127,47,4721500,Doyle
church_overture:c3fb792d-0289-40c6-ada3-299eaa5e3481,First Baptist Church of Girard,,-80.70092035,41.15583274,39,3930198,Girard
church_overture:c40005df-566d-44d8-9ffb-b0e21a89b32a,First Baptist Church of Laurel,,-76.87726468,39.09972126,24,2445900,Laurel
church_overture:c4014eea-dda5-4003-aae9-1a65bd030593,First Baptist Church,,-80.01137393,33.19549772,45,4547275,Moncks Corner
church_overture:c402c925-fd19-40ff-ad4b-aef5b06bca99,First Baptist Church of Clark,,-97.737121582031,44.860127725857,46,NA,NA
church_overture:c406d671-82d2-4a7b-85d5-03daefe9f8cc,First Baptist Church of Alva,,-81.60054466,26.70111578,12,1201125,Alva
church_overture:c415d94d-58c7-4b5e-8b99-f3eef05fed31,First Baptist Church of Interlachen,,-81.88690611,29.62980458,12,1233900,Interlachen
church_overture:c41bd522-f015-408d-8601-f22bc7949e82,First Baptist Church,,-97.01799412769516,42.23270275423213,31,3151840,Wayne
church_overture:c42bd1c8-59d2-40d7-96a6-7aee5cff29a1,First Baptist Church,,-81.91504888,38.96866788,39,3965256,Racine
church_overture:c4425b1c-e0f3-4f6d-80c0-e59abd2125e3,First Baptist Church,,-101.8373577,33.73540967,48,4850916,New Deal
church_overture:c4444d1a-ab8f-4692-9c87-24519d19fc89,Ada First Baptist Church,,-96.67938661,34.76985483,40,4000200,Ada
church_overture:c44eaaa2-b8e7-439f-9d28-9a17ab2b9895,First Baptist Church,,-98.92427347,31.97891919,48,4847172,May
church_overture:c453f5df-1284-431f-9ff4-3fbb85d505dd,Satsuma First Baptist Church,,-81.65717746,29.55104328,12,NA,NA
church_overture:c46139e4-f294-4ac1-a668-1f65966ab2d2,First Baptist Church,,-100.40727633,32.47195772,48,4871540,Sweetwater
church_overture:c46b9b67-60fc-43c2-ba40-7076d4c6ea2e,Weaubleau First Baptist Church,,-93.54487736,37.89061297,29,2978064,Weaubleau
church_overture:c46dc150-7422-4d47-b9cf-0be6ff0b2675,First Baptist Church Chama,,-106.58057031,36.90334311,35,3513970,Chama
church_overture:c4733058-4e29-42e9-b845-22935051b4d6,First Baptist Church of Center Hill,,-82.119004028896,28.664734701119,12,1209625,Bushnell
church_overture:c473e1d5-a03a-4ddf-b0d7-68c11e2a60d9,First Baptist Church,,-89.79475128,30.24788119,22,2270805,Slidell
church_overture:c47565a1-6c29-4137-adfd-0fbcb11881c8,First Baptist Church of Brownsville,,-80.23448825,25.81697345,12,1209000,Brownsville
church_overture:c476d150-545d-42c1-af64-69dd375d93fc,First Baptist Church,,-77.75228996,40.92821119,42,NA,NA
church_overture:c47b28f1-3d23-43ca-b89b-694b55f8f098,First Baptist Church,,-85.13141257,39.12238972,18,1849266,Milan
church_overture:c49645f4-ce03-4a48-8a7e-08d816966ab3,First Baptist Church,,-69.28885206394158,45.023800723840296,23,2317495,Dexter
church_overture:c498b02e-3963-4267-af04-a847e9a30263,First Baptist Church,,-71.22359954,42.44614095,25,2535250,Lexington
church_overture:c49ac898-c33a-4ac0-beac-332beef7b934,First Baptist Church,,-98.748703,35.096286,40,4049650,Mountain View
church_overture:c4a1ea1a-02c0-47c6-a692-bf4b8a041d67,First Baptist Church,,-108.05296982,44.49005369,56,5633885,Greybull
church_overture:c4a6b89d-c868-4b88-ba73-0599733ef9d1,First Baptist Church-san Juan,,-98.1555471,26.1847334,48,4865516,San Juan
church_overture:c4a861da-49b7-4ccf-89cb-11f131ab905b,First Baptist Church,,-86.78759789,36.16522592,47,4752006,Nashville-Davidson metropolitan government (balance)
church_overture:c4ae327e-394e-4330-a66e-386026732d49,First Baptist Church,,-94.30312717653375,37.174095215497495,29,2911656,Carthage
church_overture:c4af0725-b4b4-4be6-8f70-03039d0a49d9,First Baptist Church of Ganado,,-96.51130277,29.03219256,48,NA,NA
church_overture:c4bdd7fc-cf4b-41b6-bb16-1a5bb8683a59,First Baptist Church,,-107.6075872,45.7174771,30,NA,NA
church_overture:c4be696e-67b9-45f7-9cdf-5b0dfb5ce1dd,First Baptist Church,,-87.85985058,41.8911792,17,1748242,Melrose Park
church_overture:c4ca113b-2b48-477b-962f-487428d4732d,First Baptist Church,,-88.71363787,34.11900924,28,2866720,Shannon
church_overture:c4ced7cf-4d14-4c9f-b2ba-7ede0cbc7ea9,First Baptist Church,,-84.17301808922387,39.96186335876909,39,3976876,Tipp City
church_overture:c4e91e2c-5cd2-4097-801f-f6fe9d83c486,First Baptist Church,,-96.92039378648415,35.32946546544578,40,4066800,Shawnee
church_overture:c4f83792-5034-4bb9-b10f-8aa673aef474,First Baptist Church of Pine Level,,-86.46485441,32.57631128,01,0160264,Pine Level
church_overture:c504b00a-5c07-451c-a7d6-0e60ee765022,First Baptist Church Pottsboro,,-96.66790195680315,33.75940678865801,48,4859132,Pottsboro
church_overture:c50c3e19-e8d0-4d98-9bc0-5fc2db8b6051,First Baptist Church,,-105.39447746,32.6180737,35,3557440,Pinon
church_overture:c5182d25-ddea-436f-b682-cdab93dac6f9,First Baptist Church,,-94.677235,45.147459,27,2726126,Grove City
church_overture:c51a27ad-b22f-4f44-b71c-ace940d66661,Sharon First Baptist Church,,-99.33546357,36.27956467,40,NA,NA
church_overture:c521b0f4-b24c-41ed-928d-02902d75ddae,Minco First Baptist Church,,-97.94722764,35.31221353,40,4048750,Minco
church_overture:c527771d-54b7-4187-b1f1-07f3f5cac8c7,First Baptist Church,,-88.05529908,30.85424348,01,0168352,Satsuma
church_overture:c52859fc-54ec-4ce9-a0db-8fa548b80e08,First Baptist Church,,-81.18562757,33.1834587,45,4552585,Olar
church_overture:c5314e86-ed35-4b3c-bae5-76fff6002c72,First Baptist Church,,-120.34985384,42.190977,41,4140700,Lakeview
church_overture:c535221e-d76d-4a9e-ab99-6f4529193dc5,First Baptist Church,,-122.86306749146196,42.33630544474296,41,4147000,Medford
church_overture:c53f1682-80ac-49e8-81d3-b54a36519282,First Baptist Church Haleyville,,-87.62054768,34.22750181,01,0132704,Haleyville
church_overture:c53f4539-c871-4650-857c-17ecb3c05f63,First Baptist Church,,-77.075369,36.437366,37,NA,NA
church_overture:c54c1eca-836c-4335-8dbf-6ba2007b5efe,First Baptist Church,,-123.20866175,44.85044141,41,4136150,Independence
church_overture:c55be0da-95d8-4d43-8977-428d5da49ee2,First Baptist Church of Columbia,Church Library at First Baptist Columbia,-81.032194,34.005664,45,4516000,Columbia
church_overture:c56fb833-5940-42e0-aeca-1f5aa4cb56cc,Centralhatchee First Baptist Church,,-85.10202800357,33.367775963573,13,1315026,Centralhatchee
church_overture:c572010e-2883-40e6-afb5-df2f9b982301,First Baptist Church,,-87.56578,33.206927,01,0177256,Tuscaloosa
church_overture:c58453bc-a635-4985-b709-1f2164a4bd12,First Baptist Church,,-121.10073654,38.01447212,06,NA,NA
church_overture:c58dc92a-9369-4caa-a109-8c5f7f538764,First Baptist Church,,-124.09965691,43.98908448,41,4126050,Florence
church_overture:c59ed8cc-55c6-4d68-a46b-f4bc0abe2108,First Baptist Church of Akron,,-87.744632,32.877994,01,0100676,Akron
church_overture:c5a3b673-1e95-4462-bd0d-84aabc4aab5d,Eldorado First Baptist Church,,-99.65243364,34.47299536,40,4023350,Eldorado
church_overture:c5aa6688-e520-4ee2-9c8c-d7c561245e3d,First Baptist Church of Lead Hill,,-93.0356724,36.4391875,05,NA,NA
church_overture:c5ae8e09-7f52-40a7-abda-53214614e6eb,First Baptist Church,,-73.71067464,42.65679692,36,3661148,Rensselaer
church_overture:c5b8d9da-8507-4564-aea2-4f9922726f67,First Baptist Church-Richwood,,-75.208075,39.674851,34,NA,NA
church_overture:c5bdf8eb-eff9-4077-8895-8b2379ffb8e3,First Baptist Church,,-109.924439,31.398345,04,0406260,Bisbee
church_overture:c5f5e38a-b229-4b83-aae8-016b431d4824,First Baptist Church of Hutchins,,-96.71365255,32.64783576,48,4835612,Hutchins
church_overture:c5f88789-2701-4be6-a209-dcd77885af17,First Baptist Church,,-81.11510617,41.29107001,39,NA,NA
church_overture:c5fb453d-d500-459e-8ba0-8bc4a56deff1,First Baptist Church of Bells,,-96.42934,33.57567,48,NA,NA
church_overture:c60c7d60-ce9f-4c73-9f9b-69b0f895f3af,First Baptist Church,,-84.483532905579,36.414099282318,47,4736640,Huntsville
church_overture:c6242a34-1993-42ef-afec-962c183822c5,First Baptist Church of Eaton,,-104.71416893,40.52725597,08,0822860,Eaton
church_overture:c627b39c-eb2a-436a-8d5d-76e347fa0c6a,First Baptist Church,,-80.46645069,39.03766205,54,5485972,Weston
church_overture:c62f45fe-2ad1-495c-9a93-0b824a1290c4,First Baptist Church Hudson,,-82.68091527,28.3511923,12,1232825,Hudson
church_overture:c66e4640-2e71-465e-95bb-5d7f44989e73,First Baptist Church,,-83.55972383,39.65611218,39,3938920,Jeffersonville
church_overture:c67e3163-1311-43dc-a99b-3a90570d3eea,First Baptist Church,,-90.51940158,37.85171663,29,2956272,Park Hills
church_overture:c6885fba-60e1-4da2-957c-5524d94b1232,First Baptist Church of Lowell,,-81.10393302,35.26935423,37,3739480,Lowell
church_overture:c68edd1d-81f3-4334-8266-bbf56f1c795a,First Baptist Church of Schenevus,,-74.8211257,42.54775355,36,3665519,Schenevus
church_overture:c69a00b7-3f62-463d-b7de-bcbce0c4764c,First Baptist Church,,-79.52025079,40.7649898,42,4242672,Lenape Heights
church_overture:c6a93d4c-319c-4091-a63b-a6aaae6cfdea,First Baptist Church,,-73.91795123,41.69525751,36,3659641,Poughkeepsie
church_overture:c6acc118-fd2f-4ede-aebd-3e6e6943642e,First Baptist Church,,-80.76787994,35.00760055,37,3771680,Weddington
church_overture:c6b9852f-162c-4d37-9eed-66ebd9adcd04,First Baptist Church,,-103.20153354,40.16182875,08,0800925,Akron
church_overture:c6bd3ea2-0a20-4b27-a3a0-a022bfc75eb7,First Baptist Church,,-97.50311421,37.50513378,20,2013925,Clearwater
church_overture:c6c3f429-a250-464c-b826-1b3b16b9b904,First Baptist Church,,-95.853474,33.437528,48,4856468,Pecan Gap
church_overture:c6ce65ce-10af-447f-8552-3fe0d228c1dc,First Baptist Church of Jasper,,-87.27158788,33.82428029,01,0138416,Jasper
church_overture:c6d1ad29-335a-4590-9ca9-6ababcc08c91,First Baptist Church,,-121.52810354,38.57043952,06,0684816,West Sacramento
church_overture:c6e7cbed-4e8e-4977-8766-29f0395ac7bc,First Baptist Church,,-98.68626442,35.53618077,40,4079450,Weatherford
church_overture:c6ea60e7-2c02-4767-bbbe-4f161774563b,First Baptist Church,,-92.40963136,35.3682098,05,0517290,Damascus
church_overture:c6f369c9-4b66-44a1-81e7-1e08e1fde379,First Baptist Church of Ocean Springs,,-88.827393,30.411715,28,2853520,Ocean Springs
church_overture:c6f4f2be-a7d6-4692-b8ad-b5631ee75117,First Baptist Church,,-92.12998235,36.12819542,05,0510570,Calico Rock
church_overture:c705175e-60e5-4a4c-ac14-81fb7be47fe5,Winterville First Baptist Church,,-83.28161384,33.97076556,13,1383728,Winterville
church_overture:c7116a5e-bb4a-475d-94f8-3682d082d2f8,First Baptist Church,,-95.84077303,36.36441184,40,4016350,Collinsville
church_overture:c7167851-543f-47ad-b093-6ebc42769aed,1st Baptist Church,,-93.141275,33.918301,05,0529200,Gurdon
church_overture:c718c98f-9f1f-44a5-a8b1-7de7fdb55578,First Baptist Church of Benton,,-93.74025101,32.69358679,22,2206925,Benton
church_overture:c71c84a8-b56b-489a-ba5b-a6bbaed26abf,Garvin First Baptist Church,,-94.9417039,33.95520465,40,4028700,Garvin
church_overture:c71f7d9e-0d0b-4269-a49a-1044030a0100,First Baptist Church,,-100.22737834692481,33.138812531401825,48,4804408,Aspermont
church_overture:c72abccd-5091-4596-bd4d-1c01aaa3dcba,First Baptist Church,,-96.75611468,37.31607573,20,2009250,Burden
church_overture:c72b737e-8fd3-4371-9289-df96fdfcdeff,First Baptist Church,,-77.43797516,37.39605654,51,5106216,Bellwood
church_overture:c72dd8d8-4d81-4586-9be5-30d4f0127eab,First Baptist Church of Lawtey,,-82.074932,30.047707,12,1239700,Lawtey
church_overture:c73576fb-429e-4a5c-a6d0-c1fb88cc1647,Lesterville First Baptist Church,,-90.84494867,37.45297332,29,NA,NA
church_overture:c73ad62a-6a68-4b9f-a334-da799d5a52b9,First Baptist Church Corinth,,-97.05939935,33.13500964,48,4816696,Corinth
church_overture:c73c6840-f22a-4525-85d2-3cbd5e2e6654,First Baptist Church,,-97.37353712,32.23176544,48,4862240,Rio Vista
church_overture:c744ce69-df4f-40ab-b811-a3831659947e,First Baptist Church,,-98.65545938,34.42258835,40,4013600,Chattanooga
church_overture:c7452c2b-0184-4963-b1b5-771adc09ad28,Fair Grove First Baptist Church,,-93.15117368,37.37979162,29,2923338,Fair Grove
church_overture:c749c398-36cd-4ae3-b0c8-e0eee7bead1a,First Baptist Church,,-96.8024030807223,35.26974743259337,40,4022500,Earlsboro
church_overture:c765f510-3cb2-4e7a-9fe9-6cdc4341b04c,First Baptist Church,,-95.91404095,30.94754221,48,4845996,Madisonville
church_overture:c771e627-38b2-4f15-91db-fea2835f97f4,First Baptist Church of Tempe,,-111.90892933,33.38375783,04,0473000,Tempe
church_overture:c77b8ca4-7a42-4528-9486-fe512137d9ad,First Baptist Church,,-99.20554888,36.43629581,40,4049250,Mooreland
church_overture:c77e4720-d12b-4c68-8ded-bfa900f3f78e,Ty Ty First Baptist Church,,-83.64975208626372,31.475937356431974,13,1378100,Ty Ty
church_overture:c78769a8-61e5-43a7-90cd-f50dd76c3d27,Shamrock First Baptist Church,,-81.60667073,28.13113018,12,NA,NA
church_overture:c790aa06-895b-40f0-b9e8-f798672870cd,First Baptist Church of Hawley,,-75.17986166,41.47606459,42,4233200,Hawley
church_overture:c794769e-d27b-4fe6-81db-44acb8fcc117,First Baptist Church,,-76.8622964,37.92960629,51,5177568,Tappahannock
church_overture:c7a757cb-17b0-4f25-a8e0-9a75abe07efc,First Baptist Church,,-94.05134956,33.13799128,48,4808752,Bloomburg
church_overture:c7ab5b18-9ac6-4688-91cf-9babbb2181c1,First Baptist Church,,-80.12335071,26.23184663,12,1258050,Pompano Beach
church_overture:c7ae19d7-9b46-4c42-8d33-bbd5d557832b,Unadilla First Baptist Church,,-83.7329199,32.26122,13,1378156,Unadilla
church_overture:c7aed933-69a5-46bb-a51d-1f497b7c34c9,First Baptist Church,,-99.81368134,32.61088964,48,4832840,Hawley
church_overture:c7bcbe73-c45a-4e16-a1fb-edd3199bfcc7,First Baptist Church of Davison,,-83.51574,43.03352,26,2619880,Davison
church_overture:c7bff9d2-f8aa-47f6-9b91-1d61c4d11c7c,First Baptist Church,,-80.76205209,37.97112324,54,5466652,Rainelle
church_overture:c7cc5cc7-cc09-41c9-97f0-5623f98a32d6,Greencastle First Baptist Church,,-86.90883,39.64639,18,NA,NA
church_overture:c7dd94bc-5988-4d19-968a-92e8dbd576cd,First Baptist Church,,-85.51499603,30.95713561,12,1227000,Graceville
church_overture:c7df2c1b-a103-4190-a8d3-fbd93997c04c,Shady Grove First Baptist Church,,-88.945066,31.892005,28,NA,NA
church_overture:c7ec19c2-925c-4aca-bcbe-3bd331dcfbab,Rockholds First Baptist Church,,-84.11924365,36.82741997,21,2166162,Rockholds
church_overture:c7f7af2c-828c-465f-92b3-dd2750901c1d,First Baptist Church,,-101.10297711,35.20093433,48,4831292,Groom
church_overture:c8047821-2adc-4db6-a685-bbbd512fc30e,First Baptist Church,,-92.7266226,33.364984,05,0564730,Smackover
church_overture:c80f7f0e-e159-4ad9-ae46-e2856975f848,First Baptist Church,,-99.17765564,33.18070104,48,4872896,Throckmorton
church_overture:c81a1641-b111-4947-81c2-d7978403535f,First Bapt Church of Miamitown,,-84.729712,39.204061,39,NA,NA
church_overture:c8282320-587d-46a0-9b27-c590c9c71ec5,Wickes First Baptist Church,,-94.336673,34.304295,05,0575500,Wickes
church_overture:c8288810-ec05-42df-9a76-cf6b56bc35b8,First Baptist Church,,-82.745183,42.688702,26,2657100,New Baltimore
church_overture:c838894a-aa00-42b3-b2a9-c50f4238bde8,First Baptist Church of Maynardville,,-83.79955662,36.24901774,47,4746700,Maynardville
church_overture:c83c48cf-3da3-40f6-99b4-5f430a59605e,First Baptist Church of Warsaw,,-78.13304467,42.73904213,36,3678333,Warsaw
church_overture:c83f2f1e-0b07-4644-80ae-e4b532b8313f,First Baptist Church,,-95.502176,36.15599,40,4037100,Inola
church_overture:c83ffe71-bb2c-4f49-94c3-e322b48c1f0d,First Baptist Church,,-101.36213053,35.10818091,48,4815196,Claude
church_overture:c854d29b-6382-4813-aa99-c74b18481daa,First Baptist Church of Greenport,,-72.36133554,41.10787564,36,3630576,Greenport
church_overture:c85a64d1-79cf-4188-a774-31fd494147a1,First Baptist Church,,-82.19330298,38.81873477,39,3929204,Gallipolis
church_overture:c865693c-5f1e-4f0f-a359-c3abe11ee9e3,First Baptist Church Olustee,,-99.41801679577706,34.54367803788571,40,4055450,Olustee
church_overture:c893f2d2-5d8b-4d44-9acd-0bead30dd93d,First Baptist Church,,-93.92017997837415,36.81667731454743,29,2960176,Purdy
church_overture:c89c4d6c-0f16-44e9-8737-96ab338dbe87,First Baptist Church of Camden,,-92.8336984,33.58487466,05,0510720,Camden
church_overture:c8a02c65-b996-4c94-9f36-3e345a0932a1,First Baptist Church Whitewright,,-96.39429693,33.51367103,48,4878628,Whitewright
church_overture:c8b23110-ecfc-46d9-a74a-d363c06da577,First Baptist Church of Rowley,,-70.87952513,42.71527684,25,2558370,Rowley
church_overture:c8b7a4e4-c856-4dc1-8f34-a0922b0090b8,First Baptist Church - DeFuniak Springs,,-86.11754601,30.71876305,12,1216800,DeFuniak Springs
church_overture:c8be5ebe-b703-4ca1-8b5e-7c50276b9697,First Baptist Church,,-78.91499689,40.47976562,42,4280288,Vintondale
church_overture:c8cabdbe-cb7a-4fd3-affe-1bb0f84879b0,First Baptist Church,,-76.51371253,37.32247157,51,NA,NA
church_overture:c8ccd2d9-5d64-4dc8-86e1-807a55eecb9c,First Baptist Church,,-94.45923095,36.33584752,05,0517740,Decatur
church_overture:c8cf4a68-5d75-4189-9da2-3c1138c6dedf,First Baptist Church,,-94.637079,34.949422,40,4036150,Howe
church_overture:c8d04493-f515-41e1-af6c-33bec8ee8562,First Baptist Church,,-77.60611928,42.79214359,36,3633128,Hemlock
church_overture:c8de732b-9e31-40dc-8fe7-7bc3aefb1876,First Baptist Church of Palmer,,-149.13740957,61.585604,02,0258660,Palmer
church_overture:c8ec8b4a-c888-4f15-89ea-213c3b5dceb6,First Baptist Church of Parker,,-96.6297174,33.05499616,48,4855152,Parker
church_overture:c8f18efd-600f-4668-bb1f-9705742f9db0,First Baptist Church,,-99.33187932,38.87330826,20,2031100,Hays
church_overture:c8f76cf3-01bb-4ae7-ab26-79d9069e52a2,First Baptist Church,,-79.33147423393135,42.44117073585969,36,3627419,Fredonia
church_overture:c8fba5f7-d4b7-4c13-a72e-e3ed3cf11c53,Crossnore First Baptist Church,,-81.92952815,36.02138914,37,3715580,Crossnore
church_overture:c90bb874-6b46-4c1f-9802-cafbcfcef815,First Baptist Church,,-91.86639692,37.70460022,29,2921214,Edgar Springs
church_overture:c90d1191-aa55-4b3e-b096-c9f6335e8e64,First Baptist Church,,-96.62960556,32.32885131,48,4824348,Ennis
church_overture:c91471e5-618e-4080-8fcc-96f815711794,First Baptist Church,,-80.70282745,37.32534425,51,NA,NA
church_overture:c91991e0-1452-4065-bd71-7bd526206fd1,First Baptist Church of High Ridge,,-76.85409049,39.11685859,24,2456725,North Laurel
church_overture:c91addd3-5131-4e49-b94b-5bd46f82d2b2,First Baptist Church of Upper Marlboro,,-76.79153345,38.78823484,24,2464568,Queensland
church_overture:c91c4ec7-0547-4b4a-9057-5ebc0ee63fc6,First Baptist Church,,-84.85584802,38.95124667,18,1864674,Rising Sun
church_overture:c9223d71-41fb-48c9-9c3e-76f5e0cea9e1,First Baptist Church,,-97.14888215,27.90025541,48,4803600,Aransas Pass
church_overture:c92db300-0d08-4d5c-afc0-b8cb16776707,First Baptist Church of Rockmart,,-85.04842678,33.99606735,13,1366276,Rockmart
church_overture:c933feb3-28d6-4a72-9e4e-3d35231f8205,First Baptist Church,,-92.23533369,47.51658069,27,NA,NA
church_overture:c933fef5-2c89-47c8-846d-971e281ad239,First Baptist Church Of Alpharetta,,-84.29279447,34.07614926,13,1301696,Alpharetta
church_overture:c9372fdf-c06e-4a90-9456-388df409621e,First Baptist Church,,-96.08113773922506,37.37896797518234,20,2042650,Longton
church_overture:c953d4cb-7caa-441a-8df6-96c593112bbb,Wilson Creek First Baptist Church,,-82.65776952,34.31364572,45,4536160,Iva
church_overture:c957c498-ee33-4497-9539-1f39b3aeda68,First Baptist Church,,-74.52366605,40.55459022,34,3468730,South Bound Brook
church_overture:c95e192d-7828-439b-aff9-789bc01f8752,Irvington First Baptist Church,,-86.06710752,39.76724998,18,1836003,Indianapolis city (balance)
church_overture:c95f9155-9309-4005-9de0-a9273500c394,First Baptist Church,,-110.69779853,35.026268,04,0483930,Winslow
church_overture:c961f5ee-9a23-41f3-93f0-3cc2e2e207f5,First Baptist Church,,-79.83519053,42.21469458,42,4254952,North East
church_overture:c963b2cb-51de-4a55-bdf6-ecbb96060357,First Baptist Church,,-80.8612343572203,32.235815550792786,45,4507210,Bluffton
church_overture:c9645abe-fbd7-4523-b3e6-fb0ce0cc1e72,First Baptist Church Frankston,,-95.50348091,32.05538408,48,4827300,Frankston
church_overture:c96707ab-e0ed-4314-ad3a-fb227e7aec01,First Baptist Church,,-78.18750022138991,43.07831534163682,36,3623745,Elba
church_overture:c96dd11b-2c09-484e-9a6c-3580c301ae6f,Quemado First Baptist Church,,-100.62533648,28.94879396,48,4860092,Quemado
church_overture:c9929698-7814-4d4b-8b05-1409d2330f88,First Baptist Church,,-95.13163558,32.13612768,48,4873724,Troup
church_overture:c99fcd54-47e9-434e-8b5b-0aa45bca50a1,Oden First Baptist Church,,-93.78012229,34.61900884,05,0551290,Oden
church_overture:c9ab7a22-6023-4546-9772-48b8cd9304a1,First Baptist Church,,-78.58408098240052,36.84894729917318,51,NA,NA
church_overture:c9acbdbf-34b7-4c9a-9c22-7c497eb38fa4,Edgefield First Baptist Church,,-81.92755108,33.79113581,45,4522795,Edgefield
church_overture:c9bfad24-ba6f-4e7d-9fc9-d24caff57561,First Baptist Church,,-82.59562276,31.86933826,13,1337564,Hazlehurst
church_overture:c9cfa608-a703-4dc5-80e0-7e4c2fcee9a7,First Baptist Church Deweyville,,-93.74509827,30.29664146,48,4820212,Deweyville
church_overture:c9cfe9b6-1de8-41a5-a7e5-df9a30b87542,First Baptist Church,,-74.9494946,40.03140805,34,NA,NA
church_overture:c9d70a5f-6aa4-439a-9b25-f83061e49e51,First Baptist Church Of Wentzville,,-90.849231,38.8183329,29,2978442,Wentzville
church_overture:c9d7ee8e-fc9e-4247-932c-72731026558f,First Baptist Church,,-91.01700121,30.86462297,22,2215990,Clinton
church_overture:c9db85e2-99da-4030-b48b-f7a1d6a122ac,First Baptist Church of Kingston,,-86.77371363,33.54016898,01,0107000,Birmingham
church_overture:c9e50643-26d5-4e79-82d4-a997550c7ea5,First Baptist Church of Anoka,,-93.410814,45.205704,27,2701720,Anoka
church_overture:c9f7fe78-26a5-4fbe-9607-892d1a38f849,First Baptist Church,,-92.54352065,39.43905745,29,2933886,Huntsville
church_overture:ca05500d-ef94-4543-a1fe-4eeb8ec71301,First Baptist Church,,-96.48499986,42.99836664,19,1935265,Hawarden
church_overture:ca0b4543-7940-4863-98b7-2bed6ebcfea5,First Baptist Church,,-95.14188554,39.56906924,20,2002900,Atchison
church_overture:ca0d33aa-03ce-46ad-a10c-b1267ea3020a,First Baptist Church,,-81.24309,28.586193,12,NA,NA
church_overture:ca0ec7c6-1be3-4567-8df4-af8169f97790,First Baptist Church,,-119.63493496,46.90275263,53,5360230,Royal City
church_overture:ca110ff5-4976-48ac-a4da-705e297190e3,St John First Baptist Church,,-97.4035,27.74239,48,4817000,Corpus Christi
church_overture:ca1a0637-11e6-40dc-82b2-a9b06fb88f2b,First Baptist Church,,-93.3446687,32.01565013,22,2218055,Coushatta
church_overture:ca22c050-52dd-4374-925a-7c4dbafd38a3,Hoschton First Baptist Church,,-83.76086407295803,34.099869177437355,13,1340056,Hoschton
church_overture:ca25bdd9-61f6-4451-bb78-dd057a47aa47,First Baptist Church,,-75.51043222,40.62279118,42,NA,NA
church_overture:ca3e0c23-8964-4ac1-bbd7-b682e43c4b86,First Baptist Church,,-98.34037,32.08618,48,4821484,Dublin
church_overture:ca68853e-3055-41f2-8fdf-d245a35e324f,First Baptist Church,,-87.84339216,36.48620216,47,4721400,Dover
church_overture:ca6b8a02-cc4e-4c2c-8c2f-2570d88a0111,First Baptist Church White Bluff,,-87.193893,36.105541,47,4779980,White Bluff
church_overture:ca6fd2f9-0d23-42e6-a8c3-f1c7a46a04ac,Prentiss First Baptist Church,,-89.85285876,31.58905424,28,NA,NA
church_overture:ca71a900-7945-440e-8bb0-b14fba1561d2,First Baptist Church,,-122.25881539,37.50366663,06,0665070,San Carlos
church_overture:ca74e34d-dde4-4190-ab93-f26d90017fdc,First Baptist Church of Nanakuli,,-158.14922579,21.39183707,15,1553900,Nanakuli
church_overture:ca840653-b6cc-4c17-a11d-d16b862d91fd,First Baptist Church,,-96.9786933319826,32.46621783032521,48,4848096,Midlothian
church_overture:ca84d70b-95e8-488d-bba3-265da6a5c261,First Baptist Church,,-85.18976798,39.49923005,18,1842372,Laurel
church_overture:ca8cf3dd-72ad-4e54-a3c1-bd1fee7fe568,Auburn First Baptist Church,,-83.82748867,34.01192012,13,1304140,Auburn
church_overture:ca905c36-07c1-4d5a-b1de-41f8433ed197,First Baptist Church,,-81.46751471,41.64267601,39,3985638,Willowick
church_overture:ca98cace-4383-4491-8d1d-f822360bb0c0,First Baptist Church,,-98.47584207,36.26961988,40,4025100,Fairview
church_overture:caab770b-7761-4867-828e-cba756d86a95,First Baptist Church,First Baptist Church Of Gilette,-82.52792547,27.60101415,12,NA,NA
church_overture:cabeea98-d3bf-4327-aab6-e729caa7b730,First Baptist Church,,-70.15480787067057,44.957130675901134,23,2336990,Kingfield
church_overture:cad7dc1e-a474-4748-8464-83db1e74b9c8,First Baptist Church,,-88.30098764,32.48422812,01,0184096,York
church_overture:caed404c-c027-4d7d-aeea-05503b9792f9,First Baptist Church Cleves,,-84.74155362,39.15736656,39,3916028,Cleves
church_overture:cafa7b57-3cac-4fc9-914b-e013e4f0115f,First Baptist Church,,-82.46065087,36.94307342,51,5117952,Coeburn
church_overture:caff92d1-eb6e-4ae8-8848-9567dbcdf914,First Baptist Church,,-89.36756714,40.15003681,17,1743536,Lincoln
church_overture:cb054b6a-0954-4f99-bbc3-fde1bb873744,First Baptist Church,,-81.79131404,33.33228416,45,4536205,Jackson
church_overture:cb19c2df-3d55-4101-94e0-03d0b5a29a57,First Baptist Church,,-96.10877748,33.13803483,48,4830920,Greenville
church_overture:cb3af7aa-34a0-424e-a7bf-c5a24945a95c,First Baptist Church,,-88.4027857,40.1927349,17,1746136,Mahomet
church_overture:cb40d2e9-f493-417d-9405-7d72783071ed,Taloga First Baptist Church,,-98.96168,36.03782,40,4072350,Taloga
church_overture:cb4920ab-136d-458c-b564-34cc5e758dc3,First Baptist Church of Whitney Point,,-75.97308678469822,42.33594114352145,36,3681831,Whitney Point
church_overture:cb4da824-dfd9-409c-bb6c-38c92f7c9230,First Baptist Church,,-94.43465973,35.35329454,40,4002650,Arkoma
church_overture:cb548bbb-ae1a-4166-80d4-28a820ab3ad5,Alpena First Baptist Church,,-93.28885,36.29438,05,0501060,Alpena
church_overture:cb5d737a-2d14-4791-b8d5-533bb267613f,First Baptist Church,,-94.079644,33.470519,48,4872368,Texarkana
church_overture:cb688730-c1cf-430b-b413-eea190e28007,First Baptist Church of Waldport,,-124.03475258,44.41664849,41,NA,NA
church_overture:cb68ca86-331e-4979-bdaa-abeaa72764ab,First Baptist Church,,-116.55365906,33.86333551,06,0655254,Palm Springs
church_overture:cb6a3e7c-d2fe-4da3-9fca-575f67983fb6,First Baptist Church,,-74.6068775,41.20794433,34,3471670,Sussex
church_overture:cb878f61-6c4f-4a3e-a95f-dcffb183da71,First Baptist Church Of Belleview,First Baptist Church of Belleview,-82.050051,29.060311,12,1205375,Belleview
church_overture:cb8a66af-f19b-4b8b-91b8-2837fa44aa93,First Baptist Church Moab,,-109.553548,38.580842,49,4950700,Moab
church_overture:cb8c267b-a0ee-4c02-92a9-d4a9016b870b,First Baptist Church,,-100.60297293,30.85980343,48,4822960,Eldorado
church_overture:cb8d40cd-320b-4a6b-9e75-737f0bb4ec30,First Baptist Church,,-103.50715868448133,44.40456177906567,46,4662100,Sturgis
church_overture:cb94a9e5-a6ba-4bbe-aaa6-fcdb78ecefb9,First Baptist Church of Grottoes,First Baptist Church,-78.82081258,38.25884325,51,5133488,Grottoes
church_overture:cb969dd1-fe72-485a-b2fe-50e74451bf46,First Baptist Church of Austin,,-97.73784685,30.27001133,48,4805000,Austin
church_overture:cba35a38-23e5-4560-b49d-04ae993e46d5,First Baptist Church of Clare,,-84.76343738,43.82897326,26,2615920,Clare
church_overture:cbac680a-2efd-4ac2-9fc6-0f7fecd478b4,First Baptist Church,,-94.2373123,39.7336082,29,2910828,Cameron
church_overture:cbb7c2bb-c130-403c-962b-75f65a6d093e,First Baptist Church,,-124.41635119,42.41534685,41,4129900,Gold Beach
church_overture:cbb91a6a-d8bb-4a90-a989-d72412295c78,First Baptist Church,First Baptist Lorenzo,-101.53380083,33.67259273,48,4844032,Lorenzo
church_overture:cbc1cd24-13d7-4132-8c0c-143f47baaf38,First Baptist Church,,-97.0598396,45.65907435,46,4659260,Sisseton
church_overture:cbc5ff2e-be13-4eaf-80ff-24c0abac58d9,First Baptist Church,,-100.226657,33.149648,48,4804408,Aspermont
church_overture:cbca4846-c3f0-4b3e-8d80-7c995318a715,First Baptist Church,,-71.8632719,42.3513869,25,NA,NA
church_overture:cbcc29af-62be-46bb-8147-1483ea6600ba,First Baptist Church,,-92.1337283,29.97589002,22,2200100,Abbeville
church_overture:cbcc2c8a-5ca9-4af6-a31d-7d7251b9a8d3,First Baptist Church,,-81.147107,41.761923,39,3961882,Perry
church_overture:cbd09abe-c4a3-4388-880b-4c7cd0b7f82f,First Baptist Church of Bosque Farms,,-106.689875,34.855098,35,3508580,Bosque Farms
church_overture:cbd22ab8-c8fc-4044-9738-d09c879542c2,Salyersville First Baptist Church,,-83.07049933,37.74911038,21,2168232,Salyersville
church_overture:cbd97fb7-d0d6-49d2-8b9d-6f508a2b1b4e,First Baptist Church of Los Osos,,-120.809907,35.306047,06,0644182,Los Osos
church_overture:cbf0248b-0d99-478f-a145-85b4b40fbdf4,First Baptist Church,,-96.161158,31.7235,48,4825104,Fairfield
church_overture:cbf10969-d9df-4142-8e70-69c183c424c1,First Baptist Church of Pinole,,-122.3184381,38.00137688,06,0677924,Tara Hills
church_overture:cbf304bd-4e39-43b9-9475-2be2e86dc2f6,First Baptist Church of Everett,,-71.05607323,42.4094266,25,2521990,Everett
church_overture:cbff4e13-7ed9-40bc-8d5b-2f49942fc406,First Baptist Church of Crawfordville,,-84.37597623,30.17464065,12,NA,NA
church_overture:cbff74aa-8f7f-4e4c-b839-b66f27788f3c,First Baptist Church,,-93.64034583,37.00104857,29,2946172,Marionville
church_overture:cc123555-2b1e-4d57-ba16-5eab68383b7a,First Baptist Church,First Baptist Chr Family Life,-91.28370406,35.60448501,05,0549580,Newport
church_overture:cc24fabb-1796-451d-b185-b525cd5abf49,First Baptist Church Hendersonville,,-86.5673429,36.32010605,47,4733280,Hendersonville
church_overture:cc38148b-d202-4588-b847-e478095b0d16,First Baptist Church,,-85.304574,29.813348,12,1258675,Port St. Joe
church_overture:cc409b69-1ac1-477d-85a6-5cc28cfd35e1,First Baptist Church,,-79.65129485,36.36221342,37,3755900,Reidsville
church_overture:cc427057-2d92-4263-9430-e55738de3340,First Baptist Church,,-95.481943777483,31.490360154779,48,4830632,Grapeland
church_overture:cc4f24c2-0607-42bd-bf40-cfe4e6be4b3d,First Baptist Church,,-81.24119158,32.95866965,45,4524370,Fairfax
church_overture:cc500686-edbb-499b-ada0-3b336d71a07d,First Baptist Church of Pittston,,-75.79100884,41.32287212,42,4261048,Pittston
church_overture:cc55d569-ccaa-4f91-8eb8-db92f253efbc,First Baptist Church Elkin,,-80.84842126,36.24565939,37,3720620,Elkin
church_overture:cc57dc68-7688-40b2-8376-5feecf5e2498,First Baptist Church,,-100.21162532,34.84941866,48,4877152,Wellington
church_overture:cc594fc1-af34-4d5c-bda9-50b609855e22,First Baptist Church of Rahway,,-74.27886094,40.60815665,34,3461530,Rahway
church_overture:cc5a190b-5afc-45d7-a740-f5e15a6afe39,First Baptist Church Calypso,,-78.09723462,35.15673584,37,3709760,Calypso
church_overture:cc6affb6-3fc6-4c61-a18a-8cc183b914bf,First Baptist Church of Chico,,-121.83292009,39.74101545,06,0613014,Chico
church_overture:cc742402-aa21-41a4-b7df-5562a99d48c3,First Baptist Church of University Place,,-122.54304872,47.23355768,53,5373465,University Place
church_overture:cc74f628-be30-4ac0-b694-4d7679e2c7ae,First Baptist Church,,-78.97423389,35.16410807,37,3764180,Spring Lake
church_overture:cc7d7f5c-29d5-4bf9-8d7c-0fbe3669d656,First Baptist Church,,-89.52986904,35.74709754,47,4763340,Ripley
church_overture:cca57862-08f1-4a3d-ab69-3f532f020108,First Baptist Church,,-97.871642,27.516018,48,4839352,Kingsville
church_overture:cca5fd4d-8faa-440c-9a06-d4b04e1f9436,Sandia First Baptist Church,,-97.88026625,28.01924046,48,4865168,Sandia
church_overture:cca6e704-1828-4f6e-a68a-c50d50b6936a,First Baptist Church,,-79.91677201,36.72481452,51,5118352,Collinsville
church_overture:ccaccbd8-d86c-4904-90d2-589eb37ab775,Davis First Baptist Church,,-76.46017288,34.79692914,37,3716480,Davis
church_overture:ccbafb76-d4e3-471a-967c-34b06b96a96a,First Baptist Church,,-86.44041713,36.38665994,47,4728540,Gallatin
church_overture:ccc5e565-8e8e-470e-8c17-9a2c5121c171,First Baptist Church of Surfside Beach,,-78.96755175,33.62228017,45,4570585,Surfside Beach
church_overture:cccd6324-1204-4f45-b3a6-240984b2b784,First Baptist Church of Council Grove,,-96.4929,38.6601,20,2015925,Council Grove
church_overture:ccd5b955-5ecb-4128-8c39-84b8a7b64696,First Baptist Church,,-94.618173,37.069905,20,2025100,Galena
church_overture:cce23059-1dd3-4b39-bd91-7efb731ddf02,First Baptist Church,,-74.30375104,40.67988442,34,3436690,Kenilworth
church_overture:cce8194d-f5b6-4143-ad8c-cc0615a4c4ab,First Baptist Church,,-95.89261449,41.13564871,31,3103950,Bellevue
church_overture:cd1f6e5d-ac2c-439c-bbce-e2503f15c500,First Baptist Church of Alba,,-95.63258548,32.79318034,48,4801636,Alba
church_overture:cd21ca76-da75-453f-a68e-ba943941d0bb,First Baptist Church,,-117.29588184,45.42229385,41,4123500,Enterprise
church_overture:cd2c9236-478f-45d8-91db-78cab4225491,First Baptist Church,,-90.82379875,36.61929896,29,2919792,Doniphan
church_overture:cd30efaa-2957-4176-8cd9-6f0040972641,Salem First Baptist Church,,-82.97754028,34.88928509,45,4562980,Salem
church_overture:cd3766ce-d725-4125-9f3b-24afa07e0242,First Baptist Church,,-84.75254583,44.77901782,26,NA,NA
church_overture:cd3df3a1-9e44-4861-ab31-01fdeb1bd16c,First Baptist Church,,-96.61008421,46.27059872,38,3882660,Wahpeton
church_overture:cd4668f7-6b29-4640-b803-ba6932e370d6,First Baptist Church,,-95.12353118,29.64875418,48,4856000,Pasadena
church_overture:cd48f9a3-851e-48e1-82f2-f9ec6fe74e91,Buchanan First Baptist Church,,-94.085489,33.350673,48,NA,NA
church_overture:cd493737-6eef-45a5-bba8-f5f23031540e,First Baptist Church,,-95.43842753,37.81194761,20,2033450,Humboldt
church_overture:cd4c4a60-f34f-4b02-8dc6-4de5091ad60b,Switzer First Baptist Church,,-82.01619635,34.80085382,45,NA,NA
church_overture:cd5a9c7c-d8cb-43a4-a80f-8e80cfe9a4c6,First Baptist Church,,-86.58503005548278,32.16822966042597,01,NA,NA
church_overture:cd5e0594-7dff-45a7-9ed7-25d9b0ea9933,First Baptist Church of Williams,,-85.79453929,33.8988381,01,NA,NA
church_overture:cd68774e-022e-42fd-a959-8323da9b14f9,First Baptist Church of Goodfield,,-89.269889,40.630617,17,1730445,Goodfield
church_overture:cd6be2c3-cf43-45aa-b02d-d671cce35895,First Baptist Church Tupelo,,-96.42374286,34.60447047,40,4075050,Tupelo
church_overture:cd71df52-36b1-42df-b583-3f708fd98eb4,First Baptist Church,,-82.44208103,40.0669313,39,3954040,Newark
church_overture:cd73b472-cd2e-4e3e-a20e-904e421efdbf,First Baptist Church of Chula,,-83.547395,31.551361,13,NA,NA
church_overture:cd88548e-ed4a-44af-9d47-3ab5fba0407f,First Baptist Church of Rochester,,-83.1405667,42.70561607,26,2669035,Rochester Hills
church_overture:cd88c50e-20c2-46f4-85ff-0bc290d26ea3,First Baptist Church Paoli,,-86.46697181,38.55532804,18,1857780,Paoli
church_overture:cd8b2217-da28-4905-8310-61b0e4db1d1e,First Baptist Church,,-89.77920989,29.86181809,22,NA,NA
church_overture:cd8e7bf5-4187-434a-ad2c-e50feac29558,First Baptist Church of Keyport,,-74.20267943,40.43584201,34,3436810,Keyport
church_overture:cd8f9e55-5349-4420-801a-09dcee0c45f5,First Baptist Church of Pine Mountain,,-84.85334089,32.86566436,13,1361124,Pine Mountain
church_overture:cda373bc-3355-43d8-a25a-b62237baf165,First Baptist Church of Highland Park,,-76.89023129,38.90989714,24,2475810,Summerfield
church_overture:cdabf865-f8c3-4ff8-8d57-ba04c76d7218,First Baptist Church,,-122.48452855,43.74537122,41,4154100,Oakridge
church_overture:cdafe823-0d93-425c-8ec4-41b5d734ba9e,Royalton First Baptist Church,,-89.12318069,37.87716427,17,1766209,Royalton
church_overture:cdb5c2b0-7683-452f-9d7c-7969503182b3,First Baptist Church of Tuttle,,-97.814452,35.289978,40,4075450,Tuttle
church_overture:cdbb2a26-2e56-4537-b7d6-f2b412ffea0e,First Baptist Church,,-87.88018345,32.83606238,01,0124664,Eutaw
church_overture:cdc1705f-0071-4e4a-9f6b-741bd40afa32,First Baptist Church- SIlver Grove,,-84.39044857,39.03439375,21,2170644,Silver Grove
church_overture:cdc4cbbe-4878-44e4-bf25-c48e354e20cf,First Baptist Church (Steamboat Springs),,-106.86003965,40.51421001,08,0873825,Steamboat Springs
church_overture:cdc6b65a-c7d6-42e8-820b-cf929a0de311,First Baptist Church,,-92.60617858402806,35.444012184342455,05,NA,NA
church_overture:cdd0ba26-7be6-4849-83c1-7b26ad9fd46c,Elloree First Baptist Church,,-80.576139,33.534129,45,4523470,Elloree
church_overture:cdd31828-07c9-4aa1-8d3d-1ae9d228af32,First Baptist Church,,-90.96864399,37.23915406,29,2921844,Ellington
church_overture:cdd4d383-6258-4a1f-9963-4e0fbe4e5e56,First Baptist Church,,-91.990713,29.952384,22,2220155,Delcambre
church_overture:cde315dc-42f2-4a6e-8ebe-6b0884172219,First Baptist Church,,-94.92855731,30.73385162,48,4843132,Livingston
church_overture:cde69d6c-1aa0-4762-b0b4-be9ffec40c6d,First Baptist Church,,-112.10906040783418,34.314243870956986,04,0415765,Cordes Lakes
church_overture:cdfe9438-8538-4b33-b5d7-0c7fb6025c28,First Baptist Church,,-84.15503752,31.12539855,13,1359976,Pelham
church_overture:ce0cc1d0-4a78-4fdd-9c6e-1f5ea532c4f8,First Baptist Church of Dixon,,-87.69132396,37.51668746,21,2121682,Dixon
church_overture:ce177d1f-0458-4809-becc-f9dad5c03e0e,First Baptist Church,,-95.96965091,28.97988681,48,4805984,Bay City
church_overture:ce1a3866-6223-4487-a26b-99c91d15374d,First Baptist Church,,-75.60533325,38.37701219,24,2469925,Salisbury
church_overture:ce365a33-d9dc-4777-a013-d69506f0818b,First Baptist Church,,-84.58082793,37.61754463,21,2143840,Lancaster
church_overture:ce37cd41-66b5-4f09-a2cf-771e020e6d49,First Baptist Church of Bad Axe,,-83.01234882,43.80288778,26,2604740,Bad Axe
church_overture:ce5e443d-c89e-4d93-add3-66b5badd13e2,First Baptist Church of Live Oak,,-82.98777724,30.29748301,12,1240875,Live Oak
church_overture:ce626253-2d81-4f5e-881a-7492823607f6,First Baptist Church,,-90.48957647,40.54152243,17,1710110,Bushnell
church_overture:ce633ae6-9ca5-463c-a5fd-f685a92bc820,First Baptist Church Sapulpa,,-95.977678,36.021402,40,4037800,Jenks
church_overture:ce8a8b77-8471-46e0-8a57-e1a3b4bdd615,First Baptist Church,,-103.09030031,31.85663456,48,4839004,Kermit
church_overture:ce8bf889-d99d-4b20-82b4-bf6201918449,First Baptist Church,,-123.31705666176151,43.6588669536266,41,4120500,Drain
church_overture:ce9835f8-03a2-424d-837b-5e24595b13bc,First Baptist Church,,-92.49232308,30.32832889,22,2237410,Iota
church_overture:ce9ab3c0-b823-488e-b5f0-cf0dc5da7c5f,First Baptist Church,,-94.01667803,34.12120146,05,0518970,Dierks
church_overture:ceb01aa3-eaa5-4b74-b202-b3b327b726bd,First Baptist Church of Oxford,,-84.7731377,39.52987824,39,3959234,Oxford
church_overture:cec9e86d-d57f-456c-ba2d-b505eab9479d,Carlin First Baptist Church,,-116.11386874,40.71447206,32,3208900,Carlin
church_overture:cecb2b69-6398-4bfe-afb3-e9799ba0b910,First Baptist Church,,-95.899329,34.723506,40,4040000,Kiowa
church_overture:cee573b2-bc1d-4175-b782-eec6a314884c,First Baptist Church of Deckerville,,-82.735239000000007,43.524135,26,2621100,Deckerville
church_overture:ceeccc00-f009-4eaf-a8a7-415e84f8ba38,First Baptist Church,,-101.86475362,33.58412886,48,4845000,Lubbock
church_overture:cef77a92-9ad6-433a-902b-9cc5383dc754,First Baptist Church,,-96.64811267,44.43394048,46,4670940,White
church_overture:cf04defc-eff2-48f5-8dce-95d8c18c6563,First Baptist Church,,-81.3255304468537,38.18003404309074,54,5455468,Montgomery
church_overture:cf16b5d2-b5f2-4840-b60d-d87586743c85,First Baptist Church of Harmony,,-69.55107511,44.97291043,23,NA,NA
church_overture:cf1708a5-0f15-456d-9bfa-05942511b07e,Wilson First Baptist Church,,-78.82767428,43.31001804,36,3682359,Wilson
church_overture:cf1a7d6b-7956-4a51-9a64-333b4480fdc3,First Baptist Church of Boron,,-117.64984223,35.00278004,06,0607568,Boron
church_overture:cf1ab5a2-460d-446b-b098-0649d278801a,Whiteface First Baptist Church,,-102.61490223864,33.603417405593,48,4878328,Whiteface
church_overture:cf1f6cf4-58b5-464d-8a63-0f6709b0ff1a,First Baptist Church,,-111.59497230943698,37.773126796114894,49,4923750,Escalante
church_overture:cf34c332-6609-46e4-aa22-9a9f0303c972,First Baptist Church,,-85.18144797,38.68105406,21,2113024,Carrollton
church_overture:cf37d7e6-f63a-4337-9de4-c253393a8f75,First Baptist Church,,-94.705077,37.168475,20,2016325,Crestline
church_overture:cf3a9c3d-388d-440e-b6b1-84aaf5992340,First Baptist Church,,-84.17168887,39.07571334,39,3904150,Batavia
church_overture:cf4fac30-4652-40d6-9c36-18a2a0edb43e,Flomaton First Baptist Church,,-87.90511,30.59767,01,0119648,Daphne
church_overture:cf508627-d260-474c-b852-c26cc7db98ae,First Baptist Church,,-93.223754,45.570031,27,2709370,Cambridge
church_overture:cf51638c-d5fa-47da-813c-453ccd1424ac,First Baptist Church,,-91.01408517,29.93558232,22,NA,NA
church_overture:cf570060-942d-4f00-9394-112806da5435,First Baptist Church,,-96.1527844,40.1116668,31,3138575,Pawnee City
church_overture:cf713ec8-b3d8-4483-9d6e-ff514804c5cc,First Baptist Church,,-92.91245908031962,37.328235411308285,29,2946388,Marshfield
church_overture:cf726627-714d-4f0f-a3c2-51ce10184dde,First Baptist Church Piney Grove,,-80.21202689,26.16637078,12,1239525,Lauderdale Lakes
church_overture:cf77af2d-3a02-4733-b2a7-5fb0e1687eed,First Baptist Church of Sherwood,,-92.224092,34.81741,05,0563800,Sherwood
church_overture:cf7c6f8a-483c-4cc1-acf9-28c023424212,First Baptist Church of Olivehurst,,-121.55083,39.09374,06,0653714,Olivehurst
church_overture:cfabcabe-fcda-41a0-9522-4ef26accfb39,First Baptist Church of Osage,,-95.25722604,46.92111146,27,2748760,Osage
church_overture:cfae6c87-b00a-42a2-b434-3a8fa8bc20ad,First Baptist Church of Ceredo,,-82.55896558,38.39455251,54,5414308,Ceredo
church_overture:cfaf7bfa-1dcd-4d8c-a1e6-4794247db81c,First Baptist Church,,-97.99441795,33.09423073,48,NA,NA
church_overture:cfb052f6-1556-4aed-9855-db2cf6f512ea,Fair Play First Baptist Church,,-93.575723,37.636643,29,2923428,Fair Play
church_overture:cfc80085-d090-408c-bf3a-e140d3d71ae5,First Baptist Church,,-94.41114769,33.45166212,48,4850808,New Boston
church_overture:cfca0ccd-d727-4056-b395-4df1563236fa,First Baptist Church,,-95.951874,29.781775,48,4810636,Brookshire
church_overture:cfcce621-b673-4352-8cba-9123e0e4e3b9,Baldwinsville First Baptist Church,,-76.33168029,43.15524491,36,3604198,Baldwinsville
church_overture:cfd388e7-8caa-42e2-9a3b-1ddf6672edf2,First Baptist Church,,-122.41349039,37.61781547,06,0665028,San Bruno
church_overture:cfd3a9b1-81da-4541-aba5-a409e9828c96,First Baptist Church of Warren,,-83.04964279,42.52634889,26,2684000,Warren
church_overture:cfd4286a-9954-4dc2-b9f4-4abb1f249363,First Baptist Church,First Christian Church,-94.50262036,41.67803106,19,1933420,Guthrie Center
church_overture:cff19184-2845-4b03-b707-5e95644b8a4c,First Baptist Church,,-80.18838831,40.50259395,42,NA,NA
church_overture:cff45717-b68d-49e6-ab50-cd5f5fc8ea4c,First Baptist Church,,-96.31188631865413,33.06812005590606,48,4838068,Josephine
church_overture:d007d0f3-2293-4ed8-aad4-92058e61cf26,First Baptist Church of Troy,,-72.18467934,42.82912754,33,3377300,Troy
church_overture:d00fb369-bbaa-4f5a-be8b-0915ae406708,First Baptist Church,,-80.65477204,40.60038361,39,3982740,Wellsville
church_overture:d0233e93-fe49-4006-8c01-9649e49cb065,Chicora First Baptist Church,,-88.56896572,31.55708235,28,NA,NA
church_overture:d034bba1-653d-4a1c-b71b-00e413763fe6,First Baptist Church,,-74.05328659,40.12304285,34,3443050,Manasquan
church_overture:d0357f1f-345a-482c-ada3-2784ac6922e2,First Baptist Church,,-86.24041778,41.82204749,26,2657760,Niles
church_overture:d0512d81-1d05-46dc-aa3e-c183fd9af50b,First Baptist Church,,-101.47831729,36.0597821,48,4849440,Morse
church_overture:d0541f82-0093-447c-85fb-655e2894be62,First Baptist Church,,-92.41715143,30.63487657,22,2248085,Mamou
church_overture:d0595c47-c209-4c7b-8d64-d225456fa4c9,First Baptist Church,,-80.60841883,36.50710885,37,3744800,Mount Airy
church_overture:d05b7e7e-e793-4209-b83b-d8f1494dcf8f,First Baptist Church,,-95.547922260000007,37.26865854,20,2012925,Cherryvale
church_overture:d0645eaa-8d6d-4805-9c65-09de0d9ccccf,First Baptist Church,,-91.52206344697855,40.137375543274956,29,2911134,Canton
church_overture:d06a3028-1812-48e7-860f-6a5a2eb4d6b6,First Baptist Church of Mascoutah,,-89.81002398,38.49164221,17,1747423,Mascoutah
church_overture:d06be03e-8e98-479e-aae4-e4fb708f4aaf,First Baptist Church,,-108.00136,36.816432,35,3505780,Aztec
church_overture:d06e2779-752e-4635-8dc1-014de020cd47,First Baptist Church,,-98.683188,34.229492,40,4030850,Grandfield
church_overture:d074dd82-3d41-48c4-91e3-ea745c8604d5,First Baptist Church Of Ozark,,-93.218982,37.024461,29,2955766,Ozark
church_overture:d080c06d-00a1-4df6-9e90-269e0336136f,First Baptist Church,,-71.07519211,43.00840026,33,NA,NA
church_overture:d08561d4-af2d-466a-8ab1-2efce31e207d,First Baptist Church of Salado,,-97.53777186,30.94489212,48,4864268,Salado
church_overture:d093c6a7-a634-4adc-8546-a54531f65f80,First Baptist Church Of Waupaca,,-89.0644414,44.34322125,55,5584375,Waupaca
church_overture:d095db49-be9f-4fe7-a9e0-771baa09689c,Overton First Baptist Church,,-86.68792,33.50488,01,0137864,Irondale
church_overture:d0b73d83-f1dc-4142-b20c-5f9758faf390,First Baptist Church-concord,,-122.0255087,37.9855042,06,0616000,Concord
church_overture:d0d37735-a54d-456e-839a-b8b767b052a7,The First Baptist Church of Bridgeton,,-75.23260229,39.4287891,34,3407600,Bridgeton
church_overture:d0dc1476-6e70-4557-8693-f4c972d84dd8,First Baptist Church,,-96.8989857,33.56150432,48,4816036,Collinsville
church_overture:d0ddb639-51ce-4e90-93bf-75eed96af31e,First Baptist Church,,-88.16641163,40.30992533,17,1762783,Rantoul
church_overture:d0f3d742-bb46-4fab-9cfd-bfd4f8b16654,First Baptist Church,,-93.98331924,31.24906779,48,4857644,Pineland
church_overture:d0f7dc06-77e7-4dbe-861f-3b86a474be20,First Baptist Church,,-78.0273039,43.2252128,36,3635155,Holley
church_overture:d0fb374e-5cd0-4339-8acc-79403078123f,Morrison First Baptist Church,,-85.91810442,35.60293543,47,4750220,Morrison
church_overture:d111df23-4af5-4921-83d6-560e9dc1c471,First Baptist Church of Blowing Rock,,-81.67321624,36.13269037,37,3706500,Blowing Rock
church_overture:d11c12f9-ed28-4584-a0a9-0189eac43dad,First Baptist Church Tallulah,,-91.187561,32.403461,22,2274690,Tallulah
church_overture:d126e036-b8ff-4b60-952b-9af6b1e74caf,First Baptist Church,,-93.99084251318325,38.71371191435766,29,2932572,Holden
church_overture:d13335c1-dc7d-427c-83d6-197458cd5196,First Baptist Church,,-91.35695138,37.96736019,29,2970576,Steelville
church_overture:d14524dd-a8eb-41b1-aeef-b37ae1d76cf4,First Baptist Church of Rolling Hills,,-95.759453,36.155878,40,4012900,Catoosa
church_overture:d1472fd8-e47c-4db6-a79b-00864abdd877,First Baptist Church,,-151.2958222286991,60.56078416757697,02,0238420,Kenai
church_overture:d15d1aa0-807c-441c-a694-09fb57102a85,First Baptist Church,,-76.15245226,39.50400496,24,2400125,Aberdeen
church_overture:d16451bb-fe2a-4985-bae3-1456f79fbde0,First Baptist Church,,-95.74415393,48.8432056,27,2755546,Roseau
church_overture:d167cc82-4b8c-4c8c-ae0e-e7873cb8f8c8,First Baptist Church of Hume,,-78.13629894,42.47174924,36,NA,NA
church_overture:d16e2008-2115-4d92-a589-5458cf1dccc4,First Baptist Church,,-86.60994317,33.62236787,01,0176944,Trussville
church_overture:d16e20e7-a0bc-4106-be4c-f89dcdd74408,First Baptist Church,,-96.64051374,32.90964819,48,4829000,Garland
church_overture:d1724705-8e35-48a2-88f0-44cfe1f43845,First Baptist Church,,-95.83832996986163,33.13770392018839,48,4818128,Cumby
church_overture:d18052fb-8e8f-4c89-ae4d-23fea1e15d8a,First Baptist Church Whitwell,,-85.51248665,35.2146851,47,4780620,Whitwell
church_overture:d184090f-8b66-44df-a996-fa151ce777eb,First Baptist Church,,-96.1430489,34.01791678,40,4007350,Bokchito
church_overture:d18a535f-92fd-4512-8c8d-204dc359974f,First Baptist Church Of Tracy,,-121.426644,37.750343,06,0680238,Tracy
church_overture:d18e5405-e89c-440a-b8f4-8b4620e397b9,First Baptist Church of Annapolis,,-76.49691619,38.97898789,24,2401600,Annapolis
church_overture:d1947c07-0fd7-4b9d-8033-1edb90d41f44,First Baptist Church,,-94.19984532,39.01582607,29,2928090,Grain Valley
church_overture:d195a67e-9d04-4098-8550-bdcdc39b9170,First Baptist Church,,-122.10007679951516,47.9415664137658,53,5365170,Snohomish
church_overture:d1abcb43-f388-44d0-9862-919c9b260f73,Reader First Baptist Church,,-93.1051665,33.7539974,05,0558400,Reader
church_overture:d1ac5674-8074-438c-9504-18ff2a55a8d5,First Baptist Church,,-86.266297,38.649827,18,1810000,Campbellsburg
church_overture:d1ad8a1c-f549-4fe8-abcc-0b85dde35529,First Baptist Church,,-83.59955612,32.60864429,13,1380508,Warner Robins
church_overture:d1bd7fb6-0212-4fa9-8101-09b22c84b732,Puxico First Baptist Church,,-90.16093138,36.95043023,29,2960284,Puxico
church_overture:d1d3af8c-8803-4407-85fe-f2632038d8e4,First Baptist Church of Macedon,,-77.30194123,43.06842961,36,3644149,Macedon
church_overture:d1d864eb-231c-4102-b182-2019c6f9e2a6,First Baptist Church,,-111.7340053619,40.04343687094801,49,4958730,Payson
church_overture:d1db2ede-334a-463b-9c59-38478e2eb4e6,First Baptist Church of Rio Rancho,,-106.66169666,35.22464351,35,3563460,Rio Rancho
church_overture:d1e339c7-4cb3-4438-8d28-28f2c5c439dc,Westmoreland First Baptist Church,,-86.21799241,36.54447427,47,NA,NA
church_overture:d1e4ccfc-181c-4e85-9efa-31b9b2a63ff6,First Baptist Church,,-79.1592052,42.05359019,36,3627672,Frewsburg
church_overture:d1ea636a-2bfc-40ae-a5c6-bbd46c3a98ec,First Baptist Church,,-96.48961349,31.6820656,48,4847916,Mexia
church_overture:d1f48f8d-eb03-412c-9d9e-b6a28fda47a3,First Baptist Church,,-104.08539864,39.14116128,08,0870635,Simla
church_overture:d1f987ba-6af2-4875-b5f8-9a44c17fa89a,Big Sandy First Baptist Church,,-88.08677552,36.23144192,47,4705860,Big Sandy
church_overture:d1fedd18-5b73-4974-acba-2530879830ac,First Baptist Church,,-81.75820721,32.97937453,13,1368740,Sardis
church_overture:d20445e0-4e05-44ca-8e53-14b467109e9e,First Baptist Church,,-86.525185,40.547291,18,1823692,Flora
church_overture:d2053c8b-9ec7-4083-bb8f-a1320f5530ff,First Baptist Church,,-81.1470973,35.71214869,37,3712720,Claremont
church_overture:d2077e1d-b8c8-41ec-8647-fd265d4cf611,Fairfax First Baptist Church,,-85.18590014,32.79486755,01,0178204,Valley
church_overture:d208f12a-95a7-40f4-9e15-efaa363b3840,First Baptist Church Of Morrisville,,-74.775658,40.209331,42,4251144,Morrisville
church_overture:d20978bc-455b-4229-9ea8-09d40f6dd4e0,First Baptist Church,,-119.43045552,48.72110411,53,NA,NA
church_overture:d20f216f-12f6-4ed0-adad-829a5e4ca1e7,First Baptist Church,,-77.02779217376599,37.179864790515964,51,NA,NA
church_overture:d20fb589-5a1b-414d-a1d6-fc4f600fc700,First Baptist Church,,-87.01780132,32.41440949,01,0169120,Selma
church_overture:d2194ac4-68ec-4058-a647-c72379df8c35,First Baptist Church,,-87.7635439,38.412037,17,1750868,Mount Carmel
church_overture:d2198eac-d661-43e9-9c94-9a4817600ef1,First Baptist Church,,-91.76061581,30.53875,22,2240280,Krotz Springs
church_overture:d21e4e00-9759-4b6d-835f-e998d093f4fa,Fort Valley First Baptist Church,,-83.88922475,32.55207861,13,1331096,Fort Valley
church_overture:d2206f3b-a968-4d9c-8080-8b927a8364d9,First Baptist Church Rowlett,,-96.551432,32.904647,48,4863572,Rowlett
church_overture:d2274819-ee0e-4201-98e7-80a0e0354238,First Baptist Church of Chaffee,,-89.66054599,37.17953766,29,2912988,Chaffee
church_overture:d22ff9ca-bbac-4c23-aa84-961eb47e6900,First Baptist Church,,-96.495078,33.178678,48,4859576,Princeton
church_overture:d233e899-ff54-4bdd-9453-1da593563bda,First Baptist Church of Blue Grass,,-90.78375763,41.51699003,19,NA,NA
church_overture:d237523b-b2de-4950-aeda-4620eb015d84,Lynn First Baptist Church,,-82.23538382,35.2325603,37,NA,NA
church_overture:d244a2d1-6a5d-4bdf-b7bf-7d7d4124af93,First Baptist Church,,-97.6192740449456,43.602401488789624,46,4619420,Emery
church_overture:d249d1ed-644b-41e3-9177-1ea1cd49ad49,First Baptist Church,,-91.5535326,40.960964,19,1954705,Mount Pleasant
church_overture:d24d73ec-dab8-4f49-9a22-a725d214d68d,First Baptist Church,,-80.82149684,37.38260551,51,5166896,Rich Creek
church_overture:d24d7980-e1ff-4b4b-88da-47f2ff52262e,First Baptist Church,,-85.134017,41.331826,18,1826386,Garrett
church_overture:d24f1dc0-e762-43a7-a5af-9e0810b9d477,First Baptist Church,,-94.655454,31.606759,48,4850256,Nacogdoches
church_overture:d253d9f2-2363-4ad2-adf6-62a6f903b7b0,First Baptist Church,,-90.16616096,35.87647044,05,0543820,Manila
church_overture:d2571366-7545-43b2-ac81-5840691113c2,First Baptist Church,,-95.69014,36.241466,40,4077050,Verdigris
church_overture:d26081b1-efe1-4b6b-bed2-4f929cb3def3,First Baptist Church,,-121.65955706,39.27589442,06,0641936,Live Oak
church_overture:d262cc5e-ec02-4056-a1fe-501488aed50e,First Baptist Church,,-77.89410444,34.03728843,37,3710500,Carolina Beach
church_overture:d2657442-c952-4e15-befa-57b8eef1d96a,Dodson First Baptist Church,,-92.65562580699653,32.08010875486455,22,2221170,Dodson
church_overture:d2852c47-f264-496b-8907-abb44de1b042,First Baptist Church of Douglas,,-85.7273928949832,34.42952702348115,01,0127616,Fort Payne
church_overture:d287213a-1d98-41f0-9069-636dc6540225,First Baptist Church,,-100.20810774,34.42467223,48,4814668,Childress
church_overture:d2885c26-6b56-4da8-9ebf-01518cd490c1,First Baptist Church,,-83.19607904,37.24922436,21,2135362,Hazard
church_overture:d28a9fd2-59e3-473f-8a9a-08e4df1e499b,First Baptist Church,,-84.66403018,32.08779001,13,1365016,Richland
church_overture:d28b0057-cd1f-496f-aa18-d2347ad97e1a,First Baptist Church,,-85.58632035,42.29142022,26,2642160,Kalamazoo
church_overture:d2927d66-b16d-4acd-bdbd-ce03a938f6d0,First Baptist Church,,-96.54919616422004,32.745878733009064,48,4847892,Mesquite
church_overture:d2992b47-20da-4388-8641-f395cd2efb2a,First Baptist Church,,-99.02303807,34.85210949,40,4063900,Roosevelt
church_overture:d2ab9075-cf3b-46ca-aa7e-76cb6a9170d0,First Baptist Church Meadowview,,-96.67511375,32.74294446,48,4819000,Dallas
church_overture:d2b25e33-8966-4b34-9029-631d513ccf73,First Baptist Church of Morton,,-75.32487161,39.91118402,42,4251176,Morton
church_overture:d2d009d0-117b-47ac-bcf4-b9eae254001c,Milford First Baptist Church,,-71.66093993,42.83188656,33,3347940,Milford
church_overture:d2ddaf50-c479-40fa-9b7d-cc80095a4a21,Beulah First Baptist Church,,-83.03046424,42.36623377,26,2622000,Detroit
church_overture:d2dfab56-dcf2-48bb-990e-c5c8017d072b,First Baptist Church,,-93.95863829,30.42933228,48,4811236,Buna
church_overture:d2e253cd-c30b-4f15-8384-389eb301a44c,First Baptist Church Morrison,,-76.51533367,37.1403056,51,5156000,Newport News
church_overture:d2e273c5-d398-4ad6-84b4-37538b4e71ea,First Baptist Church,,-82.77299661086718,36.86636996947095,51,5107480,Big Stone Gap
church_overture:d2e93323-7d53-4019-b034-664e99bde12a,First Baptist Church of Santee,,-116.997143,32.834453,06,0670224,Santee
church_overture:d2ec0d11-4f90-48c9-acb1-8a11b8caf81d,First Baptist Church,,-96.137288,36.489204,40,NA,NA
church_overture:d2efc894-f69c-4c48-957b-697148979513,First Baptist Church,,-76.90735152899879,34.86076907123903,37,3730120,Havelock
church_overture:d2f5b09b-b1e8-4d6d-b22c-0927f9126435,First Baptist Church Of Holiday,,-82.7346547671299,28.188644551821767,12,1231075,Holiday
church_overture:d2fe86b8-47a4-445c-b523-1ad466ae40c4,First Baptist Church,,-84.59808181,36.10699986,47,4778100,Wartburg
church_overture:d308de69-ae55-438b-b1e9-72dbba99413c,First Baptist Church,,-116.22595881,33.70771453,06,0636448,Indio
church_overture:d30f9556-4e4d-4442-a691-fff2fd0dd825,First Baptist Church,,-91.13417056,40.41381254,17,1711527,Carthage
church_overture:d31e54fe-fe16-4ee7-8308-5a5148d5c4bb,First Baptist Church,,-78.27426924,34.35315891,37,NA,NA
church_overture:d321880b-b42a-4b9f-92e4-583a19ae1404,First Baptist Church Of Ridgecrest,,-117.687111,35.599764,06,0660704,Ridgecrest
church_overture:d33668e0-06bf-45e5-8ff3-2a67dc931688,First Baptist Church,,-74.52345137,40.26870533,34,3431620,Hightstown
church_overture:d34252b8-96dd-42f9-8ce7-fcc4d858285d,First Baptist Church,,-94.10040584,43.63742786,27,2706688,Blue Earth
church_overture:d362bb4a-63ad-48a3-bca9-7e384088c289,First Baptist Church,,-80.76399753,41.18220213,39,3955916,Niles
church_overture:d363c891-9690-4333-a7bc-c80921d60510,First Baptist Church,,-89.16574396,37.08471179,17,1750751,Mound City
church_overture:d3651098-242c-4d6a-a199-f5794fa0cf82,First Baptist Church,,-96.566726,29.699929,48,4816168,Columbus
church_overture:d36af444-2e9c-4fe7-a9fa-34dcd6f41372,First Baptist Church,,-79.70180249,42.25683543,36,NA,NA
church_overture:d3810390-724d-4d41-a019-0d809ca40da5,First Baptist Church,,-83.44261218,39.87456331,39,3944674,London
church_overture:d382cb35-41d0-425d-bec8-df928ac2449a,First Baptist Church of Caldwell,,-90.8167605,35.0768892,05,0510450,Caldwell
church_overture:d3880cd5-6993-4e4e-9925-b6f7d76b54a9,First Baptist Church Mount Olive,,-86.87326151,33.68238457,01,0152344,Mount Olive
church_overture:d38f08bf-14a5-4635-938a-88f20d213fe1,First Baptist Church Moreno Valley,,-117.23063878,33.93530753,06,0649270,Moreno Valley
church_overture:d397d551-3316-4ab6-9aa2-91ef68d298a7,First Baptist Church of Creve Coeur,,-90.49360219,38.68843618,29,2913600,Chesterfield
church_overture:d39af593-ecf6-4e16-b043-dbb15743d905,First Baptist Church of Delphi,,-86.67206431,40.58762828,18,1817614,Delphi
church_overture:d39e5cd4-9985-41d2-8eb3-a486b6209997,Smyrna First Baptist Church,,-84.51630534,33.88227077,13,1371492,Smyrna
church_overture:d39f12ff-c96e-4160-b7c4-92a48a6e6cdd,First Baptist Church,,-106.340601,31.70158,48,4824000,El Paso
church_overture:d3a442cf-c074-4f93-bb68-06229945b61e,First Baptist Church Of Rincon,,-81.23393917,32.2933371,13,1365296,Rincon
church_overture:d3a44c2d-9e8f-4fff-ace1-8968873a312f,First Baptist Church,,-78.9687159,40.94299022,42,4262920,Punxsutawney
church_overture:d3ab9e1d-7627-4175-b77b-c697ad8db823,First Baptist Church,,-82.59911888,37.12077293,51,5164272,Pound
church_overture:d3b42016-0fca-421d-976c-96a62117fba7,Arley First Baptist Church,,-87.2241683,34.06415989,01,NA,NA
church_overture:d3bdf3bd-6849-45e6-b1f9-301c5200be14,First Baptist Church of Jasper,,-94.00024298,30.9234269,48,4837420,Jasper
church_overture:d3dc9285-f1c6-4b07-a769-b9e0a8df15b5,First Baptist Church,,-89.60894,30.24427,28,2855920,Pearlington
church_overture:d3ee8c30-a878-433a-9947-03efa46fac07,First Baptist Church Lolita,,-96.54826819,28.83905444,48,4843432,Lolita
church_overture:d3fa1ef4-ed04-4aa6-a75d-29d988c9735f,First Baptist Church of Peoria,,-89.59896226,40.74027643,17,1759000,Peoria
church_overture:d3fb1f64-fdc0-4f9c-a8ca-fd35c50f8948,First Baptist Church,,-90.36918644822795,40.94532022455504,17,1728326,Galesburg
church_overture:d4030d7a-b4d1-4ab5-9148-5e14397fc188,First Baptist Church,,-71.12715787,44.05239539,33,3353860,North Conway
church_overture:d406ac58-1e1c-4b49-bfc0-8e51457a05b7,First Baptist Church,,-84.135228,41.532532,39,3981928,Wauseon
church_overture:d4081b8e-4711-46ad-b4db-2ee9e28481da,First Baptist Church,,-73.86173297,41.16127692,36,3655530,Ossining
church_overture:d42bd9c4-ef98-4f66-bda2-2dd034a8783e,First Baptist Church,,-81.97000992,29.36454655,12,NA,NA
church_overture:d42bfbc7-d890-42c1-a316-0585f6c0f899,First Baptist Church,,-96.46789588,36.32001562,40,4015350,Cleveland
church_overture:d4340931-ee32-4efa-b5c2-73999cb3e718,First Baptist Church,,-77.41432986,35.47076179,37,3702840,Ayden
church_overture:d44376e8-6ad0-4b91-badc-f6c90f4a3958,"First Baptist Church, Pottstown",,-75.6223683,40.2500124,42,4262416,Pottstown
church_overture:d45ae32f-f54a-4075-8250-6d90785cdbd3,First Baptist Church of Lackawanna,,-78.8405774,42.81791876,36,3640189,Lackawanna
church_overture:d463e091-9716-4fc3-bd59-c7ff96c50a92,First Baptist Church,,-111.32993221,34.23106586,04,0453700,Payson
church_overture:d47ab1d0-5503-43e6-a588-91ca1d608571,First Baptist Church,,-90.32294449,41.67821826,17,1716366,Cordova
church_overture:d4845a54-bd4d-419f-945f-b6149d8f73d2,First Baptist Church,,-94.73843422,34.03184798,40,4009100,Broken Bow
church_overture:d489e8fc-6791-4262-a02b-a6e4e35fff4a,First Baptist Church,,-89.14909944,35.32591147,47,4780540,Whiteville
church_overture:d48ad920-0d0f-4146-aa99-d1383fee629e,Loris First Baptist Church,,-78.89792954,34.06002346,45,4542730,Loris
church_overture:d49a7e6a-b61d-4c60-885d-97062620e389,First Baptist Church,,-73.19752203,41.1765645,09,0908000,Bridgeport
church_overture:d49c5866-64a4-427a-b7e0-87870d49d2d0,First Baptist Church,,-117.22819023,38.06334404,32,3273600,Tonopah
church_overture:d4a3cb19-dd24-4618-9fcd-d4274bca39dc,First Baptist Church,,-92.6640565,33.31493288,05,0550060,Norphlet
church_overture:d4aedd32-162f-48f2-8af1-1ffb23b42742,First Baptist Church,,-89.33516472,42.00441896,17,1756484,Oregon
church_overture:d4b2e252-0317-4a5a-ac29-bd7034510a16,First Baptist Church of West Mifflin,,-79.88672407,40.39356122,42,4283512,West Mifflin
church_overture:d4b7f52b-705a-4b3f-b42b-eb7c8202b86f,First Baptist Church,,-122.19938583,39.52162286,06,0685684,Willows
church_overture:d4b9a3cc-14f4-49c6-a030-c1405bc4c940,First Baptist Church of Basehor,,-94.93971638,39.12115269,20,2004400,Basehor
church_overture:d4b9beea-264f-41b0-b5a5-ae7c8b2c63b1,First Baptist Church of Danvers,,-70.92486491,42.55576242,25,2516285,Danvers
church_overture:d4c23c4b-07d1-425a-9e30-6df3df4e9427,First Baptist Church,,-93.46977392,37.0295756,29,2914788,Clever
church_overture:d4ca76c9-7f9a-40fb-a6d6-899c7633e172,First Baptist Church of Delco,,-78.22442758,34.31515696,37,3716780,Delco
church_overture:d4ce4f42-be03-4d38-bd62-cd144b1ee956,First Baptist Church of Gadsden,,-86.00597852,34.01193734,01,0128696,Gadsden
church_overture:d4dd2ae5-3dab-41ca-a678-4b3086e10f74,First Baptist Church,,-97.12577517,39.37843228,20,2013625,Clay Center
church_overture:d4defc82-47f3-408d-81b9-f73eda3d54e9,First Baptist Church,,-87.5393215931556,41.48591232755193,17,NA,NA
church_overture:d4e33838-14d4-476a-9ced-3c652dcf5f26,Billings First Baptist Church,,-97.442335266667,36.532602283333,40,4006100,Billings
church_overture:d4e6cca4-74f1-4e16-88c5-16d97b6d7bea,First Baptist Church,,-92.13679348,39.21093528,29,2912898,Centralia
church_overture:d4ef298b-f289-4f60-a070-0083988a2729,First Baptist Church Hanover,,-70.8682985,42.14621928,25,NA,NA
church_overture:d4f8d667-f074-4d73-af3e-eae74a9d1d44,First Baptist Church,,-74.051486,40.093531,34,3459910,Point Pleasant Beach
church_overture:d4fbf8cc-6388-4f1e-b63d-63128f368a8e,First Baptist Church,,-79.96214612,36.38651665,37,3740560,Madison
church_overture:d501dddf-b59d-454e-a6de-b493aa2d5e60,First Baptist Church,,-80.24273270461637,40.169465145246285,42,4281328,Washington
church_overture:d504b300-bb37-4a1d-a6ea-c5b1c808d61e,First Baptist Church,,-76.96693881,38.25633763,51,5118400,Colonial Beach
church_overture:d50f2711-eac9-46fa-9b92-5d6da25dd5ff,First Baptist Church Of West Palm Beach,,-80.05088,26.703788,12,1276600,West Palm Beach
church_overture:d51eb938-4600-4b11-a772-0d1aa87ca71a,First Baptist Church of Glendora,,-117.87336847,34.14350334,06,0630014,Glendora
church_overture:d5299089-6e7e-4094-a88f-5badccb686ac,First Baptist Church of Berwick,,-76.2363405,41.05334144,42,4205888,Berwick
church_overture:d530cb5b-5ec7-4be6-8cea-8b1a807f3592,First Baptist Church,,-99.5683410182953,34.66336294211415,40,4022550,East Duke
church_overture:d530ee87-4949-4bdb-9927-d7fc9dd943eb,First Baptist Church,,-93.554865,44.213528,27,2768584,Waterville
church_overture:d532586d-5027-4595-aa4b-b075d632108e,Ramah First Baptist Church,,-84.6615806,33.52737907,13,1358884,Palmetto
church_overture:d541994d-2ad7-45a7-9247-59500803094e,First Baptist Church of Biloxi,,-88.92234762,30.44459192,28,2806220,Biloxi
church_overture:d5426f31-2a87-46fa-ad86-3b3d7c76ca35,First Baptist Church,,-82.032823,28.562816,12,NA,NA
church_overture:d5592fe2-fa9a-4fbc-9370-4fc8778910ef,First Baptist Church,,-91.38477548,40.39855688,19,1940845,Keokuk
church_overture:d55a1d49-0664-41b1-8ec7-6bbafeb68ce6,Chrisman First Baptist Church,,-87.674627,39.804822,17,1714273,Chrisman
church_overture:d561ec19-a9ae-4439-b896-9e390af0b9af,First Baptist Church,,-104.936178,40.087213,08,0819080,Dacono
church_overture:d569fe0c-bc70-45de-b53e-5a6ed904e501,First Baptist Church,,-102.82302877287896,32.96640599483263,48,4819984,Denver City
church_overture:d56cc2d7-df4c-427a-8335-f2fab2c652c6,First Baptist Church,,-97.70360246,39.12248455,20,2047075,Minneapolis
church_overture:d5703c6e-a7ec-4de5-92af-9cd9e6edc4c4,First Baptist Church Sylvan Springs,,-87.02980401,33.50862643,01,0174424,Sylvan Springs
church_overture:d577ea10-e220-4aa7-b4f4-17f26aedbdb1,First Baptist Church,,-85.18171131,35.25618266,47,4769560,Soddy-Daisy
church_overture:d589eeb4-cbd9-4d75-a1cc-fa2ecc435011,First Baptist Church,First Christian Church,-95.37385139,35.96162421,40,4077850,Wagoner
church_overture:d589f2f9-0dca-4bba-a8c5-30ca6668a55d,First Baptist Church,,-69.1217596393543,44.10532701543752,23,2363590,Rockland
church_overture:d596a4a2-1d4d-4393-9deb-5de23eed6ae0,First Baptist Church of Malabar,,-80.58795595,27.99756461,12,1242625,Malabar
church_overture:d59c0e95-f02f-4c7e-8e47-899aa4253986,First Baptist Church,,-91.43001285,31.56924252,22,2278470,Vidalia
church_overture:d59ca2b1-53dd-4895-a09e-f8ac2a7ad407,First Baptist Church,,-89.73254393,39.07507583,17,1751024,Mount Olive
church_overture:d59e3da6-670f-4539-b398-94cc7fe29ce5,Salem First Baptist Church,,-88.95254688,38.62665769,17,1767236,Salem
church_overture:d5ac8167-a27c-4489-8b8b-1bc0fdfe0adf,First Baptist Church of Covington,,-83.85816475,33.59721271,13,1320064,Covington
church_overture:d5acbcf1-c88f-472b-9a9d-a33c2f2960c6,First Baptist Church,,-72.50041689302019,44.19720131711113,50,5003175,Barre
church_overture:d5b9c598-82fb-46dd-b518-83cc9f307345,First Baptist Church,,-74.833266,39.487688,34,3446980,Mizpah
church_overture:d5bd2c1d-2355-4035-b40c-1fbe37990c32,First Baptist Church Highfill,,-94.35756744,36.26010452,05,0532200,Highfill
church_overture:d5d106b2-5431-4edd-b5f3-62280b28aeb4,First Baptist Church of Sanderson,,-82.27227,30.25004,12,NA,NA
church_overture:d5d36b5b-8ec5-4e62-a6a5-ce6e8c310c3e,First Baptist Church,,-86.09870078,33.4363518,01,0174592,Talladega
church_overture:d5e8a90c-cbb9-45a8-aa56-5b07d4cab9cd,First Baptist Church,,-87.81946119,37.47692705,21,2115202,Clay
church_overture:d5efa0b5-d10a-4060-95bd-bf63a085230f,First Baptist Church,,-71.09509326,42.8358108,33,NA,NA
church_overture:d5f175ef-ddce-4a8f-99d8-63d5f8176513,First Baptist Church,,-89.587159,36.889437,29,2967790,Sikeston
church_overture:d5f36b4e-1d61-4ac1-88e8-9962e1d9ce50,First Baptist Church,,-98.57514759545225,38.355820375437816,20,2020425,Ellinwood
church_overture:d6057281-cc7e-482f-941e-2cf68a331cf8,First Baptist Church Richton,,-88.93880718,31.34997874,28,2862480,Richton
church_overture:d60dff12-bbca-4248-980b-faffbc2615ff,First Baptist Church,,-90.74850559156857,36.934539256426525,29,2921916,Ellsinore
church_overture:d6178888-66dd-4362-9f66-1d9c15d76dee,First Baptist Church,,-82.48816445,33.79488666,13,1346552,Lincolnton
church_overture:d61d91d4-a769-4d0e-9a15-ddef410396be,First Baptist Church,,-93.57607167,33.35783955,05,0539640,Lewisville
church_overture:d61f33b5-61f0-48ff-8e56-77fb76fb29e2,First Baptist Church,,-84.23273302,32.06909779,13,1302116,Americus
church_overture:d62d56a9-dcae-4e80-9367-81a0206672ff,First Baptist Church of Dover,,-93.112765981692,35.400890400505,05,0519600,Dover
church_overture:d6346a2e-b789-480a-bb5b-8204db2829e2,Mineral First Baptist Church,,-97.89996797,28.54806617,48,NA,NA
church_overture:d638ef79-2557-40f3-a56a-191ca9d43d7b,Walters First Baptist Church,,-98.3318394402807,34.36110051529492,40,4078150,Walters
church_overture:d63cc7a3-4ddd-425b-a3b2-61b0f1d18fea,First Baptist Church,,-76.27743411,36.82947332,51,5157000,Norfolk
church_overture:d63d21bd-135b-4bf5-a0f4-ba08e3ed042a,Montgomery First Baptist Church,,-92.890806,31.664798,22,2251620,Montgomery
church_overture:d641effc-2887-4e05-ab7c-1a5c1d8f67ec,First Baptist Church,,-93.15462489,35.21941841,05,0517380,Dardanelle
church_overture:d643b6a7-6d2b-410c-940a-f64ff07d54b1,First Baptist Church,,-78.98895547,36.38167554,37,3758160,Roxboro
church_overture:d64829fc-b457-41c0-8147-f04d6686458a,First Baptist Church Gustine,,-98.40422873,31.84326938,48,4831628,Gustine
church_overture:d64dd6b5-7b63-4502-ab4a-df7c946e9b00,First Baptist Church,,-78.5186448,40.95978565,42,NA,NA
church_overture:d6555ae2-e5c8-4e5e-a220-433bbc190d56,Bamberg First Baptist Church,,-81.03211329,33.29547548,45,4503790,Bamberg
church_overture:d6672e91-4ab9-44f4-bd45-232098e94ef9,Woodstock First Baptist Church,,-87.15175,33.2022,01,0183640,Woodstock
church_overture:d6763f29-bea3-40ac-bf53-5431886e1a87,First Baptist Church Of Harker Heights,,-97.666954,31.085293,48,4832312,Harker Heights
church_overture:d67d1964-bfde-411d-a553-6ad79fa9c056,First Baptist Church,,-73.05673051,43.17709169,50,5042925,Manchester Center
church_overture:d68dd93f-8d73-423c-8aa3-79378f73d9bb,First Baptist Church,,-79.14220343,37.41208709,51,5147672,Lynchburg
church_overture:d6958d49-7460-45b2-87b1-46e9d66f2f1f,Delmar First Baptist Church,,-75.5707575,38.4176169,24,NA,NA
church_overture:d6a32819-0148-4d9c-9a0c-6fd0ba70a2af,First Baptist Church Chelsea,,-90.04360655,35.15718089,47,4748000,Memphis
church_overture:d6bc708a-5edd-49c7-a5aa-16e0bbd65ae9,First Baptist Church,,-99.74036831,34.2944045,48,4860044,Quanah
church_overture:d6be6bbb-81a5-4877-a107-12d5fcfcab45,First Baptist Church,,-86.077825,35.472693,47,4745500,Manchester
church_overture:d6bf0ad6-b137-445b-88ff-978c2a9b42ee,First Baptist Church,,-83.3420169869061,32.68850871383607,13,1342100,Jeffersonville
church_overture:d6cb93ee-af90-4b2c-a3de-ea0a93724a3c,First Baptist Church,,-93.03262989820097,38.632834134922774,29,NA,NA
church_overture:d6cbb31c-8079-4521-919a-f5d1046e24a5,First Baptist Church,,-83.44504895,35.43277532,37,3708480,Bryson City
church_overture:d6cd3717-06a2-4300-b398-2c2e60ea1a06,First Baptist Church,,-97.17876155,40.14075382,31,3116410,Fairbury
church_overture:d6d73562-4315-482d-bae0-ffdf0b71d4c7,First Baptist Church of Trenton,,-85.51376172,34.86674499,13,1377372,Trenton
church_overture:d6d849af-0fe9-424d-9f10-00b100264d65,First Baptist Church,,-77.79493872,38.71449568,51,5183136,Warrenton
church_overture:d6d8cd43-3aa4-4ac4-9e06-f9e8fd1f3032,First Baptist Church,,-81.92934777,31.93673986,13,1333336,Glennville
church_overture:d6e309dd-75ff-4e9e-833c-1be9512777fe,First Baptist Church,,-85.66362226,40.55772808,18,1846908,Marion
church_overture:d6e9cfd7-518b-4c42-8a47-465ffa2f2dba,First Baptist Church,,-74.83675041,40.24199693,42,4286920,Yardley
church_overture:d6eb697e-2cf8-44c6-acfe-608f580f7593,First Baptist Church,,-75.42166755,42.06332006,36,3620346,Deposit
church_overture:d6f219a9-a4d7-491d-a1e9-ad19623cb8bd,Early First Baptist Church,,-98.94517434,31.74082822,48,4821904,Early
church_overture:d708aba0-7568-46ea-85aa-09acf1231bef,First Baptist Church,,-89.25238227,37.45899649,17,1701543,Anna
church_overture:d7125138-fcdd-4e48-a4ae-9df8796b87b9,Hunter First Baptist Church,,-82.15772426,36.37094459,47,4736500,Hunter
church_overture:d72a935b-bbdc-4475-b0c1-bfb4be53a8af,First Baptist Church of Warner Robins,,-83.615064,32.617784,13,1380508,Warner Robins
church_overture:d733c2cd-2162-4981-ad8d-c0d5c853fe8b,First Baptist Church,,-118.28920763,33.73778344,06,0644000,Los Angeles
church_overture:d74d7478-6266-4d62-93f5-19eb3ea7c138,First Baptist Church,,-97.39282508,27.98097891,48,4871684,Taft
church_overture:d766b635-c624-4b28-97e6-229d38c3c0da,First Baptist Church,,-73.7822222,42.6411111,36,3601000,Albany
church_overture:d775a825-f254-4673-bf0d-5029763bb5f5,First Baptist Church Haw River,,-79.3617207,36.0942159,37,3730260,Haw River
church_overture:d7787cc9-ec79-4dc7-83bc-b85dadb723d1,First Baptist Church of Ocala,,-82.097469039999993,29.16953207,12,1250750,Ocala
church_overture:d7852bdb-cb80-4b19-a871-8ea1836c165d,First Baptist Church,,-98.98840379,44.52536528,46,4642460,Miller
church_overture:d7954fd2-1f60-48d6-9cc2-090ac7989ad6,First Baptist Church,,-93.26054,31.14179,22,2243010,Leesville
church_overture:d7956954-c7a8-4a66-b600-153777ac2a4a,First Baptist Church of Rock Hill,,-80.98481272,34.93861137,45,4561405,Rock Hill
church_overture:d7ad9a4e-8639-4be5-a264-26969b8326bc,First Baptist Church of Lake St Louis,,-90.76169897,38.78464141,29,2940043,Lake St. Louis
church_overture:d7b16c57-e64e-4e94-805f-64f1eb4d1f8f,First Baptist Church,,-94.70489121,37.84016248,20,2024000,Fort Scott
church_overture:d7b2ab51-8c8b-46ec-b740-9c459013579a,Clearlake First Baptist Church,,-80.75751962,28.37982232,12,NA,NA
church_overture:d7b5fb00-faaf-4759-923a-52901a9fb5e5,First Baptist Church of North Myrtle Beach,,-78.67654,33.82939,45,4551280,North Myrtle Beach
church_overture:d7bb59d6-b35e-47d5-a9be-8143bdaefb2c,First Baptist Church Higgins,,-92.231485,34.654899,05,0568330,Sweet Home
church_overture:d7d90829-0c2f-4da1-aebe-caa872714e56,First Baptist Church of Gold Hill,,-80.34615959,35.50765794,37,NA,NA
church_overture:d7de13b0-e52f-4e58-8c23-d79f067a522a,First Baptist Church Woodstock,,-84.4901967,34.09105588,13,1384176,Woodstock
church_overture:d7e170f1-f186-4147-bf25-ed7bb333f95c,First Baptist Church of Metuchen,,-74.35262704,40.54976302,34,3445690,Metuchen
church_overture:d7e2e43e-455f-4c11-9551-a13e026407a1,First Baptist Church,,-104.5075,37.175277777778,08,0878610,Trinidad
church_overture:d7e6bd66-a9e4-435d-9692-13cc58a1d197,First Baptist Church,,-76.91372802,38.88525236,24,2413000,Capitol Heights
church_overture:d7f38e47-1a62-4f93-90fe-6fd05ccdeb41,First Baptist Church,,-89.55337174,31.64236128,28,2815140,Collins
church_overture:d7fc5e41-dd1c-4246-be0e-52a9dff2d19e,First Baptist Church,,-97.75562868937853,33.20969941718493,48,4810264,Bridgeport
church_overture:d8072b2b-e0ab-4681-b6c4-07e4daacdf99,First Baptist Church,,-80.83631111,38.93256854,54,5432044,Glenville
church_overture:d80c46d7-a4f3-4769-9dfe-ca1fba16056e,First Baptist Church,,-84.57983825,30.58960681,12,1259325,Quincy
church_overture:d814a6dc-aa1f-4b74-9780-7777361cae3d,First Baptist Church,,-97.411837,42.047941,31,3134615,Norfolk
church_overture:d818084a-8cc6-45ce-a236-e210092cf226,First Baptist Church Neches,,-95.49801661,31.86744495,48,4850544,Neches
church_overture:d82120fa-1737-4dfd-b737-0cbc76a93805,Clarkton First Baptist Church,,-78.65396439,34.49098873,37,3712780,Clarkton
church_overture:d8296ec5-31f2-44e7-9f69-8e3485032730,Mount Zion First Baptist Church,,-83.86766146,33.6338379,13,1358744,Oxford
church_overture:d8321b0b-1bac-4298-b346-a3002cdca2bd,First Baptist Church,,-80.56833174,35.41614396,37,3714100,Concord
church_overture:d8350955-5d16-476d-ba41-814bc4630e60,First Baptist Church Of Seward,,-79.02254,40.41465,42,4269368,Seward
church_overture:d8365c57-89fd-4d95-8c46-fedefcce7b36,First Baptist Church,,-85.0455402949223,30.441513255053838,12,1206925,Blountstown
church_overture:d8486eb5-03e9-495c-9c33-1487fe13b8cf,First Baptist Church,,-77.05567179,38.9076395,11,1150000,Washington
church_overture:d8537153-ae5a-4afb-8910-b59d2e319820,First Baptist Church,First Christian Church,-92.58165323,40.19490201,29,2939026,Kirksville
church_overture:d86c71ad-9156-442d-93fb-355c042985b8,First Baptist Church of Fort Jesup,,-93.40135365,31.61460431,22,2226665,Fort Jesup
church_overture:d87568e1-89a0-468a-99f1-de4d4f324dd3,First Baptist Church of Ensley,,-87.26892104,30.52032714,12,1220925,Ensley
church_overture:d87c326c-df38-48ae-8483-0ad04440e924,First Baptist Church of Kennedale,,-97.337922,32.583784,48,4817960,Crowley
church_overture:d89641c0-5a40-4bd2-b68e-c9d4029b1bfc,First Baptist Church,,-98.11651043,32.80875541,48,4848684,Mineral Wells
church_overture:d89ee665-6270-49ae-8826-59c4f71df51f,First Baptist Church of Jonesville,,-80.842646,36.238773,37,3734840,Jonesville
church_overture:d8ab5690-fb3f-49a9-b55d-087d06fb9ada,First Baptist Church,,-84.52841121,35.32391902,47,4724480,Etowah
church_overture:d8ab8c75-95fe-4ee0-a2e9-afb3db9a9715,First Baptist Church of Fairburn,,-84.58215422,33.56431299,13,1328380,Fairburn
church_overture:d8b71d51-915a-481c-833e-2a700843204e,First Baptist Church Chelyan,,-81.4953991,38.19339996,54,5414812,Chelyan
church_overture:d8c0ebdb-b8ea-42fd-809b-5c5be42b64ba,First Baptist Church,,-103.19542994,32.11185709,35,3535040,Jal
church_overture:d8c65bdd-a40c-4a37-891b-911fdd64bfd9,Glen Raven First Baptist Church,,-79.47328241,36.11317933,37,3726460,Glen Raven
church_overture:d8ce6ecd-4cde-44e7-ad6a-692a92bd445a,First Baptist Church,,-80.98447408,41.1716756,39,3973118,South Canal
church_overture:d8dbd1fd-8a4f-49e0-9a6c-39017c71a919,First Baptist Church of Harrisonville,,-94.35205071,38.65445514,29,2930610,Harrisonville
church_overture:d8e40550-499a-4ef3-af2e-177fd48aa1ff,First Baptist Church,,-89.530614,37.307763,29,2911242,Cape Girardeau
church_overture:d8e5c5b5-8e21-4551-a6cf-96817222959d,Foxworth First Baptist Church,,-89.86846042,31.23735005,28,2825740,Foxworth
church_overture:d8f75f7c-2959-4ae5-b928-618d8924d298,First Baptist Church,,-88.94223754,35.97781638,47,4775000,Trenton
church_overture:d8f811db-3788-4502-bd48-00c498b8b98c,First Baptist Church Badin,,-80.12382516,35.41225601,37,3702960,Badin
church_overture:d8fb0116-3e0a-44e7-ac98-e601633a2d0b,First Baptist Church of Lake Park,,-83.18572095,30.68545337,13,1344704,Lake Park
church_overture:d8fe5b89-b3c1-4c73-bbe7-131464c962d4,First Baptist Church,,-76.94604167,38.95683322,24,2441250,Hyattsville
church_overture:d901a99c-6d36-401a-bc47-caadca904297,Mullins First Baptist Church,,-79.25562653,34.2078223,45,4548805,Mullins
church_overture:d90407e3-4889-402d-952f-0149265cefb1,First Baptist Church,,-101.3346313,33.98187049,48,4826268,Floydada
church_overture:d90547ba-4802-4172-8b50-e65c464ef82e,First Baptist Church,,-89.13551745,30.86059875,28,2880160,Wiggins
church_overture:d90c5a0a-49c2-4380-bdf9-2e53b8dce0d5,First Baptist Church of Holly Hill,,-80.41486294,33.32387564,45,4534360,Holly Hill
church_overture:d91337ce-8d9a-4652-af19-d9390524cf82,First Baptist Church,,-85.71760117,38.31126505,18,1838358,Jeffersonville
church_overture:d91442a1-c9f3-4432-8b2c-416a9c96ff71,First Baptist Church,,-96.16742329,33.43530007,48,4805264,Bailey
church_overture:d916988c-12b8-4f3b-b496-168e74f96b78,First Baptist Church,,-77.85978116,42.99050638,36,NA,NA
church_overture:d922d1c3-bd79-46af-9eda-8d70b7a13263,Casey First Baptist Church,,-87.99207121,39.30098575,17,1711618,Casey
church_overture:d924d962-7bee-4d65-8b09-82a748415796,First Baptist Church of Avondale,,-90.20604449,29.9034306,22,2203810,Avondale
church_overture:d925ec39-7e11-4d13-81b5-87acc274dcb5,First Baptist Church,,-114.7112695,42.9404881,16,1632140,Gooding
church_overture:d9320f10-c792-4604-9e9d-77fc0346d53d,First Baptist Church,,-84.36047287154636,42.89019711638248,26,2644200,Laingsburg
church_overture:d946f6c4-3620-48ea-8f78-40913197870b,First Baptist Church,,-88.48756279,33.98646019,28,2801260,Amory
church_overture:d9472028-2e93-4375-ac9e-880d48395dd5,First Baptist Church,,-90.87670898723835,32.336466133141705,28,2876720,Vicksburg
church_overture:d949a4d0-bc8c-40c7-bbf8-c99ffcf0bf4d,Williamston First Baptist Church,,-82.47418656,34.61968323,45,4577875,Williamston
church_overture:d94e0d4c-79a4-43f6-b1b3-fb83e42de7ec,First Baptist Church,,-73.19828914165106,42.7105963780925,25,2579950,Williamstown
church_overture:d94fc658-170f-4255-af00-4a9265bf45d8,First Baptist Church of Elma,,-78.63564335,42.80675626,36,3624141,Elma Center
church_overture:d95db751-9b18-4b26-a997-72380dc8dcd0,First Baptist Church,,-86.08432588,35.20722075,47,4719920,Decherd
church_overture:d96a2f1a-dcc9-4b79-bc1e-d66543baa53a,First Baptist Church,,-101.72871152,33.31772546,48,4879612,Wilson
church_overture:d990a17f-2062-4a3f-8c5b-750455dc2d0e,Greenview First Baptist Church,,-80.99163047,34.06135425,45,4516000,Columbia
church_overture:d99476ae-d8b3-4a7a-918b-4a64a98b886f,First Baptist Church,,-88.05784316,37.20835324,21,2129080,Fredonia
church_overture:d999909c-efbf-4294-b60b-b692b00e8450,First Baptist Church of Venice,,-118.465248,33.995497,06,0644000,Los Angeles
church_overture:d99b42b2-4b75-4bce-97e6-e40a1c2376e5,First Baptist Church,,-111.81669071,39.7180337,49,4954220,Nephi
church_overture:d9a154f6-87bb-4548-b53d-ef33082b7d63,First Baptist Church,,-79.57550411,35.42602336,37,3757000,Robbins
church_overture:d9a65650-a655-48ec-809e-cb19fe680e44,First Baptist Church,,-77.043363,38.07533412,51,NA,NA
church_overture:d9a6d5f2-145e-4d45-8283-cffd3963173c,First Baptist Church,,-79.544417,34.580037,45,4515310,Clio
church_overture:d9ad2dd4-29c8-4b94-9626-1aa75da23a8d,First Baptist Church Marble Hill,,-89.965938,37.304807,29,2945848,Marble Hill
church_overture:d9be17ff-22ae-4be3-b1af-18f6a47be792,First Baptist Church of Blackshear,,-82.2357,31.299346,13,1308284,Blackshear
church_overture:d9d081b5-86e1-414c-8712-63b72545ff5c,First Baptist Church of Venice,,-82.44848566,27.09913952,12,1273900,Venice
church_overture:d9de9593-d261-4c2d-8d5b-8d018d5352fb,First Baptist Church,,-98.615856,27.88212,48,4827432,Freer
church_overture:d9e14cc4-766f-4f65-8e49-745c656aa9e7,First Baptist Church of South Charleston,,-81.69593367,38.36756023,54,5475292,South Charleston
church_overture:d9e6373e-b02d-48d5-b21c-6e5d623a8bbc,First Baptist Church,,-82.39826485,41.07243168,39,3954908,New London
church_overture:d9ec37a0-ec28-4d22-a2bd-861d93fe0eb1,First Baptist Church,,-87.78416419680516,32.30843910265839,01,NA,NA
church_overture:d9ede3fc-2df0-4943-af8c-4ea7bc61001c,First Baptist Church,,-93.697889,32.899071,22,2260670,Plain Dealing
church_overture:d9f1176c-3993-4c0d-866e-0eb510064334,Norris First Baptist Church,,-84.07825224,36.1920494,47,4753600,Norris
church_overture:d9f7df97-3d53-4b46-a2ff-383a39e66f23,1st Baptist Church,,-90.32016578,38.71017362,29,2904366,Bel-Ridge
church_overture:d9f8176d-198c-4a48-876b-fbeed78cb1db,First Baptist Church,,-96.73352137,40.27686563,31,3103390,Beatrice
church_overture:d9f8a910-9fa8-48e2-a76d-cc0214a52d30,First Baptist Church Dawsonville,,-84.10440893,34.42572181,13,NA,NA
church_overture:d9fdb7fb-cfd2-4c39-adc5-a34629317a3d,First Baptist Church,,-97.62612251,36.15519629,40,4046650,Marshall
church_overture:d9ff216b-76d3-4d5a-9274-314220601bd3,First Baptist Church of Mandeville,,-90.07565951,30.37405482,22,NA,NA
church_overture:da3c037f-fbdd-44ab-8557-b5bf9b863797,First Baptist Church,,-82.8447785,31.50931067,13,1323872,Douglas
church_overture:da47e783-bfed-406e-9a8b-5a615ddf4264,First Baptist Church Troy,,-84.22563819,40.04751023,39,3977588,Troy
church_overture:da491db0-395d-4a6c-9ea5-f394c1d9a5fb,First Baptist Church,,-79.7658615,40.20730908,42,4283680,West Newton
church_overture:da49da04-f718-427f-9f6a-e48dd564141d,First Baptist Church of Elkridge,,-76.70761555,39.21203622,24,2425750,Elkridge
church_overture:da4bfacc-6aed-426a-bfe0-50d5dea3d8ae,First Baptist Church,,-80.22499719,38.98998541,54,5411188,Buckhannon
church_overture:da53ced7-794a-4141-bf5d-722129fffee0,First Baptist Church,"First Baptist Church 125 North Main St. Naples, NY 14512  phone:5854029973",-77.40086467,42.61702649,36,3649429,Naples
church_overture:da6e9990-f875-4db0-9b5a-a699b1a0b3be,Love First Baptist Church,,-89.9727109,34.75295195,28,NA,NA
church_overture:da79dd62-35cc-4519-9d23-9897fd164075,First Baptist Church of Belmont,,-81.2597321,39.379732250000004,54,5406004,Belmont
church_overture:da83d6b8-c198-47c3-9367-33b048721313,First Baptist Church,,-100.99188975,37.99082674,20,2032575,Holcomb
church_overture:dab7aa3e-91c7-4fff-94bc-9a55c5d2349d,North Fort Myers First Baptist Church,,-81.885856,26.67347,12,1249350,North Fort Myers
church_overture:dacc5612-26fb-4493-b0d3-be0e070a3ce0,First Baptist Church McLoud,,-97.09694995,35.43567106,40,4045350,McLoud
church_overture:dacd66b0-4420-4583-8e59-8370b3b02072,First Baptist Church,,-74.15578411059016,40.9583631710909,34,3430570,Hawthorne
church_overture:dadc32f6-69aa-4451-a05f-f438c228a666,Sumter First Baptist Church,,-80.33914823,33.92087963,45,4570405,Sumter
church_overture:dae65136-93fb-43d4-b6d5-c124e53fae57,First Baptist Church,,-100.43361602,45.5380098,46,4643180,Mobridge
church_overture:dae878d2-5f38-4757-974c-31cc19cf1b68,Lavonia First Baptist Church,,-83.105223,34.437766,13,1345460,Lavonia
church_overture:daf8acd7-43db-46f8-997d-a5e8eb4a4af2,First Baptist Church Broxton,,-82.8846396576406,31.623142329803468,13,1311504,Broxton
church_overture:dafb09a5-36fa-43f4-a810-9bde77b93dbc,First Baptist Church of Goodland,,-101.71152776,39.34723922,20,2026875,Goodland
church_overture:db17d139-2d96-4a48-a06a-fd8b5b95088d,First Baptist Church,,-88.6883343,34.37609082,28,2864840,Saltillo
church_overture:db2ea4a7-aebf-4219-b62e-35801634a360,First Baptist Church of Gray,,-83.53728899,33.0089273,13,1334512,Gray
church_overture:db30b045-a52e-421c-bf0d-d04e7bf13b96,First Baptist Church,,-87.17769583,41.57149431,18,1861092,Portage
church_overture:db351d5f-8585-4e77-a137-6dd3f0208e8c,First Baptist Church of Yampa,,-106.9085947,40.15196103,08,0886475,Yampa
church_overture:db380725-7cc7-4a79-bea9-a7462b724dc6,First Baptist Church of Mebane,,-79.2708106,36.09409387,37,3742240,Mebane
church_overture:db3b4308-117c-4df5-8cce-8e20a71d680e,First Baptist Church,,-122.76293005,48.11659594,53,5355855,Port Townsend
church_overture:db3c53c2-df73-4b05-812d-bd5821b550be,First Baptist Church,,-96.32839331,29.59086122,48,4821844,Eagle Lake
church_overture:db44c993-e007-4209-8133-b7a2a5322d0b,First Baptist Church,,-78.83099559,34.31781107,37,3711640,Chadbourn
church_overture:db5419fc-f284-49f3-856d-d27ec79ea71a,First Baptist Church,,-97.32611921,28.23937965,48,4880176,Woodsboro
church_overture:db56aaca-51a9-4ca3-a96b-784c35a144ee,Fletcher First Baptist Church,,-98.24202237,34.82225154,40,4026350,Fletcher
church_overture:db64ceb4-a955-4e9d-b511-1747feaae0bd,First Baptist Church-augusta,,-84.0032143,38.7714299,21,2102674,Augusta
church_overture:db6e847e-1901-48c0-b18b-44823cb3b2e8,First Baptist Church,,-81.37745776,35.38129443,37,3712340,Cherryville
church_overture:db701ca3-89f2-4b58-b50a-5467f45e31ff,First Baptist Church,,-94.87316156,36.93409443,40,4016500,Commerce
church_overture:db75fae4-00ff-49be-be9b-5ff6ea6b4811,First Baptist Church of New Berlin,,-88.11816371,42.97504444,55,5556375,New Berlin
church_overture:db79dce7-d0a0-4fae-89f5-e3af3a7dc62c,First Baptist Church of Longdale,,-98.545616,36.136836683085,40,NA,NA
church_overture:db79fbd0-ae1a-4e33-bfb7-092d0e74e714,First Baptist Church,,-101.6737662,33.58231546,48,NA,NA
church_overture:db821df5-4371-4151-8324-a219fa297638,First Baptist Church,,-79.68481338150951,37.523693964571,51,5110744,Buchanan
church_overture:db876f41-06b5-4d23-aa9c-c20d7b1d35a7,The First Baptist Church,,-71.32452768,42.88214646,33,3317860,Derry
church_overture:db878f8d-1715-43eb-b8f1-f20c19394220,First Baptist Church of Willcox,,-109.83493722,32.25390631,04,0483090,Willcox
church_overture:db887324-bc22-4ac6-9e08-6438a60ad482,First Baptist Church of Valparaiso,,-86.499409,30.51018,12,1273675,Valparaiso
church_overture:db927dac-4c52-497c-ad0a-5c723f8373f4,First Baptist Church,,-90.7497457,30.48679034,22,2244655,Livingston
church_overture:db94f5f8-7b87-4efb-ad93-b480fa0cdd88,First Baptist Church of Oakville,,-90.31991637,38.44270476,29,2953876,Oakville
church_overture:db9515d9-ac99-4726-be03-7857a26d3c8e,First Baptist Church of Andrews,,-79.55912781,33.45168521,45,4501450,Andrews
church_overture:dba03619-1d99-48e1-9a36-841e27f823a7,First Baptist Church of Fairlea,,-80.448095,37.796941,54,5446636,Lewisburg
church_overture:dba2be5f-daae-47f6-a6f4-6bafaa2eb1ff,First Baptist Church,,-96.36869948,33.59819466,48,4866008,Savoy
church_overture:dba6a527-3a3c-421d-a48d-9f4be169b6ea,First Baptist Church of South Holland,,-87.57183642,41.58321668,17,1770850,South Holland
church_overture:dbc26522-567e-4516-974d-e33fbfe6bbc2,First Baptist Church,,-79.32699,41.12923,42,NA,NA
church_overture:dbc6db7b-3bc7-4860-9084-bb6cbabe1a77,First Baptist Church Mathews,,-76.329859,37.451825,51,5150104,Mathews
church_overture:dbd74afc-f5fd-46e8-acda-fa5ec19cb1cc,First Baptist Church of Bloomingdale,,-81.3005761,32.13072514,13,1308844,Bloomingdale
church_overture:dbe48ce7-8359-4ca3-a79c-fb0f15394949,First Baptist Church,,-80.29551059,40.36856548,42,4249240,Midway
church_overture:dbe69152-bbae-46af-9c72-f4a531256f6b,First Baptist Church of Milton,,-87.07544,30.637586,12,NA,NA
church_overture:dbe7c285-1b46-40e9-8d42-ae93ca912918,First Baptist Church of Elfers,,-82.72127601,28.21859074,12,1220275,Elfers
church_overture:dbeddd5a-86e8-44b7-90e5-8d9011ae39fa,First Baptist Church,,-88.2637458,39.98672443,17,1775614,Tolono
church_overture:dbf7ea8c-98c4-477f-9296-32b13832a141,First Baptist Church Big Bear,,-116.88661720977451,34.24417591596197,06,0606434,Big Bear Lake
church_overture:dbfa1a8e-9e9f-4266-946b-8c22bf919e78,First Baptist Church,,-89.94868247011843,38.811252329879,17,1722697,Edwardsville
church_overture:dbfb3db2-5efa-4d08-9380-5984fea6c9cc,First Baptist Church,,-87.72030847,40.78084362,17,1779228,Watseka
church_overture:dc1ac8e4-0e76-47f6-a6eb-ee8de6272620,First Baptist Church,Winchester First Baptist Church,-86.10777031,35.18642325,47,4781080,Winchester
church_overture:dc1f788c-f956-4b8f-850d-527a47285425,First Baptist Church of Hondo,,-99.14563974,29.34306754,48,4834676,Hondo
church_overture:dc26114c-26c5-4658-a94f-c9ee34eb37ea,First Baptist Church of Leon,,-96.7811963,37.69020023,20,2039450,Leon
church_overture:dc375d05-e7f8-43c8-acdb-4e0c62005201,First Baptist Church,,-95.26741282,38.61259447,20,2053550,Ottawa
church_overture:dc57f025-1304-4422-bb9a-5a2e9b55ff64,First Baptist Church,,-95.12806958,29.87412065,48,NA,NA
church_overture:dc5e5bff-2b3d-4e39-b310-7415ec687df1,First Baptist Church of Black Mountain,,-82.32146,35.620739,37,3706140,Black Mountain
church_overture:dc752eee-153e-4701-8845-a1271afd6125,First Baptist Church,,-97.40758661,30.88655201,48,4834508,Holland
church_overture:dc79ce7d-f7ea-4101-8c01-79d8b76a27f2,First Baptist Church,,-89.76851835,39.50215228,17,1778149,Virden
church_overture:dc7dd121-419b-4e72-9f55-3d6b2ca30fe9,First Baptist Church,,-101.22140054673325,36.86515025066314,40,4036000,Hooker
church_overture:dc8672dd-96cb-440e-ba50-f1e1decc8412,McHenry First Baptist Church,,-89.14178335,30.70910495,28,NA,NA
church_overture:dc8c0fee-8da7-48b9-aa2d-157f6862b22e,First Baptist Church of Waverly,,-81.61335867,27.9765781,12,1275475,Waverly
church_overture:dc8fe223-7b95-4d4f-bc7e-fa10d5f008f6,First Baptist Church Springdale,,-84.483794,39.283939,39,3974104,Springdale
church_overture:dc93506c-6464-4dcc-8706-febcf3f63452,First Baptist Church of Horseshoe Bend,,-91.75695118329413,36.21646819282087,05,0533370,Horseshoe Bend
church_overture:dc9e8153-093f-4c38-a86f-07635f754822,First Baptist Church of Murphy,,-90.48849561,38.48629556,29,2950834,Murphy
church_overture:dca27888-172e-45c7-b629-987faf05f4f6,First Baptist Church of Kiel,,-88.0451588,43.92552421,55,5539525,Kiel
church_overture:dca438f9-fce3-4452-853a-4c2b8ff3d2c1,First Baptist Church,,-97.1775241,32.2706449,48,4830512,Grandview
church_overture:dcb18aae-1c09-49c9-9b97-262eaf5ea82f,First Baptist Church,,-96.65138034,31.75309766,48,4816552,Coolidge
church_overture:dcb4ec40-fbe4-4702-9a62-ada55da92173,First Baptist Church,,-90.18675784999999,33.518877149999994,28,2829340,Greenwood
church_overture:dcbfce8a-646c-43c0-8402-88d120b59467,First Baptist Church,,-95.92303317,45.58332901,27,2744242,Morris
church_overture:dcc44498-5992-496e-8e96-d0307cafaa8c,First Baptist Church,,-87.85969499,42.33396873,17,1753559,North Chicago
church_overture:dcc72c13-3226-4017-84fc-d2686e1b4849,First Baptist Church,,-90.5188574084,41.538665467,19,1906355,Bettendorf
church_overture:dcd82fff-643b-4104-afb0-caa17de03cce,First Baptist Church,,-99.7348085,40.78064111,31,3126910,Lexington
church_overture:dcef9a1b-5e48-4e67-81e4-7a36c370ad21,First Baptist Church Thousand Oaks,,-118.84260458,34.19450393,06,0678582,Thousand Oaks
church_overture:dcf4b9ad-277c-41a0-8b2b-d9c43a56491e,First Baptist Church,,-96.94274184189956,38.670314406435445,20,2031400,Herington
church_overture:dcfccb06-a2f1-4c47-9de1-78ae9caaf5f1,First Baptist Church of Media,,-75.38847477,39.92051416,42,4248480,Media
church_overture:dcfe03d4-057a-4f7c-9550-c9edd01f3b44,Soper First Baptist Church! (:,,-95.6947151776892,34.03573387387243,40,4068500,Soper
church_overture:dd02a3d7-f90a-47ce-bbec-7badfa34cf1a,First Baptist Church of Pine Ridge,,-80.1722326,34.40704638,45,NA,NA
church_overture:dd02bbd1-a857-4ae7-bcde-e1551d366c12,First Baptist Church McCurtain,,-94.97041943,35.15143473,40,4044950,McCurtain
church_overture:dd065e25-67ea-4dce-8840-e15304721835,Hampton First Baptist Church,,-92.46832804,33.53862975,05,0529650,Hampton
church_overture:dd08165c-c19d-4d89-bc69-0aec36412d1f,First Baptist Church of Perrin,,-98.06366653,33.03376574,48,4856864,Perrin
church_overture:dd0bc183-35f2-409f-abfe-f9c8c3196118,First Baptist Church,,-93.00060081,40.47724895,29,2975166,Unionville
church_overture:dd1a01d9-10f2-4d96-ad0f-43f03efc3d58,First Baptist Church,,-81.63387823,29.64592833,12,1253875,Palatka
church_overture:dd1b0e15-4a40-44d1-a76c-b3da8af1cb7d,First Baptist Church,,-78.80300157,35.58468853,37,3725300,Fuquay-Varina
church_overture:dd1e5054-a67d-414c-a3a7-bf72a813185e,First Baptist Church,,-120.01031599,46.32480914,53,5368750,Sunnyside
church_overture:dd344719-69a3-4baf-864c-e6076e8f4108,First Baptist Church,,-107.31784007,38.0306914,08,0842330,Lake City
church_overture:dd35a203-798f-40c3-aa21-c0bee7273373,First Baptist Church of Loxley,,-87.74685909,30.62222168,01,0144608,Loxley
church_overture:dd526dd4-eb57-434c-ab18-a08ef676f1a8,First Baptist Church of Friendswood,,-95.20271,29.5327,48,4827648,Friendswood
church_overture:dd64ebef-dbe4-4103-b797-18d322b5dd90,First Baptist Church of La Plata,,-76.997495,38.540153,24,NA,NA
church_overture:dd65226c-286e-4cbb-9afc-4e74d38d1d57,First Baptist Church,,-85.04497888430949,43.40613976817547,26,2625000,Edmore
church_overture:dd68cdb9-b987-46a3-ba0f-fb282a8a9137,First Baptist Church,,-80.08100162,36.1204318,37,3735600,Kernersville
church_overture:dd6938fc-c06c-45e1-a344-808e20c111c7,First Baptist Church,,-86.62997318092631,32.84051882535581,01,0115136,Clanton
church_overture:dd8c915d-3b8e-4287-b905-7c6467383ec8,First Baptist Church,,-94.628421665268,37.074475774689,20,2025100,Galena
church_overture:dd9bc069-aa26-4746-a760-d6f28aa6c1c9,First Baptist Church,,-79.71749103096494,41.42675985933042,42,4256456,Oil City
church_overture:dda2f90c-ea27-47f0-860a-27f9a1b870e5,Prentice First Baptist Church,,-90.2950444,45.5500803,55,5565325,Prentice
church_overture:ddd70532-46fa-4dd6-9418-05fcd8823db8,First Baptist Church,,-74.68295465,39.97346859,34,3457480,Pemberton
church_overture:dde24497-f92c-48b5-ae36-fdba493a2d53,Litchfield Park First Baptist Church,,-112.34232264,33.49161454,04,0404720,Avondale
church_overture:dde9c133-8118-430f-bf75-08d99b06fea7,First Baptist Church,,-85.33782955,31.35162984,01,0133856,Headland
church_overture:ddee95b3-6de9-423e-91d8-5cd14b07a89d,First Baptist Church of Kenai,,-151.266878,60.562014,02,0238420,Kenai
church_overture:de065e36-04fd-4212-aae9-98813ed29212,First Baptist Church of Artesia,,-118.07549938,33.8648932,06,0602896,Artesia
church_overture:de164124-d23d-488d-b081-f25088b6f844,First Baptist Church,,-92.77702438,38.14631003,29,2971728,Sunrise Beach
church_overture:de34ac20-aa59-428a-87e4-3db20c844c70,First Baptist Church,,-131.66821167473896,55.34919689417649,02,0238970,Ketchikan
church_overture:de39d8a4-04ff-4a09-a29a-0aa299495a98,First Baptist Church Anson,,-99.89648538,32.75220181,48,4803372,Anson
church_overture:de3f976b-c355-41ac-b9ef-4764b1efbdce,First Baptist Church,,-101.30825533,34.47266337,48,4867904,Silverton
church_overture:de44bafc-dd8d-44b4-a97a-aabd63a48586,First Baptist Church,,-76.76109235,36.50273498,37,NA,NA
church_overture:de461e86-e666-442c-8240-72f7c2fa99cf,First Baptist Church,First Free Will Baptist Church,-76.71360746,34.72243801,37,3744320,Morehead City
church_overture:de48ba01-7f88-4eca-86bb-7c577356d192,First Baptist Church,,-98.09891947,30.02529113,48,NA,NA
church_overture:de50e359-37fb-4d91-bde7-a2e221fcc3e4,First Baptist Church,,-101.84868398,34.06298127,48,4831820,Hale Center
church_overture:de5151aa-ba9f-41ed-9163-03b0cc2487c6,First Baptist Church,,-79.36760885,34.41880398,45,4519420,Dillon
church_overture:de571612-80e6-4fd2-a7db-4bcc0add5f25,First Baptist Church,,-92.83290829956331,37.50181706081177,29,2916192,Conway
church_overture:de61d339-8803-4beb-b2c8-72923b02b889,First Baptist Church of Leesburg,,-81.88505914,28.81306426,12,1239875,Leesburg
church_overture:dea10529-caad-408d-9620-c6b6072d353e,First Baptist Church,,-120.44940746,36.8553498,06,0624134,Firebaugh
church_overture:dea90783-fff9-47ad-aa9b-072e8cce5f7e,First Baptist Church,,-93.58042665,30.19078353,22,2278820,Vinton
church_overture:deb220a1-75f4-4a4a-b53f-32cac02c78f0,First Baptist Church,,-69.47429195,44.20470095,23,NA,NA
church_overture:debed30d-daac-4f5f-818f-36b3f269203b,First Baptist Church,,-92.61394184,33.73166886,05,0504420,Bearden
church_overture:dec3509a-8bc2-4384-98a2-7fcb03631b7d,First Baptist Church Altoona,,-86.32298889,34.02782936,01,0101660,Altoona
church_overture:dec3a7f7-6f50-4963-a551-ac01bc5e2f43,First Baptist Church,,-79.94421748,34.13514081,45,4571980,Timmonsville
church_overture:deca823e-753b-4ee1-8db9-2fac6ba214d6,First Baptist Church,,-73.63171377,40.86235562,36,3629113,Glen Cove
church_overture:decf49ea-dfda-4db6-975e-380930b7b8d3,First Baptist Church,,-100.71267401,32.40585232,48,4843996,Loraine
church_overture:dedc49f8-28f7-40df-bf47-72f3631f56c4,First Baptist Church,,-93.56462526,39.79786301,29,2913690,Chillicothe
church_overture:dee6c3ac-d1da-4d65-af4b-0bae4c56e938,First Baptist Church,,-71.0488414,42.17434634,25,2556000,Randolph Town
church_overture:dee8eb18-1eb0-4513-b4ce-12cdc761201d,First Baptist Church,,-77.39417806,39.61628199,24,2477825,Thurmont
church_overture:dee93039-7381-4d8f-b620-8d2400d10d4f,First Baptist Church,,-76.98860549,36.28723414,37,3700500,Ahoskie
church_overture:deed1d60-917f-4827-8cd5-4f66b3ebbc0f,Arlington First Baptist Church,,-89.01547019,36.78847244,21,2102044,Arlington
church_overture:def11389-2929-480b-a28a-99afe0c3300b,First Baptist Church,,-85.828692,34.860458,01,0173080,Stevenson
church_overture:def3fd3e-d2b0-4b48-a743-1211bafccc80,First Baptist Church,,-104.44151061,36.90058554,35,3562060,Raton
church_overture:def778f8-b7b5-4225-9a18-31ff6633b4a6,First Baptist Church,,-99.1024596476424,40.713401348370354,31,3125055,Kearney
church_overture:deff123e-5c48-464b-a260-ac40dd933602,First Baptist Church,,-84.13885185,43.29676934,26,2670640,St. Charles
church_overture:df068803-a20c-454a-8747-188193de3547,First Baptist Church,,-98.19058575,26.18220347,48,4857200,Pharr
church_overture:df0ec48e-f2fb-4379-b9db-3704a450b52d,First Baptist Church,,-83.88420606,39.91345277,39,NA,NA
church_overture:df105634-fa8f-4c56-9438-fa19185b1db1,First Baptist Church,,-86.67670354,30.41046077,12,1243375,Mary Esther
church_overture:df1c3c00-2882-4d3c-b5ac-5e780f4838ea,First Baptist Church,,-98.05171041,26.1729192,48,4820884,Donna
church_overture:df22c880-aeee-48eb-8ee8-afed3cad5b66,First Baptist Church of Lake Hamilton,,-81.619094,28.054004,12,1237975,Lake Hamilton
church_overture:df293640-5356-413d-aad1-f40e45659641,First Baptist Church,,-89.60780958,40.6200708,17,1747111,Marquette Heights
church_overture:df2b4314-8b9e-4e51-baaa-f937e99299ea,First Baptist Church Drexel,,-81.60527918711153,35.75652932811267,37,3717860,Drexel
church_overture:df2cfe0b-453b-45ed-824d-797eea314702,First Baptist Church,,-93.773243,38.369661,29,2914986,Clinton
church_overture:df372b7a-b4c4-4baa-b29c-c07da8f9f196,First Baptist Church,,-103.00237653,42.82325524,31,3108605,Chadron
church_overture:df381040-2bcd-4303-bdae-0e4a2b7081df,First Baptist Church of Yancey,,-99.14410002,29.13933663,48,4880428,Yancey
church_overture:df3a26af-bcef-4569-91db-987a03da094a,First Baptist Church,,-86.04265738,41.17233577,18,1848402,Mentone
church_overture:df3df80e-5823-4743-962b-10ab8fa5de03,Alpine First Baptist Church,,-109.14583405,33.8468286,04,0401920,Alpine
church_overture:df3f982f-8a02-4a88-a72f-acdbe77d213b,First Baptist Church,,-76.17967779173485,42.60647480968037,36,3618388,Cortland
church_overture:df41271d-c033-48e4-9df7-fd728d7d7462,First Baptist Church,,-82.45951007,34.6409409,45,4555465,Pelzer
church_overture:df4f1e3d-3132-41a0-9287-32578c0e972a,First Baptist Church,,-93.377931,30.234718,22,2273640,Sulphur
church_overture:df559121-e7a9-41c5-9bf1-6db6c66b71c8,Lilydale First Baptist Church,,-87.6395791,41.68865151,17,1714000,Chicago
church_overture:df870e73-1f74-4ec7-866f-e77714f2925c,First Baptist Church of Jeffersontown,,-85.56311196,38.1956008,21,2140222,Jeffersontown
church_overture:df88580b-61a5-4fb7-aa45-8b3d44b3b2c2,First Baptist Church of Havelock,,-76.90368393,34.87042887,37,3730120,Havelock
church_overture:df8e1f9b-b437-4e7e-b9d3-64cf46291572,Essex First Baptist Church,,-89.864006,36.813379,29,2922600,Essex
church_overture:df8f97bb-2a5e-44ca-b58a-fef51a76608b,First Baptist Church,,-71.19591936,42.33001431,25,2545560,Newton
church_overture:dfa04bf4-2580-4744-8377-8a4ac7f65866,First baptist church,,-91.15536144671329,30.147410999657307,22,2281375,White Castle
church_overture:dfb113de-284c-46ba-8d54-7859ada7919d,First Baptist Church of Duncan,,-109.10655917,32.72061269,04,0420750,Duncan
church_overture:dfd01099-f1a3-428e-9cec-6f2aa5b36180,First Baptist Church of Rotan,,-100.46532434,32.85350231,48,4863464,Rotan
church_overture:dfd2550d-0059-4021-a5bd-840c51790a00,Nucla First Baptist Church,,-108.54286463,38.26984435,08,0854935,Nucla
church_overture:dfd46890-76cc-4332-a160-54eccee0fb42,First Baptist Church,,-89.72985719,33.4822052,28,2880760,Winona
church_overture:dfd9f635-6b5d-4c5f-b498-dcc0151b5658,First Baptist Church of Santa Fe,,-97.35862781,35.00677782,40,4061150,Purcell
church_overture:dfe4bfa4-6a80-4fd1-a222-e6af936a79af,First Baptist Church of Port Orange,,-80.9892874,29.14061225,12,1258575,Port Orange
church_overture:e007b04c-0788-4753-9163-e8acf621cf1f,First Baptist Church,,-99.833294,32.421895,48,4801000,Abilene
church_overture:e00c745a-932a-4d30-a332-edc4a7b097c7,First Baptist Church,,-98.23402842,34.01394217,48,4857044,Petrolia
church_overture:e0129970-0774-4ed9-9bfb-70b9092441ae,Sunbright First Baptist Church,,-84.67153072,36.24144456,47,4772140,Sunbright
church_overture:e01a1ca2-f350-4d72-8b5c-ad5a48cceaf1,First Baptist Church/ Waverly,,-77.100751,37.04001,51,5183600,Waverly
church_overture:e02919f9-bd10-446d-b537-39f4b55cdf15,Fountain Inn First Baptist Church,,-82.19954676,34.69574237,45,4527070,Fountain Inn
church_overture:e02a2c41-c084-4f48-b947-b81e1f813f48,First Baptist Church,,-96.01561963,32.17036487,48,4846224,Malakoff
church_overture:e02b9b84-ac55-4aa4-b52e-be5621464f75,First Baptist Church of Valley Center,,-97.374312,37.835097,20,2073250,Valley Center
church_overture:e033d312-1160-43d0-af27-b6c517891c0e,First Baptist Church,,-94.28693707,36.35716457,05,0512820,Centerton
church_overture:e0404c4a-34c6-4325-b14f-f95aba0b02aa,First Baptist Church,,-101.79186651,32.13084238,48,4870040,Stanton
church_overture:e047e96a-6db3-46e1-85dd-25ecde6b13df,First Baptist Church of Odessa,,-93.95442356,38.98464334,29,2954038,Odessa
church_overture:e04b5acf-f497-4ec5-bc98-3ecd84465db8,First Baptist Church,,-76.69723030499696,40.566772443100085,42,4245592,Lykens
church_overture:e055265e-4fe6-42bc-84a4-2cea8d69af6b,First Baptist Church,,-87.904135,33.323997,01,0130736,Gordo
church_overture:e05e44be-f9a8-44bf-9923-c1953afce341,First Baptist Church,,-97.10806999,38.16858611,20,2055100,Peabody
church_overture:e05eb8ef-fbd9-42d8-940f-cf8810a03db8,Robbins First Baptist Church,,-84.59022056,36.35463893,47,4763920,Robbins
church_overture:e068dfa1-b815-4af0-95ac-6a9d84d539ae,First Baptist Church,,-95.32979145,41.64577877,19,1934500,Harlan
church_overture:e06a4e6a-e8fc-4a56-928c-49a7f07bb026,First Baptist Church,,-84.840087,30.698265,12,1211800,Chattahoochee
church_overture:e06c6067-80c1-423f-9cb1-95624c1e4142,First Baptist Church of Custer,,-103.612486,43.730759,46,NA,NA
church_overture:e0737134-8ff4-4140-b082-36fd4306481e,First Baptist Church Of Niles,,-87.8020371,42.0143668,17,1753000,Niles
church_overture:e08b066c-7789-4e94-8abb-3e550bc8e1cd,First Baptist Church,,-85.49373821,40.88284138,18,1835302,Huntington
church_overture:e0911dfa-87f8-471b-ad2f-2a788c3ddc82,First Baptist Church,,-87.835661,33.684506,01,0125840,Fayette
church_overture:e0980d64-1ed5-4f95-b874-0563bfdfe3a4,First Baptist Church of Caldwell,,-97.60848769,37.034419,20,2009900,Caldwell
church_overture:e0a35ca5-6173-4dbf-bdbd-c3e1417e4074,First Baptist Church,,-96.59626399,34.87247788,40,4027650,Francis
church_overture:e0ad5f78-cfc5-45b2-9aff-4e5a4bf1b6a4,First Baptist Church,,-75.74592039,41.96375572,42,4232080,Hallstead
church_overture:e0bd8cd4-b8c4-4161-84bb-4d237e2ab196,First Baptist Church,,-86.59961833,41.04526708,18,1884734,Winamac
church_overture:e0c577e6-99a8-4a2b-87a0-7c4973da5623,Newbern First Baptist Church,,-89.265346,36.113227,47,4752400,Newbern
church_overture:e0d0da8b-dbfe-4d43-a414-cf8257fa06fc,First Baptist Church,,-92.84002207,38.43103766,29,2975922,Versailles
church_overture:e0d4c232-8025-41b3-9846-76edb1eb114e,First Baptist Church of Forney,,-96.266071,32.738115,48,4872284,Terrell
church_overture:e0f124ed-8fee-4d85-bda4-6f2e9ad24d25,First Baptist Church Newton,,-93.75758623,30.84807271,48,4851372,Newton
church_overture:e0f4d118-a700-4d82-b3a9-f488bbffcbbf,First Baptist Church,,-85.552044,40.114207,18,1816642,Daleville
church_overture:e1036986-26fc-4da4-92f5-e7bfdfc39c58,First Baptist Church,,-76.07762165,43.64373494,36,3665068,Sandy Creek
church_overture:e10ab8fd-32e5-4c1d-b3cd-dd52da2e3fda,Sherman First Baptist Church,,-79.59661789,42.16081432,36,3666949,Sherman
church_overture:e114dd0f-287e-4bfe-9b26-e2cd3f6ecff8,First Baptist Church,,-79.84675822,38.92652574,54,5424580,Elkins
church_overture:e1358152-c7e9-4ca5-94e8-43eaa3b4c0e2,Addison First Baptist Church,,-87.17515074,34.19897547,01,0100484,Addison
church_overture:e1367787-bc6a-426b-a74f-95a620bafcd9,First Baptist Church of Genoa,,-88.69182084,42.10015243,17,1728898,Genoa
church_overture:e13943cc-25f2-4719-8412-6ec71453bcd9,First Baptist Church,,-77.28865888,37.30580531,51,5138424,Hopewell
church_overture:e13d6f1f-ec1d-47d4-bcff-826f99310ece,First Baptist Church,,-82.2685954253806,37.61836081297238,21,2105266,Belfry
church_overture:e1569695-b244-4365-ad64-2b7bdb8cadca,First Baptist Church,,-95.84734664,33.43963658,48,4856468,Pecan Gap
church_overture:e1607694-a6f2-4070-af2a-f1f9eb01b390,First Baptist Church,,-92.35673072,33.10725809,05,0567370,Strong
church_overture:e162f0b6-941f-4a8b-9843-3a4c850e522e,First Baptist Church of Burbank,,-119.01034595,46.19683349,53,5308780,Burbank
church_overture:e16a9db5-8bdd-4e88-be81-743734d50c87,First Baptist Church of Yakima,,-120.498897,46.604184,53,5380010,Yakima
church_overture:e17cce8b-cc44-40cb-8937-640e7b3927fb,First Baptist Church of Blaine,,-67.86727341,46.50369751,23,2305350,Blaine
church_overture:e1860e0b-e5fa-4fa8-8853-e140059214ea,Terral First Baptist Church,,-97.93184795,33.89557322,40,NA,NA
church_overture:e18deef0-9d19-4823-83bc-027dbc6b0303,First Baptist Church,,-82.50145059,33.46308445,13,1376280,Thomson
church_overture:e1970153-e814-497c-8a28-095c00be71f9,First Baptist Church,,-86.29857802,32.38211665,01,0151000,Montgomery
church_overture:e1a8b8eb-bb98-4c28-8390-2d2876d5a2be,Graniteville First Baptist Church,,-81.80701165,33.56530907,45,4530265,Graniteville
church_overture:e1bb42e9-a92f-4dc3-a0bd-b140565917d1,First Baptist Church of Painted Post,,-77.09440749,42.15826371,36,3656088,Painted Post
church_overture:e1c60869-8aa0-4278-b691-dfbf98930a7f,First Baptist Church,,-92.37087578,30.21368478,22,2218650,Crowley
church_overture:e1c81824-62c8-4ffd-a42b-e41553646e55,Mount Zion First Baptist Church,,-77.79886309,35.94577791,37,3757500,Rocky Mount
church_overture:e1c90e59-343b-4df9-b7f6-62a49ba79917,First Baptist Church,,-99.49638425,32.40432139,48,4815676,Clyde
church_overture:e1cfde37-c85d-4476-8787-64cf9e40721a,First Baptist Church,,-85.9518502,36.25380861,47,4711280,Carthage
church_overture:e1d461e1-eebf-43d8-915d-15c14d8becd4,First Baptist Church Of Cashion,,-97.68007913507084,35.79974950518811,40,4012650,Cashion
church_overture:e1dd3bc6-2e88-4ce8-95b1-5f1b83e9bbc5,First Baptist Church,,-88.18726778644549,39.46714690947767,17,1712567,Charleston
church_overture:e1eb3493-9749-4ce3-bc83-d1d4e13751cc,The First Baptist Church of Graham,,-79.40067424,36.07197213,37,3727280,Graham
church_overture:e1f627d9-aa0f-4851-9ce2-13935027c4cd,first baptist church of camarillo,,-119.0341405534616,34.23411854440345,06,0610046,Camarillo
church_overture:e1f6b5bd-84b3-43a6-913a-5a0731c6aeb8,First Baptist Church,,-76.91125917,39.04477034,24,2406400,Beltsville
church_overture:e1fe5904-0fa0-4701-8775-2f27805d9319,First Baptist Church,,-97.28222495504005,37.39531851485037,20,2005500,Belle Plaine
church_overture:e203d94a-5e5b-4568-a120-0573d651ce9e,First Baptist Church,,-73.272093,43.594977,50,5025450,Fair Haven
church_overture:e205823f-2a0f-49cf-b757-34d62b3a1484,Troy First Baptist Church,,-89.15917372,36.3373197,47,4775240,Troy
church_overture:e21d0d22-b851-4d9b-845f-1e8ee8041108,First Baptist Church,,-94.9547905,38.49693015,20,2053225,Osawatomie
church_overture:e21efde0-9934-4537-ab89-2fab8bbc9840,First Baptist Church,,-81.695511,35.740475000000004,37,3744400,Morganton
church_overture:e21fc3f6-8387-4fe4-8b09-2cd5176c2620,First Baptist Church of Lefors,,-100.80342933,35.43852556,48,4842148,Lefors
church_overture:e2271dd1-4c39-4013-935a-7cef2f8ce3fa,First Baptist Church of Vancleave,,-88.690438,30.524895,28,2876200,Vancleave
church_overture:e2358372-6e0d-4be3-a495-0e348aa5eb5e,First Baptist Church,,-93.73486965,30.09351606,48,4854132,Orange
church_overture:e2359029-9c20-4740-a389-70a3b60855d5,Uriah First Baptist Church,,-87.500871,31.302289,01,0178120,Uriah
church_overture:e238cba3-42ac-47fd-9a92-0dac642b72ea,First Baptist Church,,-94.47566172,42.15364133,19,1913350,Churdan
church_overture:e23ca5c5-1f1c-43c8-b63a-434aad6a2e4f,First Baptist Church Wagener,,-81.36110676,33.65265917,45,4574050,Wagener
church_overture:e23ccbf9-3521-4228-adb9-53666c96a5d0,First Baptist Church,,-88.92881075814807,37.89684681948182,17,1780333,West Frankfort
church_overture:e23e0aa8-4724-4cdc-848a-17346e54d8f0,Danville First Baptist Church,,-83.24380427099047,32.61018178000371,13,1321688,Danville
church_overture:e242287b-1902-4ec6-9594-1fe832fb2764,First Baptist Church,,-83.57574667,34.12021387,13,1341988,Jefferson
church_overture:e242b0b7-0a47-4b7a-bc60-b5af94f03073,First Baptist Church,,-118.29126579,33.94690117,06,0644000,Los Angeles
church_overture:e24365a8-e507-48a5-8281-e35ded88a802,First Baptist Church,,-72.9164089,41.3189386,09,0952000,New Haven
church_overture:e24c4365-0303-4e67-8234-4fae1396ae2b,First Baptist Church,,-121.46376171,45.71418829,53,5306085,Bingen
church_overture:e24e5a3f-991c-4b8e-8da4-e49eb4735930,First Baptist Church,,-76.1994877,40.68198786,42,4262432,Pottsville
church_overture:e24ed83a-8d67-4074-8747-af6e260f6eef,First Baptist Church,,-97.69055673,26.19189998,48,4832372,Harlingen
church_overture:e258012b-7c8e-45e7-8f99-26df086e5c5c,First Baptist Church,,-90.07648241,36.49931323,29,2910864,Campbell
church_overture:e269a723-ee65-4196-9439-2d1953f65e88,First Baptist Church,,-89.79790755,37.23774444,29,2979612,Whitewater
church_overture:e26b2d7f-2107-46ad-9e55-44ff07555658,First Baptist Church of Leesville,,-93.28088139,31.14358567,22,2243010,Leesville
church_overture:e26c9f3a-02a0-472f-82bf-a88dad298e12,First Baptist Church of Ebensburg,,-78.6894745,40.50303325,42,NA,NA
church_overture:e2729f06-3ccc-4f9f-a362-de584c9a0380,First Baptist Church,,-87.5529221509092,33.19993800169567,01,0177256,Tuscaloosa
church_overture:e27af029-8110-4a32-8b85-37d6ff202b86,First Baptist Church,,-88.13766263667272,34.43858424020743,01,0163576,Red Bay
church_overture:e27ef97f-f211-4e15-89be-736da632138d,First Baptist Church Of Pasadena,,-118.1464601,34.1473313,06,0656000,Pasadena
church_overture:e289b052-4b44-47aa-8681-a050d1384f57,First Baptist Church of Omaha,,-93.19074887,36.44772323,05,NA,NA
church_overture:e293f06e-eff4-4d4e-b25d-09de2a86107b,First Baptist Church,,-82.593697,28.901722,12,1215775,Crystal River
church_overture:e29729af-541c-462a-9335-46bac5c11beb,First Baptist Church,,-92.90318079721628,44.50454197098961,27,2709730,Cannon Falls
church_overture:e2a52e67-55bc-429d-aa3a-c417e413016c,First Baptist Church,,-122.522389,37.978596,06,0668364,San Rafael
church_overture:e2b125db-ad70-43ef-b1f3-55389351032f,First Baptist Church,,-91.2361484,32.07646798,22,2253930,Newellton
church_overture:e2bdc8eb-b833-47a5-ada7-b9c6189c8d93,Atwood First Baptist Church,,-88.67816643866666,35.97348593866666,47,4702380,Atwood
church_overture:e2c59767-d40d-400a-8dd5-3a70d848db21,First Baptist Church,,-123.10453625,47.21249397,53,5363735,Shelton
church_overture:e2cdb521-5e5c-493c-a2c8-4f7e386e5041,First Baptist Church,,-84.15861082,36.2242087,47,4764668,Rocky Top
church_overture:e2d10ddb-11ca-4d75-9275-8f42adc5e268,First Baptist Church,,-81.24118677,29.47287405,12,1209550,Bunnell
church_overture:e2d289f5-0a4b-4493-96d8-4492f57e7fc3,First Baptist Church,,-98.111395,37.645586,20,2036950,Kingman
church_overture:e2d30e8c-640d-4a7f-952b-a4f13717f73e,First Baptist Church,Sullivan First Baptist Church,-87.41564443,39.10149633,18,1874006,Sullivan
church_overture:e2d51354-80bf-4505-a6df-1b3bd32243b7,First Baptist Church,,-80.05788185,37.29035628,51,5170000,Salem
church_overture:e2d987b3-fbb3-4978-8eb0-e08c06b3da22,First Baptist Church,,-89.58747374466368,33.058778081215536,28,2838320,Kosciusko
church_overture:e2ee3411-cc26-4d1a-b607-8f09c2989d27,First Baptist Church,,-103.65703442,33.94405423,35,3523000,Elida
church_overture:e2f1e29f-de0d-4322-8653-ac341307219e,First Baptist Church Sparta,,-81.11853,36.50308,37,3763680,Sparta
church_overture:e2fc30e2-887a-420d-ae93-181475d821c1,First Baptist Church,,-88.71883026,32.0382989,28,2860720,Quitman
church_overture:e307ac1f-c9b4-463a-868d-6370ee3a43ad,First Baptist Church of Fenton,,-90.45846088,38.51721242,29,NA,NA
church_overture:e309379b-f177-45ba-a9bd-ace386f8a877,First Baptist Church,,-75.54656036,42.73958097,36,3621523,Earlville
church_overture:e30b562d-b3da-4323-a4e0-eac4ba55df6f,First Baptist Church of Lexington,,-84.50130494,38.05084529,21,2146027,Lexington-Fayette
church_overture:e30e68eb-bbb9-4337-8f27-c2897a4f2ce9,First Baptist Church of Tilden,,-89.682162,38.21189,17,1775263,Tilden
church_overture:e30e8141-1742-433b-99ee-6c5707d41272,First Baptist Church,,-97.68395917,46.44230769,38,3847100,Lisbon
church_overture:e312b810-e76a-4594-88ab-21e45f67a845,First Baptist Church of Strafford,,-93.11631269,37.26699485,29,2971062,Strafford
church_overture:e318cf51-4e76-4778-97a4-0958c893c680,First Baptist Church,,-104.95768484,42.05720657,56,5683040,Wheatland
church_overture:e31e74d8-4353-47ab-a0f5-86a182dc834a,Terre Haute First Baptist Church,,-87.34339609,39.46189839,18,1875428,Terre Haute
church_overture:e3258478-768c-4826-a05f-a2bc91f3705a,First Baptist Church,,-96.90216703,35.50204451,40,4047450,Meeker
church_overture:e3398f78-37c7-4d8d-87a6-f238dcf7c6e3,First Baptist Church,,-94.66230286,29.44365004,48,4809250,Bolivar Peninsula
church_overture:e34af534-bf74-48b3-8dca-e5d44db6758d,First Baptist Church,,-83.56470947,35.86384323,47,4767120,Sevierville
church_overture:e3554493-7b70-4e6f-adf1-8d7ce9d5ed65,First Baptist Church,,-106.18474719,35.05502968,35,3522380,Edgewood
church_overture:e363ca51-2dc8-4b80-a904-3b00c3ff662c,First Baptist Church Ashville,,-86.25560936,33.83737787,01,0102908,Ashville
church_overture:e3798c1d-ed12-4900-838e-62ff619f376c,First Baptist Church of Silver Springs,,-82.06325244,29.22354271,12,1266125,Silver Springs
church_overture:e380172e-f780-4121-8957-2e451deef028,First Baptist Church,,-88.23097196,43.00968513,55,5584250,Waukesha
church_overture:e384c6c1-496f-402e-b94b-80c8acbdf7b1,First Baptist Church,,-77.00810621304053,41.2402183643301,42,4285312,Williamsport
church_overture:e38b297f-d26e-4da3-9a93-035b095e426d,Mount Calvary First Baptist Church,,-80.721955500000007,26.66256888,12,1267175,South Bay
church_overture:e3915831-b322-427b-a1f4-6bd641f486a3,Mulberry First Baptist Church,,-86.5546129,35.1643667,47,4725920,Fayetteville
church_overture:e39ad9db-2693-4075-922d-bbd1afc94bb0,First Baptist Church,,-114.60050111,35.10942563,04,0408220,Bullhead City
church_overture:e39b1ae2-5fc7-4205-9b72-37b854e21b6c,First Baptist Church,,-70.96521059,41.93247187,25,NA,NA
church_overture:e39d5d32-e2c0-4ba8-85ca-c885456566f9,First Baptist Church of Bremen,,-86.14196458,41.44088394,18,1807318,Bremen
church_overture:e3b677b0-0bd4-4b9f-9c5d-0f2a2fb7cce3,First Baptist Church,,-86.2820579,42.3784124,26,2674980,South Haven
church_overture:e3c76dde-2944-4df9-a62d-c57d5f1ff6e2,First Baptist Church,,-79.09063696,37.53253453,51,NA,NA
church_overture:e3c7ca80-b453-438a-8cd2-4bcc5c831c72,First Baptist Church of Sunrise Beach,,-98.41579421,30.60366823,48,4871228,Sunrise Beach Village
church_overture:e3c82c4c-dc88-4561-81a4-a7f526634952,First Baptist Church,,-93.60965571,36.62056571,29,2967232,Shell Knob
church_overture:e3de13d9-728d-4456-b1b7-9178d003f55a,First Baptist Church,,-89.02225064,39.61616637,17,1751232,Moweaqua
church_overture:e3e2690c-3926-4fd5-8249-a22015e7ec6f,First Baptist Church,,-92.87911422,40.73445979,19,1912315,Centerville
church_overture:e3eb8f72-2fd0-4815-a6f6-a6ee9d976cdb,First Baptist Church of Birch Tree,,-91.49251013,37.00143759,29,2905734,Birch Tree
church_overture:e3ed2b32-aaea-42b8-868b-7bc282046b09,First Baptist Church,,-112.95713253,46.12699147,30,3001675,Anaconda-Deer Lodge County
church_overture:e3f937d8-cb61-4bc9-a6b9-86192921b801,First Baptist Church of Port Allegany,,-78.28425026581905,41.816268261501186,42,4262088,Port Allegany
church_overture:e411ad3b-e059-4676-a173-2b2008690dca,First Baptist Church of Gaston,,-81.10545735,33.81994545,45,4528780,Gaston
church_overture:e4138a16-20be-469f-b45d-c7c496e2c559,First Baptist Church of Meridianville,,-86.57498661,34.86011479,01,0148112,Meridianville
church_overture:e414ec3a-e7cb-46ea-b57f-6224bd945b03,First Baptist Church of New London,,-80.21821228,35.44363448,37,3746820,New London
church_overture:e41a7478-d4ba-4c0e-955d-ef21c15ee6e4,First Baptist Church Of Yulee,,-81.59815125,30.63102263,12,1279175,Yulee
church_overture:e41f8a75-eb65-40f2-86b4-0b2549078924,First Baptist Church,,-94.58376625579835,39.09691157504021,29,2938000,Kansas City
church_overture:e42b5a1c-84d6-4b45-b2ca-f9dc4d9e5071,The First Baptist Church of Mulhall,,-97.40199064,36.06627574,40,4049900,Mulhall
church_overture:e42c82bb-c664-43e9-9c95-85aaf2880f99,First Baptist Church,,-76.49797847,42.44214666,36,3638077,Ithaca
church_overture:e4373094-d83d-4e62-9a37-3610ebfb9826,First Baptist Church,,-77.264939175132,39.844542870522,42,NA,NA
church_overture:e43bb184-c1ad-478e-a12c-8ecc658f61e0,First Baptist Church,,-106.89300798,34.05339757,35,3573540,Socorro
church_overture:e44e8300-78a4-477e-b798-fe0c37ff8d46,First Baptist Church Boerne,,-98.736398,29.783755,48,4809160,Boerne
church_overture:e45f3f90-48ef-43f2-aecc-95d9b7657a42,First Baptist Church of Jamestown,,-79.93525951,36.00086559,37,3734300,Jamestown
church_overture:e46ab628-d9a9-49d0-804e-c6ff7ac49f0a,First Baptist Church,,-109.4310657,47.06453498,30,3043375,Lewistown
church_overture:e46dcd15-0dfe-4914-bdf6-93984ca97652,Branch First Baptist Church,,-93.95315951,35.30562678,05,0508440,Branch
church_overture:e473bb7e-8c9f-4ada-95e4-f386d845c386,First Baptist Church,,-80.283879,40.861968,42,4223304,Ellwood City
church_overture:e479bf25-82e2-4817-bea7-0651bbecc2ad,First Baptist Church,,-84.6626,29.86044,12,1210725,Carrabelle
church_overture:e483767f-97d2-4fa7-9f94-a6ede43272f3,First Baptist Church,,-80.37396119,41.03463969,42,NA,NA
church_overture:e4885afe-6d9f-4e0a-874b-b38a696ab1f0,First Baptist Church,,-92.10427561,37.12344555,29,2910288,Cabool
church_overture:e48ab5d4-46e2-4f11-b38a-2aca3e3b915a,First Baptist Church of Dunbar,,-81.74639962,38.35947212,54,5422564,Dunbar
church_overture:e48b229f-367c-404f-bf09-5b6069f737df,Huntington First Baptist Church,,-94.57360418,31.2833922,48,4835492,Huntington
church_overture:e48ba318-4f68-4f19-8323-77d86aafc004,First Baptist Church,,-79.763753,36.4953,37,3720080,Eden
church_overture:e48ee575-be75-44f7-a7a2-288ac4e7d6cd,First Baptist Church,,-89.031899636,42.6753416768,55,5537825,Janesville
church_overture:e49b113e-a8c3-4858-9483-43f2ef842a12,First Baptist Church,,-74.85699972,43.04313449,36,3642741,Little Falls
church_overture:e4a4cc83-90cc-40f0-a3b1-9cc7605a853b,First Baptist Church,,-123.68186333,41.05602497,06,0634540,Hoopa
church_overture:e4a6f700-cb9c-4bcb-be37-3568a7aadffa,First Baptist Church,,-85.72119872,34.94683158,01,0109328,Bridgeport
church_overture:e4af83f5-52c8-4276-a856-8aacd82ba114,First Baptist Church of Burnettown,,-81.85271243,33.50737768,45,4510270,Burnettown
church_overture:e4b73a22-a54d-4e8f-8e99-df1d6a7792c5,First Baptist Church,,-70.67397815,42.62153544,25,2526150,Gloucester
church_overture:e4b8be2c-f13f-4863-a352-77db906f7342,First Baptist Church,,-93.28388437,36.92803512,29,2932068,Highlandville
church_overture:e4b9f7ce-0200-48c3-99d2-9db142ff41cd,First Baptist Church Highland Park,,-92.31683,34.7359,05,0541000,Little Rock
church_overture:e4c8d74e-c982-4a15-8821-7970675bc07f,First Baptist Church,,-93.41563883,32.82134068,22,2217915,Cotton Valley
church_overture:e4d62afc-18f7-42f3-a842-900a0a16f457,First Baptist Church of Beaumont,,-94.19179197202304,30.113955876316446,48,NA,NA
church_overture:e4e8894a-8030-4953-913c-7e2a357fc8d4,Hoxie First Baptist Church,,-90.97617287,36.05096484,05,0533580,Hoxie
church_overture:e503518f-c964-4348-86ee-f58e219abfdb,First Baptist Church,,-78.4974157,43.02041974,36,3600441,Akron
church_overture:e52176e9-8058-47e6-b143-ee5a6e791ce9,First Baptist Church,,-92.82106978,30.23371961,22,2280430,Welsh
church_overture:e53c7b8e-d523-480c-9604-554bb9a5d012,First Baptist Church,,-87.49093559,36.86235663,21,2137918,Hopkinsville
church_overture:e53ebb59-a874-428d-8390-7e79f95ded24,First Baptist Church,,-95.31274805581427,33.526223711427726,48,4820020,Deport
church_overture:e543df85-90fa-4f03-90d2-40a606bd5e11,First Baptist Church,,-94.72462351,40.66691739,19,1905365,Bedford
church_overture:e549d0da-5599-47e4-a22a-4db0a13355ad,Cowan First Baptist Church,,-86.01909959,35.16092581,47,4717700,Cowan
church_overture:e54d3a28-c2db-418f-af8b-c1cd319527c3,First Baptist Church,,-149.5690095,61.32125297,02,0203000,Anchorage
church_overture:e561b021-c0e1-486c-91ee-209c87f21e85,First Baptist Church,,-97.87189801,31.98474245,48,4836140,Iredell
church_overture:e57ccbae-f838-4aaa-81d3-c2dbf98c4aea,First Baptist Church Lucas,,-96.58920126919456,33.0847818189043,48,4845012,Lucas
church_overture:e586b433-bd46-4172-b7c2-7ce62e70ae29,First Baptist Church,,-78.63715807,42.21597989,36,NA,NA
church_overture:e5933b53-0667-47fa-bf2f-315ff7a8bedf,The First Baptist Church Of Crystal Springs,,-82.16156278,28.17928175,12,1215800,Crystal Springs
church_overture:e59815b5-06d9-4742-8333-bd830904a31f,First Baptist Church of Ashburn,,-83.65286932,31.7085854,13,1303236,Ashburn
church_overture:e599e835-d717-4ef6-ab33-f5af517825bc,First Baptist Church,,-89.31920386,37.57318618,17,1701205,Alto Pass
church_overture:e59ac058-5e69-4806-960d-9e48ec4c6b5f,First Baptist Church,,-76.14785896,43.28858915,36,3613585,Central Square
church_overture:e5a2426a-fbc4-4621-9e73-30e7c2dd1b16,First Baptist Church,,-89.38684133,36.03388789,47,4722200,Dyersburg
church_overture:e5b5adcd-ee6d-4c27-bb19-343f26217414,Pleasant Grove First Baptist Church,,-89.54126376,33.7551608,28,NA,NA
church_overture:e5b79a7a-2161-4428-b7d2-afdb81a846c9,Fairmount First Baptist Church,,-84.69789091,34.43846829,13,1328492,Fairmount
church_overture:e5d45f12-829e-41b4-a52e-9a604e02f01b,First Baptist Church,,-79.86407548,36.68613082,51,5149784,Martinsville
church_overture:e5ddfe1f-abed-459a-b765-fe18f6dd3b91,First Baptist Church of Evant,,-98.1515389,31.47486884,48,4824864,Evant
church_overture:e5e0334d-4abd-4e50-b665-764941dcff9b,First Baptist Church,,-84.86219961,35.69625968,47,4770400,Spring City
church_overture:e5e1203a-51bd-4d39-8778-2b38b423f138,First Baptist Church Troup,,-95.11920943120232,32.145779738065755,48,4873724,Troup
church_overture:e5ecbd04-5a1c-4ef1-b5f9-6a1986861495,First Baptist Church of Ranger,,-98.68303979,32.47275998,48,4860632,Ranger
church_overture:e5edd777-b87d-4ced-959b-06c9daad96b2,First Baptist Church,,-84.300223,39.870242,39,3925396,Englewood
church_overture:e5f2d762-bb02-4eeb-bbd9-c08806b45b23,First Baptist Church of Beauxart Gardens,,-94.02842719,29.965339,48,4807036,Beauxart Gardens
church_overture:e5ff3363-f44b-4db1-9d7c-01bd97a7fe37,First Baptist Church of Deport,,-95.32794687,33.52914468,48,4820020,Deport
church_overture:e61c4dbb-d763-4bc6-94a0-1720a11605f1,First Baptist Church,,-87.7897517,41.56547657,17,1775484,Tinley Park
church_overture:e62378ba-1bab-43cd-9e5f-fc9361bb7e1d,First Baptist Church of East Rochester,,-77.48665534,43.11285455,36,3622865,East Rochester
church_overture:e6327e23-be22-4078-8489-57d0e72974a9,First Baptist Church,,-97.59538828,35.95084892,40,4018250,Crescent
church_overture:e633f54b-b01a-4450-b8e3-f8e1f19d027f,First Baptist Church of Zwolle,,-93.64197126,31.63394103,22,2283685,Zwolle
church_overture:e6385872-b630-4c20-a724-40f494ac0d2f,First Baptist Church,,-77.72827724,39.64638989,24,2436075,Hagerstown
church_overture:e6409545-5d7c-4ed6-acf7-37123f902c1a,First Baptist Church-Newland,,-81.92690194,36.08796902,37,3746740,Newland
church_overture:e641e9b3-d735-46fa-90c6-c976148b013c,The First Baptist Church of Moreno Valley,,-105.27136505,36.55283136,35,3522020,Eagle Nest
church_overture:e64f4310-d944-4714-9fd3-c87a59faadd5,First Baptist Church of Shelburn,,-87.40212647,39.17641655,18,NA,NA
church_overture:e64fc34e-8adc-4314-9a31-5daad798b0fd,First Baptist Church Of Henderson,,-92.18492038783113,36.385367630077425,05,NA,NA
church_overture:e6510d3d-919f-4fda-8337-fdcd189537e1,First Baptist Church,,-94.25800729,37.49946732,29,2940376,Lamar
church_overture:e6531351-16f2-4470-a6d4-209c0a84108a,First Baptist Church,,-81.65600608,38.13994316,54,5466484,Racine
church_overture:e65900ce-9782-4727-98d8-54c0ed05537e,First Baptist Church Swan,,-95.36502875,32.4309081,48,NA,NA
church_overture:e66ba03b-3eea-42a6-afff-edbdafabe43c,First Baptist Church,,-92.02321,34.161062,05,0555310,Pine Bluff
church_overture:e66c0a29-424e-4b5a-a6cc-5b28be19a655,First Baptist Church,,-85.5085904,46.35162203,26,2657140,Newberry
church_overture:e66d9a6b-82bb-4d42-92b5-7c4cd5cd1fc3,First Baptist Church of Eagle Lake,,-81.7699257,27.96676999,12,NA,NA
church_overture:e68159be-874b-4569-88ff-11789528328c,First Baptist Church,,-87.6394344,39.98645971,17,1728963,Georgetown
church_overture:e6840da7-993e-4c2b-9dbc-2d007e009cc6,First Baptist Church,,-95.92951975268893,37.00422401074021,20,2010375,Caney
church_overture:e68f7557-1957-44db-810a-ff9448684629,First Baptist Church,,-97.12214171,34.17131526,40,4002600,Ardmore
church_overture:e69447dc-7f88-427d-a29d-ad7e57d12857,Oakland First Baptist Church,,-89.48818782,35.23156942,47,4754920,Oakland
church_overture:e698f9b6-3475-4e08-8fee-1988df072e59,First Baptist Church,,-81.50861974,29.71515895,12,1229100,Hastings
church_overture:e6aab58c-ff2a-4913-8496-876091981b7f,First Baptist Church,,-72.17536583,43.36759245,33,3352500,Newport
church_overture:e6baf0fe-805c-4d8f-8865-a60c420938fa,First Baptist Church,,-119.38890023,36.55946101,06,0619318,Dinuba
church_overture:e6c6ad25-d70f-413b-9dc2-57ce77140d4e,First Baptist Church,,-147.33416742,64.75086701,02,0255910,North Pole
church_overture:e6c74fb1-84c4-4c44-ad4d-63219cc261a7,First Baptist Church,,-78.06596432,35.19810895,37,3745100,Mount Olive
church_overture:e6cf21c0-46fd-4f6c-8b9c-93dfcb850ad9,First Baptist Church,,-91.75864188,32.47028021,22,2263680,Rayville
church_overture:e6cf62fe-f1dd-432a-9170-93a4489ce1cc,First Baptist Church of Prospect,,-85.6217995,38.33754986,21,2163264,Prospect
church_overture:e6d68220-6073-4530-984e-0d32c7ba9280,First Baptist Church Forney,,-96.46455,32.734894,48,4826604,Forney
church_overture:e6da1a66-48d6-4cad-9d39-fbe2b4fb1252,First Baptist Church of Clermont,,-81.762856,28.554957,12,1212925,Clermont
church_overture:e6dacc8c-efa0-49dd-adae-bb10c7c09799,First Baptist Church,,-81.71644630594699,41.40965248909338,39,3961000,Parma
church_overture:e6db65b6-1994-4e7f-a836-a074bf6b91a8,First Baptist Church of Rainbow Lakes Estates,,-82.450482,29.139159,12,1259450,Rainbow Lakes Estates
church_overture:e6ff1e1b-e3e5-466c-9a5e-b38805e58da7,First Baptist Church Manning,,-80.21318438,33.69575864,45,4544350,Manning
church_overture:e7014ba0-e2c3-49f6-8ed0-8302256a9d10,De Soto First Baptist Church,,-89.23058275,37.81893556,17,1719616,De Soto
church_overture:e701f6d2-f116-446b-afcf-2d9c9fc5132e,First Baptist Church,,-73.709172,40.78444056,36,3644897,Manhasset
church_overture:e719b8ad-0ad1-42d1-91c6-2d3808e97f27,Brookville First Baptist Church,,-79.07738289,41.15996136,42,4209224,Brookville
church_overture:e721d7f8-e22c-4320-a29f-2ff1811605f9,First Baptist Church,,-94.176618,30.687861,48,NA,NA
church_overture:e723c06b-84ed-457d-a75d-7ae1e85f997c,First Baptist Church,,-85.23682886,38.21150464,21,2170050,Shelbyville
church_overture:e723c508-8b67-4fce-aee9-84615a3cb919,First Baptist Church of Penfield,,-77.47317356,43.13119444,36,NA,NA
church_overture:e729d05c-bab1-40ad-a4bc-d40662201459,Wadley First Baptist Church,,-85.56615672,33.12226239,01,0179344,Wadley
church_overture:e72c1bcf-c0e5-40c5-89fd-4d559c9099bc,First Baptist Church,,-121.67267909,36.66289777,06,0664224,Salinas
church_overture:e72de7f9-c5e2-4e79-abd4-f5666eec7f6f,First Baptist Church,,-91.73502003,39.65409392,29,2949394,Monroe City
church_overture:e732273c-8114-4db3-bb3e-347165906cb5,First Baptist Church,,-86.32302688947553,33.4967490821562,01,NA,NA
church_overture:e7361ddf-e5ff-486c-93c0-6c8a4afeec63,First Baptist Church,,-116.93792321,40.63373981,32,3204900,Battle Mountain
church_overture:e743e8d1-f87e-4a90-944f-0e5164b2ba86,First Baptist Church,,-100.64653631,30.57184323,48,4868756,Sonora
church_overture:e758aaf0-fbe9-4070-995f-7e09c5d2dcba,First Baptist Church,,-72.71962,42.671997,25,NA,NA
church_overture:e76f570c-7f86-43a6-b267-8afd78efed65,First Baptist Church of Moody,,-86.49670925,33.59461001,01,0151096,Moody
church_overture:e781870d-f940-4ea1-add0-2c690c2b08fd,First Baptist Church,,-95.54975775,35.76060209,40,4072050,Taft
church_overture:e78630a0-0c60-4c56-ae83-eb8f0e9edab7,First Baptist Church,,-81.0989603,37.36782197,54,5465692,Princeton
church_overture:e78ee764-a598-4b55-9a2c-3c305be59934,Wilson Creek First Baptist Church,,-82.60347356,34.31620586,45,NA,NA
church_overture:e7966f98-8040-47d5-afae-83306b622f03,Tumwater First Baptist Church,,-122.90132141,46.99243854,53,5372905,Tumwater
church_overture:e798bb18-167e-4d62-b4b6-6445337e2eb6,First Baptist Church of Sequim,,-123.10260121,48.09865352,53,5363385,Sequim
church_overture:e79f2a4b-fe78-4556-9702-39536d8bcaa5,Horse Cave First Baptist Church,,-85.91187506,37.181675920000004,21,2138008,Horse Cave
church_overture:e7a257fb-60f1-4a38-8791-bd5870babc31,First Baptist Church,,-89.78933755,33.71805114,28,NA,NA
church_overture:e7a27748-b052-4dd8-afb6-5b7f6f63e374,First Baptist Church of Tuba,,-111.24554857,36.12120466,04,0476010,Tuba City
church_overture:e7a2ab48-d02d-4d5d-8a81-10734e31cc33,First Baptist Church,,-71.15506381,41.70494316,25,2523000,Fall River
church_overture:e7b10114-0209-418e-bcfa-91ebfb754c0a,First Baptist Church,,-88.64308773,31.67706239,28,2878360,Waynesboro
church_overture:e7b28602-04b6-460b-8676-c172cf027436,First Baptist Church,,-75.84417301,37.98146684,24,2420775,Crisfield
church_overture:e7b927af-a3f8-449a-85eb-ca54b71e0dee,First Baptist Church,,-84.522873,41.970425,26,2657920,North Adams
church_overture:e7cf5285-2128-4b87-b1e1-238bdb96f7c7,First Baptist Church,,-81.49622939,29.31985122,12,1265200,Seville
church_overture:e7d03bda-526a-47f4-85e4-3935a8113c02,First Baptist Church,,-101.47651087,36.70178563,40,4031750,Guymon
church_overture:e7d4470e-4ff7-48a7-8790-b70153397df6,First Baptist Church,,-94.12954043012907,36.25683709848072,05,0541720,Lowell
church_overture:e7d65845-6f56-428d-9675-41cba433e881,First Baptist Church,,-82.73418002,35.23194671,37,3707720,Brevard
church_overture:e7d6c1fe-00fa-480e-8924-35a692195a7c,First Baptist Church,,-117.95114179,34.07803365,06,0603666,Baldwin Park
church_overture:e7e16407-6897-4a2c-ace3-f82e0a8291a9,First Baptist Church,,-94.32055489,36.99529014,29,2919432,Diamond
church_overture:e7f3d975-295a-427f-8902-442bf3b3fdf4,First Baptist Church,,-98.12848043,27.35559345,48,4859384,Premont
church_overture:e7f6a21d-2021-4bdb-8ffd-636760e357b1,First Baptist Church of Belleville,,-89.983876,38.514389,17,1704845,Belleville
church_overture:e7fd4e5c-e44a-4cd8-a3f8-1e812b92a228,First Baptist Church,,-76.97976937,36.96702445,51,5182384,Wakefield
church_overture:e7fd7f20-bbaa-4020-b2b6-da1785b9e305,First Baptist Church,,-75.97035027,37.23255764,51,NA,NA
church_overture:e800be31-ccda-4b50-8228-2947b4d3e6a6,First Baptist Church,,-82.85761490176903,40.242765279645255,39,3975602,Sunbury
church_overture:e80866c3-0c0a-41dc-9940-242526485265,First Baptist Church,,-87.3377202570587,36.08463191001413,47,4720620,Dickson
church_overture:e80a989d-f130-432e-9649-1a7a9470ea4c,First Baptist Church-Lynwood,,-118.183607,33.924468,06,0644574,Lynwood
church_overture:e824cf3a-7b52-4234-9533-6c586d6ea053,First Baptist Church,,-91.18528647,30.44847775,22,2205000,Baton Rouge
church_overture:e827a13f-44c2-4f58-b965-f4f97800bbb0,First Baptist Church,,-75.72762318,41.87929326,42,4253880,New Milford
church_overture:e83580f6-d88a-424e-b830-b5187680eba9,First Baptist Church,,-108.500868,37.47478,08,0820770,Dolores
church_overture:e83fde1f-f346-407a-b9b7-f6b2b09f8192,First Baptist Church,,-78.7356918,41.11561895,42,4256488,Oklahoma
church_overture:e84fdd6d-94c1-4537-8cb5-2f5662b23429,First Baptist Church,,-96.22573493,33.0680677,48,4811716,Caddo Mills
church_overture:e8542f00-6d1c-43af-ac03-ca728471154f,First Baptist Church Of Hillsdale,,-91.86161281,45.31438386,55,NA,NA
church_overture:e861a79b-a72c-41ac-916b-9c15c30a8eee,First Baptist Church,,-100.16404777,40.92988124,31,3119385,Gothenburg
church_overture:e86cf739-8095-48dd-b091-ef269bef729d,First Baptist Church,,-96.69720878,36.11495328,40,4082500,Yale
church_overture:e8723faa-4b86-488f-89cb-32fbaf02f760,First Baptist Church,,-75.89611667,42.53355743,36,NA,NA
church_overture:e878ed3f-2560-4881-b9c1-b37888047cf0,Parkland First Baptist Church,,-122.44831512,47.1553615,53,5353335,Parkland
church_overture:e88de6c3-5828-4533-854a-f8e22371b683,First Baptist Church,,-70.92850947,41.6355051,25,2545000,New Bedford
church_overture:e89a73e9-aa37-415d-b6fa-fc72ca80ef15,First Baptist Church,,-85.92449891287035,42.11999973125249,26,NA,NA
church_overture:e8ae237a-51d2-4e6c-a6ed-8e88fa35dc6b,First Baptist Church,,-86.3949926,35.7097906,47,4714860,Christiana
church_overture:e8b417f2-6708-462b-b054-2f02a3027064,First Baptist Church of Maringouin,,-91.51106661,30.49068343,22,2248610,Maringouin
church_overture:e8c63889-f0f3-4434-be1f-63ba04bc8c9a,First Baptist Church,,-87.57326929,33.22435152,01,0155200,Northport
church_overture:e8d627c7-ee31-4894-89fd-848c15b9ff40,First Baptist Church of China Spring,,-97.30430749,31.65252879,48,4814740,China Spring
church_overture:e8d8e002-5b91-40e7-bb00-ddc23be225b5,First Baptist Church,,-90.566488,38.786547,29,2964082,St. Charles
church_overture:e8dac0cc-07ee-40fd-9eb7-2ed72d3e7b02,First Baptist Church Of Prineville,,-120.840248,44.2980535,41,4159850,Prineville
church_overture:e8e9857d-d5ab-40f6-8bbb-00d2e046fd82,First Baptist Church,,-91.01432482,38.54581011,29,2977416,Washington
church_overture:e9026f47-4afd-4462-b702-c70a6eed11a9,First Baptist Church Of Santa Ana,,-117.878189,33.759385,06,0669000,Santa Ana
church_overture:e905ca55-46ed-4ed1-a80d-4a656d44c937,First Baptist Church,,-89.2362131,38.01296581,17,1721267,Du Quoin
church_overture:e90d5582-7fad-41d9-b988-efbedaaf126d,Winder First Baptist Church,,-83.691189,34.013728,13,1383420,Winder
church_overture:e91e62fb-4a3a-40ba-a371-2332224dbb18,First Baptist Church,,-94.39595049,30.49001602,48,NA,NA
church_overture:e92ed78b-6620-45bd-b54c-0456a6511c96,First Baptist Church of Woodlawn,,-87.523784,36.542302,47,NA,NA
church_overture:e93eb3c2-476a-4951-ba21-40ee3be85cd0,First Baptist Church,,-94.713397,38.170871,20,2056450,Pleasanton
church_overture:e9526f6b-1696-4840-8e8e-19f128356157,First Baptist Church Springlake,,-102.30972873,34.23196891,48,4869764,Springlake
church_overture:e95b4949-ad48-4ae9-9b32-0483887e4c80,First Baptist Church,,-94.8055399,32.153768,48,4833212,Henderson
church_overture:e96b950b-9824-4ea8-855f-e6b2e3645ed3,First Baptist Church,,-84.35098396648179,46.48263469243272,26,2671740,Sault Ste. Marie
church_overture:e96e280d-1adf-4405-a5b4-98909dcecfdd,First Baptist Church,,-85.40729119,41.78158345,26,2676960,Sturgis
church_overture:e9712b09-4055-45b1-a43c-92270e555a7e,First Baptist Church,,-97.30960242,36.68076947,40,4074150,Tonkawa
church_overture:e9719321-8c19-4c49-8920-b86749539808,First Baptist Church of La Vernia,,-98.11439262,29.35344117,48,4841764,La Vernia
church_overture:e975c70b-6f7f-4981-a9b7-f79e9b6d4021,First Baptist Church,,-92.53038072,31.58206774,22,2221765,Dry Prong
church_overture:e97fb02c-55f5-46a4-b3ed-ade5cfe4f7ea,First Baptist Church,,-73.73737535,40.61768477,36,3637583,Inwood
church_overture:e9851005-5149-497c-b0cd-6f1e2df1e89d,First Baptist Church,,-94.414581,30.139515,48,4868828,Sour Lake
church_overture:e98b2549-2699-43d6-9783-40afe7012434,First Baptist Church,,-105.58627562,33.33350686,35,3565280,Ruidoso Downs
church_overture:e992c667-b595-4884-958d-0cd30df1fc4c,First Baptist Church of Ogden,,-94.04821423,33.58644403,05,0551350,Ogden
church_overture:e99c8606-113b-4a67-8f05-152c6ba9fae2,Belvidere First Baptist Church,,-86.183225,35.128559,47,4704920,Belvidere
church_overture:e9a35f2b-c36a-49fd-97a2-75c1708e1001,First Baptist Church of Sylvester,,-83.83781141,31.52886228,13,1375188,Sylvester
church_overture:e9aa05f5-1e37-44c2-b4c9-28ac7dfefbb1,First Baptist Church,,-97.37278807,33.64906352,48,4849932,Muenster
church_overture:e9aa2d7f-bcb1-4219-9469-6e06a6992ad5,First Baptist Church,,-86.8866685157078,36.8439853594085,21,2167512,Russellville
church_overture:e9ad9ba6-67f3-457c-b33f-dc2fe309f9a8,First Baptist Church of Chapmanville,,-82.01789458,37.9712387,54,5414524,Chapmanville
church_overture:e9b5b8a6-bca6-4b5f-9b9d-e638584d0d4e,First Baptist Church,,-93.13786528,32.96261562,22,2233525,Haynesville
church_overture:e9c704da-e9da-4826-89da-73887d0a70e6,First Baptist Church Of Okemos,,-84.423401,42.717369,26,2660340,Okemos
church_overture:e9c85963-9e19-4d47-8a53-5f258a5ae86c,First Baptist Church,,-87.95470646,41.78440723,17,NA,NA
church_overture:e9cce184-d681-436f-a4a4-de58d2f3e302,First Baptist Church of Peekskill,,-73.92123164,41.30131544,36,3656979,Peekskill
church_overture:e9e3c14a-a12a-4398-b1de-a41a0b866575,First Baptist Church of Wood River,,-90.09157484,38.86183444,17,1783271,Wood River
church_overture:e9eed299-5f88-4928-b85d-6d4db643573e,First Baptist Church,,-85.93392641,33.95699113,01,0129992,Glencoe
church_overture:e9ef0e32-903e-4730-942a-d4f602068660,First Baptist Church of Fenton,,-83.703957,42.804862,26,2627760,Fenton
church_overture:e9f3d56b-1847-43d8-b46e-4f91199ed993,First Baptist Church of Orangevale,,-121.22128896,38.68510466,06,0654092,Orangevale
church_overture:e9f51003-2f79-4e26-abae-39f7849360b4,Saltillo First Baptist Church,,-88.20584043,35.37681799,47,4766340,Saltillo
church_overture:ea03ced3-3c40-48c3-8507-09b4ad0d1553,First Baptist Church,,-88.54708871,33.82565414,28,2800180,Aberdeen
church_overture:ea07b7ae-c928-4bff-88ea-120ff2c1c575,Ninety Six First Baptist Church,,-82.02594423,34.176374,45,4550290,Ninety Six
church_overture:ea0954ff-d725-445c-ad6c-17c0433a194d,First Baptist Church of Newtown,,-84.35928095071199,39.12520501223722,39,3955678,Newtown
church_overture:ea0cd9f5-1ae3-4af5-a130-a7b45d7e3466,First Baptist Church,,-94.77529666,33.54879092,48,4805072,Avery
church_overture:ea164288-577e-47d7-bed7-455a092daa51,First Baptist Church,,-75.525394789999993,42.23033324,36,3600342,Afton
church_overture:ea1a1ad3-46f3-45a0-97f4-eee649a63f28,First Baptist Church Center Ridge,,-92.55716219,35.37392919,05,0512790,Center Ridge
church_overture:ea1c2ad6-7821-4344-84b4-e72345b2bf7a,First Baptist Church,,-95.98134857,31.25819166,48,4813900,Centerville
church_overture:ea2110dd-7abb-4597-9a2f-acbe4142f570,First Baptist Church,,-90.87900348,32.34593512,28,2876720,Vicksburg
church_overture:ea3d76ff-7b5a-4b6e-9237-e214a3153fb6,First Baptist Church,,-91.12232974658444,37.712436045882086,29,2976012,Viburnum
church_overture:ea4d946e-5a64-437c-83f8-93925dba6de0,First Baptist Church Augusta,,-96.97964196,37.69070434,20,2003300,Augusta
church_overture:ea503571-a8a2-4392-b3a5-ce77035ece89,First Baptist Church,,-96.79853949,31.84909647,48,4835180,Hubbard
church_overture:ea60434b-6ec2-40e6-bf36-20f39d268821,First Baptist Church,,-86.37449626,35.28613124,47,4744382,"Lynchburg, Moore County"
church_overture:ea754e2e-39dc-40cf-984d-ff2404bf1c3a,First Baptist Church,,-81.518901,36.836412,51,5149464,Marion
church_overture:ea9223c6-e1e9-45fe-908c-0f57a441d8a0,First Baptist Church,,-79.44512909,33.75502333,45,4533145,Hemingway
church_overture:ea97690e-5496-4bfa-a508-f40efb0adcff,Woodworth First Baptist Church,,-92.4994754,31.147216500000003,22,2283125,Woodworth
church_overture:ea997822-4012-4499-b815-39293b40b100,First Baptist Church,,-123.26789166,44.5665288,41,4115800,Corvallis
church_overture:ea9b19a4-6ee9-495f-a701-7e1e1700c2fc,First Baptist Church - Jefferson,,-94.37587134,42.0263945,19,1939450,Jefferson
church_overture:ea9cc0d7-e030-4766-a56f-008110c24423,First Baptist Church,,-78.93874308317288,42.466057076735574,36,3629630,Gowanda
church_overture:eaa05b83-4515-419a-82aa-99f333654861,First Baptist Church,,-87.74226075,32.7493386,01,NA,NA
church_overture:eaa4ac20-c717-4815-8916-8c7d4a65626e,First Baptist Church of Browns Mills,,-74.58970885377585,39.95033493770528,34,NA,NA
church_overture:eaac060f-9c12-43d1-9060-ab7ecc4a5aa8,First Baptist Church,,-84.426843,34.467776,13,1341932,Jasper
church_overture:eab0860d-9e94-4880-8710-ffc1e7929975,First Baptist Church of Raiford,,-82.23685598,30.06411887,12,1259400,Raiford
church_overture:eabff440-378a-4274-9df8-0708bccd9d92,First Baptist Church,,-99.89615168,36.71043271,40,4041700,Laverne
church_overture:eacf373b-9909-4c52-859e-d13230b646a5,First Baptist Church,,-107.60596,37.333831000000004,08,NA,NA
church_overture:ead96c08-0303-4d6d-a5f1-5ead649676e1,First Baptist Church,,-123.18116735,45.29412083,41,4111150,Carlton
church_overture:eaed8edd-6364-4d05-8079-e1ccd054c7ec,Caddo First Baptist Church,,-96.26546649473829,34.12549053573058,40,4010800,Caddo
church_overture:eaf9e026-5569-4a44-aa36-005ca8a5ed16,First Baptist Church,,-92.67571692250688,30.07898583151877,22,2241050,Lake Arthur
church_overture:eb083255-3b71-439c-b229-dc294de3eeae,First Baptist Church of Steelton,,-76.84530073,40.2406597,42,NA,NA
church_overture:eb264638-7c7d-407b-a80a-a7e229688cd5,First Baptist Church of Canton,,-83.479113,42.308762,26,NA,NA
church_overture:eb2d1920-a450-465a-9af5-bf525e82179c,First Baptist Church,,-81.676116,28.599716,12,1246525,Montverde
church_overture:eb40ec6e-8129-4aef-a232-7d5aceaa741d,First Baptist Church,,-86.375841,39.621543,18,1850976,Mooresville
church_overture:eb421d13-67a9-4603-80a1-5aa0d90753b9,First Baptist Church,,-82.46427209,40.38750344,39,3953102,Mount Vernon
church_overture:eb44e29a-c329-4173-97a4-9b2d319c0dcc,First Baptist Church Rossville,,-85.2711685,34.941868,13,1328632,Fairview
church_overture:eb4d1a86-165e-4567-8ddd-2e34596723c9,First Baptist Church,,-98.4567263,30.673425,48,4839304,Kingsland
church_overture:eb504e35-0c53-443e-84e8-b1909191b1a6,Argo First Baptist Church,,-87.11530308,33.80078314,01,NA,NA
church_overture:eb603199-da43-4cd9-a933-b93388cb54cd,First Baptist Church,,-73.73546909,40.95834588,36,3644831,Mamaroneck
church_overture:eb6d05da-a8ad-4aa5-9de2-4ccf0f6730be,First Baptist Church,,-91.521804650000007,40.13373669,29,2911134,Canton
church_overture:eb6fd329-137c-4beb-a5ad-d453e9839653,Calvary First Baptist Church,,-82.41604586,34.8779157,45,4563700,Sans Souci
church_overture:eb74f5da-a6c9-46c6-b679-2b2587adb770,First Baptist Church,,-97.723755660408,35.399887071592,40,4050100,Mustang
church_overture:eb7dda5a-87ee-46d8-b8ec-117183b337f9,First Baptist Church,,-100.87960588,37.97396084,20,2025325,Garden City
church_overture:eb82f79c-d75c-4a4a-9572-78ba57e6c57e,First Baptist Church,,-92.936163,39.435227,29,2938468,Keytesville
church_overture:eb94d295-9777-44c7-8765-c1a9e33a004a,First Baptist Church,,-92.6674093,33.21817074,05,0521070,El Dorado
church_overture:eb966a97-4b59-4d5a-ad7f-21aae6891b5b,First Baptist Church,,-76.01286109,37.2712188,51,5112808,Cape Charles
church_overture:eb9e3a4d-511b-4121-a87e-ed0f84174c28,First Baptist Church,First Baptist Church Ministry Center,-86.20900047,35.36411175,47,4775320,Tullahoma
church_overture:ebad07f0-b0b7-43af-836e-8164b62740f8,First Baptist Church,,-81.828878,27.894903,12,1203675,Bartow
church_overture:ebb277cc-0a20-4050-8113-8d238a2f64d2,First Baptist Church,,-94.87489923,38.57116976,20,2054250,Paola
church_overture:ebbde6b0-14e5-45d8-85de-a5e1446c29f1,First Baptist Church Of Groveport,,-82.911771,39.859659,39,3932606,Groveport
church_overture:ebc0871b-3790-4bc7-9f5b-917ef4e27cd5,First Baptist Church,,-111.67053757,32.75370605,04,0403530,Arizona City
church_overture:ebf0384a-931c-44c7-a97d-f74e98217a9e,Pembroke First Baptist Church,,-80.6366958836,37.3318482962,51,5161336,Pembroke
church_overture:ebf06fb8-e579-4c31-a6c7-196e7afa827a,El Dorado First Baptist Church,,-96.85369509,37.81721528,20,2020075,El Dorado
church_overture:ebf30737-7b8e-43ed-b1ed-2439153371c2,First Baptist Church,,-81.42744,35.777647,37,3756240,Rhodhiss
church_overture:ec00192b-2e52-4311-8f3c-b420e5e6d096,First Baptist Church,,-89.95122853,39.59221038,17,1779358,Waverly
church_overture:ec04fa63-f3f8-4298-bd34-b6b749222c4d,First Baptist Church,,-97.5757606050217,37.65938393111753,20,2026725,Goddard
church_overture:ec0f3e96-f32f-4516-8678-274e7fdb9814,Sunnyvale First Baptist Church,,-96.673814,32.944558,48,4829000,Garland
church_overture:ec192903-5edd-4bd6-a2c4-333e81808e36,First Baptist Church of Sweetwater,,-81.41235,28.66456,12,1200950,Altamonte Springs
church_overture:ec19d8ce-6d20-42cb-84e2-396afcb135a5,First Baptist Church,,-101.901458,37.012661,20,2020350,Elkhart
church_overture:ec1aea9c-5312-405a-8524-0483d24cd0ea,First Baptist Church of Benndale,,-88.80836925,30.86473105,28,2805180,Benndale
church_overture:ec248087-1d5b-4e61-be0e-bdb45a217c01,First Baptist Church,,-83.17543419,42.21363889,26,2688900,Wyandotte
church_overture:ec262a4b-aa6b-4e41-b3ec-b8d6d9da73e2,First Baptist Church of Alamogordo,,-105.95755466,32.90084064,35,3501780,Alamogordo
church_overture:ec2b8eb0-cf7e-443a-b24f-c5262f295c6d,First Baptist Church,,-91.45577761,33.71161002,05,0569230,Tillar
church_overture:ec2dab64-a6be-4ec9-ba31-615519bda2be,First Baptist Church of Elmira,,-76.807104,42.089783,36,3624229,Elmira
church_overture:ec2e6080-15c6-4108-9a5a-49770826693e,First Baptist Church Amite,,-90.50699675,30.73025829,22,2201885,Amite City
church_overture:ec39ca94-8152-4422-a862-6176a4eb92a5,First Baptist Church,,-94.88910821,39.41061357,29,2978856,Weston
church_overture:ec3b62b7-d568-486f-8e66-fddac33f9f82,First Baptist Church,,-82.51811631,37.48344774,21,2160852,Pikeville
church_overture:ec48f12e-16a1-4572-9aae-66a91e2e9d68,Bell Buckle First Baptist Church,,-86.35294151,35.58938745,47,4704460,Bell Buckle
church_overture:ec50d1c5-149c-4111-b642-363854033ff2,First Baptist Church,,-89.659207,32.352066,28,2849080,Morton
church_overture:ec56d018-4050-499e-8cec-38615cadcccc,First Baptist Church,,-74.6268088,41.71016566,36,3668968,South Fallsburg
church_overture:ec67f08d-6d8d-4112-9360-a62513ac33c8,First Baptist Church Iraan,,-101.90202142,30.91274943,48,4836128,Iraan
church_overture:ec6aee9d-b7e9-4e10-9de3-bf291f9d18ad,Omak First Baptist Church,,-119.53833463,48.4005242,53,5351340,Omak
church_overture:ec7142a7-30b0-49d4-8b82-023540236695,First Baptist Church of Columbia,,-85.11106646,31.29423662,01,0116744,Columbia
church_overture:ec9814d7-490b-42f0-a4fb-dca2eb2d717a,First Baptist Church,,-79.83122641,33.66843347,45,4538590,Kingstree
church_overture:eca1733b-6f92-4d14-9048-531ad9cc3cdc,First Baptist Church,,-94.34904482,38.39714456,29,2900244,Adrian
church_overture:eca3766a-c76c-4379-a697-d8152dbb7680,Taos First Baptist Church,,-105.57084742,36.41047437,35,3576200,Taos
church_overture:ecad81dc-3765-4a83-adeb-ff8ad741b933,First Baptist Church Citronelle,,-82.56612048,28.97848387,12,NA,NA
church_overture:ecae18f3-2cae-482b-b832-36ee5ed94e43,First Baptist Church,,-98.62619194,33.59396456,48,4803696,Archer City
church_overture:ecb47b88-f3e6-4d5e-881e-718a303f506f,First Baptist Church of Livingston,,-85.31329711616338,36.38797298247126,47,4743140,Livingston
church_overture:ecb7e1ee-a16a-4cca-aa40-4aad6d4256a9,First Baptist Church of Cedar Lake,,-87.45068204673483,41.37448709338057,18,1811062,Cedar Lake
church_overture:ecc0dbc7-22ca-418e-bfd7-183d12baa99b,First Baptist Church,,-84.16999945,39.20790564,39,NA,NA
church_overture:eccff59d-190b-445b-add7-f67e7f025058,First Baptist Church,,-84.76984394,34.76762498,13,1315508,Chatsworth
church_overture:ece9fcec-7faa-48be-8c30-6f68bf36b359,First Baptist Church of Tularosa,,-106.01900826,33.07201083,35,3579980,Tularosa
church_overture:ececf3c4-443b-4152-83e9-a844977b2a29,First Baptist Church of Lacoochee,,-82.17094516,28.46428242,12,1237275,Lacoochee
church_overture:ecf0403a-7ef3-4cc6-ad02-d2b5bd1b2e1b,First Baptist Church Of Evans,,-82.1284946,33.5357593,13,1328044,Evans
church_overture:ed0880e6-f66e-406e-be85-d76523379fe5,First Baptist Church,,-89.57665262,44.51710215,55,5577200,Stevens Point
church_overture:ed439920-b4c8-457e-951c-bfd58af8117a,First Baptist Church,,-82.42688269,27.57754895,12,NA,NA
church_overture:ed46f3e4-8169-40a6-87fb-828a658b1fc8,First Baptist Church,,-93.194699,39.120235,29,2946316,Marshall
church_overture:ed6307d2-17cc-4a8d-9668-c132bbfcb24d,First Baptist Church,,-83.38127438,35.18307085,37,3724640,Franklin
church_overture:ed6621e1-dcd8-43cc-82d5-f6389f806041,First Baptist Church of Mojave,,-118.16853233,35.05468975,06,0648452,Mojave
church_overture:ed8065f7-1dda-4362-951d-48aa2377f73a,First Baptist Church,,-94.84452575,39.76754345,29,2964550,St. Joseph
church_overture:ed8a0752-6a7e-49a3-a50f-da81f5777ca8,First Baptist Church,,-76.6785705,40.77932765,42,4277448,Trevorton
church_overture:ed8b1a73-c6a8-4639-aa6f-dccfb90439f4,First Baptist Church,,-93.88024338,32.30795576,22,NA,NA
church_overture:ed9036b9-5779-4e9f-9bab-6ed17e1cc974,First Baptist Church,,-74.236683,40.724948,34,NA,NA
church_overture:ed94b279-c212-443e-8da3-12f2cb3708e5,First Baptist Church,,-80.387333,41.406839,42,4231328,Greenville
church_overture:ed973ef2-34ae-4432-91a4-0acf69169dff,First Baptist Church of St. Joe,,-92.80126773,36.03217014,05,NA,NA
church_overture:ed9b477f-a64b-4a52-b666-f51dbf4b0896,Phelps First Baptist Church,,-82.14109469,37.50888714,21,2160600,Phelps
church_overture:edafb6ea-67a0-4833-a055-4b82c408b967,First Baptist Church,,-81.507177,28.548452,12,NA,NA
church_overture:edc410ba-052e-437d-92f3-dbca829f66e3,First  Baptist Church Kingsbury,,-86.70154686984016,41.532003869655405,18,NA,NA
church_overture:edd33476-25e3-4901-891b-1aabae0c2419,First Baptist Church of New Richmond,,-92.532616,45.132759,55,5557100,New Richmond
church_overture:edd3e903-ea89-4e33-8321-3acf7e4da3f3,First Baptist Church of Laurie,,-92.83653688553171,38.20534543679274,29,2940916,Laurie
church_overture:edd5e30e-83bd-4f22-90b7-182bdf5bb5a1,First Baptist Church,,-99.3972262,32.3932008,48,4805336,Baird
church_overture:ede20cbe-6991-4517-8ff4-64ac4fbe5474,First Baptist Church of Buford,,-83.99246726,34.11029688,13,1311784,Buford
church_overture:ede2c4e4-9e1e-423f-9028-4414d132b0cc,Chehalis First Baptist Church,,-122.94504563705888,46.650612819937315,53,5311475,Chehalis
church_overture:ededb608-c446-4715-8c13-7e9a08874a92,Flomaton First Baptist Church,,-87.26351668747135,31.003039949627905,01,0126824,Flomaton
church_overture:edf7fe50-e767-4636-9597-847f30593d95,First Baptist Church of Washington,,-83.034964,42.726391,26,NA,NA
church_overture:ee132518-aa16-49e1-a00e-97d490697fa1,First Baptist Church of Perry,,-83.57879637,30.11771456,12,1256150,Perry
church_overture:ee1d9aa4-aa85-4d29-8242-22a15c3cf838,First Baptist Church of Picayune,,-89.6835007,30.52806724,28,2857160,Picayune
church_overture:ee22513f-a570-4540-945c-147c1d8fa225,First Baptist Church,,-87.43797173,35.08003464,47,4743700,Loretto
church_overture:ee246f49-6e3e-40c3-829e-17b9033de7df,First Baptist Church,,-102.39584777,30.14334687,48,4865084,Sanderson
church_overture:ee273d9b-a5d2-448d-ba99-e8642f660e4d,Calvary First Baptist Church,,-97.426467,27.77232472,48,4817000,Corpus Christi
church_overture:ee28cbbe-eca2-4ed2-8eea-a8c7f50c1102,First Baptist Church of Los Lunas,,-106.73114,34.7964,35,3543370,Los Lunas
church_overture:ee345032-bdaa-4c9d-8713-549db6ae1015,First Baptist Church,,-95.68557416,38.6197065,20,2043350,Lyndon
church_overture:ee345a36-236c-4cf7-aa99-9c991a5dc8f1,First Baptist Church,,-91.57673426,33.05293893,05,0575890,Wilmot
church_overture:ee36a6e0-a7e7-4d90-bf8c-b7fbfdac2d11,First Baptist Church of Whiting,,-87.5062305622,41.6948991233,18,NA,NA
church_overture:ee36e5ad-ef70-4744-80cb-d239170a936a,First Baptist Church,,-91.72650362882047,31.46674499723581,22,2251585,Monterey
church_overture:ee38fbdb-6fff-4b04-a7c4-0b4e4a212bf4,First Baptist Church,,-77.19101529,36.51146229,37,3760560,Severn
church_overture:ee412d4a-4c50-4b82-b9ed-bc47886b7615,First Baptist Church,,-94.10133378,33.42372624,48,4876096,Wake Village
church_overture:ee46f2a5-8fa2-4590-a0e0-6d1808782938,First Baptist Church,,-84.98555,42.100073,26,2679160,Tekonsha
church_overture:ee4852c9-a7fa-49dc-a96b-b518855fd134,Wausau First Baptist Church,,-85.586596,30.634658,12,1275450,Wausau
church_overture:ee499b3c-1bfb-41b4-b501-9511e00effb1,Lytle First Baptist Church,,-98.8041275,29.23986824,48,4845288,Lytle
church_overture:ee4bec81-dc10-47f9-897e-2a273f9e818e,First Baptist Church,,-82.56009188,35.69872932,37,3771560,Weaverville
church_overture:ee5826ec-8d3f-44be-ba2a-40be53efc3bc,"First Baptist Church, Sun City West",,-112.3311436,33.64226289,04,0470355,Sun City West
church_overture:ee58c680-f989-4ce1-9c0f-657cccde13ff,First Baptist Church of Bryant,,-92.48623559,34.63254971,05,0509460,Bryant
church_overture:ee5ebd99-5e7a-4daf-9016-eea22da92773,First Baptist Church,,-89.35019486,36.92187702,29,2913366,Charleston
church_overture:ee704cf4-c9e0-420d-ac13-dc6bf84db0a8,First Baptist Church Of Maywood,,-118.1965004,33.9905293,06,0646492,Maywood
church_overture:ee78f235-8276-45b9-9c66-0562f29997a4,Kingwood First Baptist Church,,-95.21082965,30.05986254,48,4835000,Houston
church_overture:ee79a270-8db7-411b-ae06-da55c1a84dd8,First Baptist Church,,-73.95519595,40.59312352,36,3651000,New York
church_overture:ee7a7af9-0222-424f-be6b-2704e132e07d,First Baptist Church,,-99.379473,36.405557,40,4082150,Woodward
church_overture:ee7e9d4f-b960-4608-9831-f61bba350d26,First Baptist Church of Sarasota,,-82.536752,27.336264,12,1264175,Sarasota
church_overture:ee882424-4147-479e-abf2-1961e7bb92ba,First Baptist Church of Melbourne,,-80.63720402,28.06000807,12,1243975,Melbourne
church_overture:ee939347-ae85-4897-a0a5-8a8b2ad6819c,First Baptist Church,,-71.28444463,41.94041431,25,2502690,Attleboro
church_overture:ee997940-167b-45ec-9eca-55cb725f971d,East Wenatchee First Baptist Church,,-120.259231567383,47.4054946899414,53,NA,NA
church_overture:eeaccd92-292c-4d02-83d6-6e59fa86ad3d,First Baptist Church,,-86.71522704,36.31393099,47,4729920,Goodlettsville
church_overture:eeb01c62-3bc8-4746-a3ea-613f919d3fbf,First Baptist Church,,-94.59644969,38.67951296,29,2914770,Cleveland
church_overture:eeb55089-0fee-48f2-9713-5149b34535ce,First Baptist Church,,-92.75911716,42.35963563,19,1933195,Grundy Center
church_overture:eeb69b7a-2503-4420-8bd9-daf712f83c14,First Baptist Church,,-89.75433593,38.24967784,17,1746955,Marissa
church_overture:eebdea06-b208-4f9d-8342-b3af73227e11,Fellsmere First Baptist Church,,-80.6046,27.77204,12,1222100,Fellsmere
church_overture:eebe00a5-e40c-4ec4-aa9d-bd9d4a1df3ee,First Baptist Church,,-97.58836783,36.3067905,40,4017700,Covington
church_overture:eec4812d-933f-42e9-bedd-0ca681b9d4eb,First Baptist Church,,-84.57267227,37.87900782,21,2156136,Nicholasville
church_overture:eec7cc52-dded-4da4-ac6a-2ed17cc64cc6,First Baptist Church,,-79.6795483622148,39.098146445419516,54,5462284,Parsons
church_overture:eee8602d-9adf-4bdc-9f40-dbd554cfe2ab,First Baptist Church,,-103.1587662,32.43427001,35,3525450,Eunice
church_overture:eeeac157-fb62-495b-b893-6f8c3d3f80cd,First Baptist Church Of Monroe,,-89.62178026,42.6031948,55,5553750,Monroe
church_overture:eef1f213-9184-4e79-8eb2-e0021fd4bcbe,First Baptist Church,,-122.86740294,38.61352096,06,0633056,Healdsburg
church_overture:eef965d0-5ddc-4b9a-a5f7-57ec3f42f113,First Baptist Church Harrison,,-93.11213755,36.21497018,05,0530460,Harrison
church_overture:ef08bfb2-0df1-4446-8661-ab3f0b92f449,First Baptist Church,,-108.8067786,40.08512895,08,0862880,Rangely
church_overture:ef214b0c-222d-4fbc-9e2d-b700782d1d25,First Baptist Church,,-96.570003,36.18355119,40,4037850,Jennings
church_overture:ef239a71-9faf-49d3-9865-845cfcad2c6e,First Baptist Church,,-89.78105309772376,39.44576387052896,17,1729392,Girard
church_overture:ef381fad-c9f0-4546-b82a-aca59aae32bc,First Baptist Church of Belington,,-79.9339634,39.0245473,54,5405788,Belington
church_overture:ef3acd23-0dbe-472e-8cb2-bc565b10de0d,First Baptist Church of Dunn,,-78.61347227,35.3097355,37,3718320,Dunn
church_overture:ef3e64af-a3c7-4c64-974a-bf92c5d66594,First Baptist Church,,-97.96175937,29.2345021,48,4870376,Stockdale
church_overture:ef3eee78-0f6f-420e-8961-2ef1f2cd66df,First Baptist Church Of Anacortes,,-122.62148197577748,48.499869334355054,53,5301990,Anacortes
church_overture:ef432c4d-58df-47f0-a500-cb6939dd9629,First Baptist Church,,-70.88773021,42.24081512,25,2530175,Hingham
church_overture:ef4a0359-7052-4224-b2e5-2bc3bb4c3250,First Baptist Church,,-97.6649289,29.88161105,48,4843240,Lockhart
church_overture:ef54badc-8c75-4281-bdd0-c562c511dffb,Miami Beach First Baptist Church,,-80.1414012779,25.7919716978,12,1245025,Miami Beach
church_overture:ef5f31c0-a726-42a9-be3d-07222ff1f8f7,First Baptist Church,,-103.20300401285967,34.40104561110066,35,3516420,Clovis
church_overture:ef7b09f5-a424-4537-a34e-73b7ebdae958,First Baptist Church,,-90.053507,34.961917,28,2833700,Horn Lake
church_overture:ef815534-b3f7-428e-9ff7-78e855913711,First Baptist Church,,-104.59799088,36.36117619,35,3574800,Springer
church_overture:ef8d8f2b-f4ba-4991-80f0-fd0e190cc639,"First Baptist Church, Holdrege",,-99.37534578599002,40.45510422278044,31,3122640,Holdrege
church_overture:efa1523b-87c4-49b3-a752-3b46af19b8bc,First Baptist Church of Copperas Cove,,-97.90529936,31.12710833,48,4816624,Copperas Cove
church_overture:efa30cd2-4124-485e-8411-1fc3df3a780d,First Baptist Church,,-95.27510955,36.43618911,40,4000250,Adair
church_overture:efad6b92-41f5-4680-a800-10ecc333c901,First Baptist Church,,-82.86520931,34.10890671,13,1326616,Elberton
church_overture:efb63a1a-7531-4c48-ae34-f82419ae0711,First Baptist Church,,-73.774024,43.496038,36,3678289,Warrensburg
church_overture:efc83283-9af1-404a-89cc-d9cba95b844b,First Baptist Church of Cambridge Springs,,-80.05939029,41.80155061,42,4210912,Cambridge Springs
church_overture:efd23537-a60a-4414-b855-3e306508bd60,First Baptist Church,,-90.29628163,32.09813212,28,2872680,Terry
church_overture:efd73ea3-e56e-4143-80db-f6f20a6f4b86,First Baptist Church,,-87.88453193,37.11001054,21,2163138,Princeton
church_overture:efd89742-b415-42c8-b26e-8ae77c99cf74,First Baptist Church,,-83.07449321,33.61800949,13,1378380,Union Point
church_overture:efe69ac7-ea10-423f-8ea5-30d099c163a0,First Baptist Church,,-80.89197726,37.67309556,54,5437636,Hinton
church_overture:efe8a0c4-5fb2-46cf-a647-caf496a04d47,First Baptist Church,,-74.66280358,40.35215013,34,3460900,Princeton
church_overture:efeb8778-7e9a-4b09-9a64-09796114384b,First Baptist Church,,-117.0600818,46.4110304,53,5312630,Clarkston
church_overture:eff6b8ea-5114-456d-8650-7178823d4ffe,First Baptist Church,,-98.986576,35.309529,40,4051250,New Cordell
church_overture:f0125020-c8c8-47cd-8413-1eaeaa4a154f,First Baptist Church of Vilonia,,-92.18763575,35.08745626,05,0571960,Vilonia
church_overture:f022dc06-34ae-4852-a3ec-64f3d840e32c,First Baptist Church,,-78.00479757,38.02577654,51,5147144,Louisa
church_overture:f034f79f-72c2-4322-9798-9c3a584fd799,First Baptist Church,,-92.06492049,33.61116567,05,0573310,Warren
church_overture:f03fd3d9-3853-4742-bd52-5a65b122b1ec,First Baptist Church Gallaway,,-89.61694193398566,35.325788867595485,47,4728560,Gallaway
church_overture:f042e87e-0cf3-43d2-812f-05d8eaeb0e33,First Baptist Church,,-95.08031204,34.95395505,40,4062550,Red Oak
church_overture:f053cd5f-4ee5-47b8-aa07-269375830b69,Chloride First Baptist Church,,-114.19842349,35.41277983,04,0412910,Chloride
church_overture:f054ae9d-aa43-4ef6-abcb-f15e73030283,First Baptist Church,,-93.32204891,40.75732892,19,1916635,Corydon
church_overture:f058d48e-d352-4bab-9f2d-b3543e682eea,First Baptist Church,,-97.4694085,37.77009328,20,2044200,Maize
church_overture:f05bc22d-bd85-4971-96c1-55845b5f406e,First Baptist Church of Natural Bridge,,-79.52644,37.63632,51,NA,NA
church_overture:f060e830-eb68-4a42-b045-9894bbf86047,First Baptist Church,,-114.979251,36.033703,32,3231900,Henderson
church_overture:f063af5b-7f63-44a6-b42c-5cca05e26f6b,First Baptist Church,,-103.722871,35.17901577,35,3579910,Tucumcari
church_overture:f0650216-eb36-4439-bf3d-a12ec9201d86,First Baptist Church,,-97.94747208351123,34.02647637370379,40,4064600,Ryan
church_overture:f066a875-4b09-4ea9-9e7f-c6496e84aa62,First Baptist Church of Ogden,,-75.456003,39.830883,42,NA,NA
church_overture:f06943ce-285f-4129-9e87-c8ed0b52233f,First Baptist Church,,-97.52713,33.699948,48,4864184,St. Jo
church_overture:f075abc9-d4db-47f3-bf78-7de6daf1f9cb,First Baptist Church,,-89.48170961,41.84299277,17,1720162,Dixon
church_overture:f09420af-a984-4f41-8af3-2eae0cfa429c,First Baptist Church,,-88.37677143,43.31633986,55,5533000,Hartford
church_overture:f096330c-56c2-4571-b3ef-ea32df696c38,First Baptist Church,,-84.74619,35.13299,47,NA,NA
church_overture:f097d5a2-9ef4-4039-b03b-3425aa722e20,Talking Rock First Baptist Church,,-84.50335047,34.51347027,13,1375272,Talking Rock
church_overture:f0a5b94e-dc78-49ee-a438-628f0dbe0bff,Graysville First Baptist Church,,-85.085655,35.45479290000001,47,4730760,Graysville
church_overture:f0a9f089-fb93-4c8e-a95d-ccc5c1e10131,Kite First Baptist Church,,-82.53469,32.66698,13,NA,NA
church_overture:f0ca561d-9b6f-419d-b2be-8f4e536527a5,The First Baptist Church of Lindsborg,,-97.66185524997486,38.580413250017784,20,2041375,Lindsborg
church_overture:f0db1bd8-6c8e-463d-8c06-8fa5202e9824,First Baptist Church Pryor,,-95.310434,36.307916,40,4061000,Pryor Creek
church_overture:f0e1c2c3-da37-47d7-aff3-5b25fc6c265a,First Baptist Church,,-119.55596022,36.10070487,06,0616224,Corcoran
church_overture:f0fdef10-cd51-49f2-b340-c875ee8a150b,First Baptist Church of Waverly,,-92.4742846,42.72458318,19,1982875,Waverly
church_overture:f101618f-7a46-4fcf-8c2f-335cb4b230ea,First Baptist Church,,-121.44499337,38.61412768,06,0664000,Sacramento
church_overture:f1036b1f-a36f-461e-9849-e1c15a68a7b7,First Baptist Church of Titusville,,-80.80854514,28.61219421,12,1271900,Titusville
church_overture:f12984dd-8f24-4381-a198-032f20c2f9e1,First Baptist Church,,-78.19450408,43.24460033,36,3601033,Albion
church_overture:f1360190-dbda-40ee-b4d6-a97a3b028c4e,First Baptist Church,,-102.32801198,34.5442263,48,4820464,Dimmitt
church_overture:f13c2bea-0f26-43fb-a389-41fcd7c12956,First Baptist Church,,-86.28198907,33.59007996,01,0158896,Pell City
church_overture:f142a1c8-d334-4b08-9d91-441dd506fede,First Baptist Church,,-92.40442728,43.69651213,27,2762104,Spring Valley
church_overture:f145c4aa-13a5-47cf-9248-f59cb430e3ff,First Baptist Church of Urbana,,-83.75177660424897,40.11152908014653,39,3979072,Urbana
church_overture:f146dce8-4d67-495c-aea3-b91dc35ea830,First Baptist Church of Oliver Springs,,-84.34286085,36.04484626,47,4755800,Oliver Springs
church_overture:f15cde79-c14d-4951-a604-5700db7bca89,First Baptist Church,,-108.35175862,46.99923413,30,3081100,Winnett
church_overture:f18362fe-505b-4c86-bd40-3758476c4eaf,First Baptist Church of Spindale,,-81.928722,35.357342,37,3763880,Spindale
church_overture:f183f586-affa-4398-9dbd-773cd998c9f2,First Baptist Church,,-101.7986384,33.16681354,48,4871708,Tahoka
church_overture:f1b0dec0-d5c4-4411-a5ff-343cc5053f79,First Baptist Church,,-97.89752,28.88454,48,4838452,Karnes City
church_overture:f1b116cd-744e-4b84-9f4b-523507989284,First Baptist Church,,-76.42750664,36.99258237,51,5156000,Newport News
church_overture:f1be28c7-5b10-4bdc-b0ed-97ab97584872,First Baptist Church Hampton,,-76.34531178,37.02846118,51,5135000,Hampton
church_overture:f1cfafc4-2f79-4af7-950e-fe17bd356a73,First Baptist Church,,-147.72822806,64.84150341,02,0224230,Fairbanks
church_overture:f1d70dde-6b14-4bfe-a733-9dad0bb6398b,First Baptist Church,,-92.51596101,32.52741239,22,2215290,Choudrant
church_overture:f1dda33a-ca8a-4b97-b7cc-fc6041650c1b,First Baptist Church of Stovall,,-78.57434167,36.44180973,37,3765320,Stovall
church_overture:f1f5136c-d109-4edf-ba19-506f430af1a7,First Baptist Church,,-92.8999571799693,44.51018153122822,27,2709730,Cannon Falls
church_overture:f1f767db-abfb-48b5-8824-d2b7ce5a7f44,First Baptist Church,,-93.53035558,35.11284148,05,0530790,Havana
church_overture:f2061834-9b1b-4bff-8c26-13e489e1411c,First Baptist Church,,-74.92175111,40.37187095,34,NA,NA
church_overture:f20fbcea-ac26-4e7e-a06b-788ecf11775a,First Baptist Church,,-79.67673668,41.62932545,42,4276904,Titusville
church_overture:f213d6c4-b353-44b8-a4e5-5db68a064712,First Baptist Church,,-80.14954698,41.63756925,42,4248360,Meadville
church_overture:f217c9f0-3e0c-431f-a021-c5e55c5e38cb,First Baptist Church of Carmi,,-88.1650292,38.08751446,17,1711293,Carmi
church_overture:f21e23c4-5b2d-4e21-a21f-7137424cef9d,First Baptist Church,,-97.28448369,36.80354688,40,4006600,Blackwell
church_overture:f22161f5-9e49-439d-ba3c-df0dd22f60e3,First Baptist Church of Milan,,-88.75862856411668,35.918387778862154,47,4748660,Milan
church_overture:f2239eff-dba5-4280-b7b8-5ab4d8430ab4,First Baptist Church,,-89.0952251,38.75560637,17,1758057,Patoka
church_overture:f22a35bb-4ba9-4212-abaa-ac67d199bc90,First Baptist Church,,-83.992911,43.434257,26,2670520,Saginaw
church_overture:f22ac756-840c-42da-916a-70f0267c8bbe,First Baptist Church,,-78.589334,36.305623,37,3749800,Oxford
church_overture:f22bd568-3d66-48a1-9430-3654e33e165a,First Baptist Church,,-92.40246682,37.85840528,29,2961562,Richland
church_overture:f23a25db-ae52-4c28-9546-6073005f4714,First Baptist Church,,-95.11781309,43.85313313,27,2770798,Windom
church_overture:f240baa0-ec11-48b4-a7c5-e9d95c77a729,First Baptist Church of Inglis,,-82.63830019,29.02701951,12,1233800,Inglis
church_overture:f254ae68-80f7-4e3b-b93e-6cddfe40e618,First Baptist Church of Bagdad,,-87.03111023,30.59866622,12,1202925,Bagdad
church_overture:f25836ba-849b-41a3-b0ba-93c53aeaa2e3,First Baptist Church,,-71.436019,41.813644,44,4459000,Providence
church_overture:f2702baa-1fb5-40b9-b16c-f7d0784ab658,First Baptist Church,,-85.15765654,39.91023517,18,1830402,Hagerstown
church_overture:f275d787-77c6-482c-8e63-11070f2985f2,First Baptist Church,,-85.11894695,30.9242732,12,1203725,Bascom
church_overture:f2a43905-89bc-4d36-b027-317a249464bc,First Baptist Church of Mount Rainier,,-76.96369063,38.93957738,24,2454275,Mount Rainier
church_overture:f2adc6ac-edf0-4417-b394-56dacfaab5e8,First Baptist Church,,-87.49850336016613,38.6679767544652,18,1879208,Vincennes
church_overture:f2afbd28-cbe8-4574-81aa-8c749eb8ed13,First Baptist Church of Hazel Park,,-83.1080839,42.46383496,26,2637420,Hazel Park
church_overture:f2b17332-0461-4220-9940-d00f26180466,First Baptist Church,,-87.98444577,37.54887219,21,2174316,Sturgis
church_overture:f2bc8817-3a14-44fb-b7b6-8d24d6e99314,First Baptist Church,,-93.45925968,34.26389513,05,0501360,Amity
church_overture:f2c7f68f-6223-426b-beb6-d8276b32d190,First Baptist Church,,-89.3652992,38.61010164,17,1711228,Carlyle
church_overture:f2ca6078-fbdf-44bc-a974-27774ee026c5,First Baptist Church of Creighton,,-94.07255516,38.4954213,29,2917164,Creighton
church_overture:f2cbcc1a-7d4f-4dfc-8c07-65ddfe39205a,First Baptist Church,,-100.53897378,36.45089399,48,4809448,Booker
church_overture:f2d9ef27-517c-449b-a161-a846a00cfeb1,First Baptist Church,,-98.003523,31.081309,48,4838800,Kempner
church_overture:f2dcc70c-36ff-4318-9f5a-12a85d01abb0,First Baptist Church of Canton,,-90.00367,32.609566,28,2811100,Canton
church_overture:f2e0eb0d-72f9-4feb-83c6-3536f97430ef,First Baptist Church,,-91.71715989,32.16224312,22,2282495,Winnsboro
church_overture:f2e11a47-91bd-4ad0-a642-b7f7d05a4cad,First Baptist Church,,-122.17207857,39.93105508,06,0616322,Corning
church_overture:f2e5d096-51c3-4e29-a1d6-89b07e80c63b,Galveston First Baptist Church,,-86.18709132,40.5772288,18,1826242,Galveston
church_overture:f2e78853-df6c-4bb6-9b80-dc4caf820734,First Baptist Church,,-117.93676053,44.91190923,41,4131600,Haines
church_overture:f2ea23eb-09a3-43c4-a37a-b7d5a4e7279e,Zion First Baptist Church,,-72.691241,41.597297,09,0947290,Middletown
church_overture:f2f314b8-d091-4534-a6e3-ad6e9d9a9bff,First Baptist Church Atlantic Beach,,-81.41685029,30.33157351,12,1202400,Atlantic Beach
church_overture:f305da95-9035-4e4e-931b-9ef73626e81a,First Baptist Church,,-80.68588279,33.35191957,45,4507840,Bowman
church_overture:f31667bb-fade-41e1-8d23-492f6295bb41,First Baptist Church,,-82.12192489,29.3396407,12,NA,NA
church_overture:f32cdd41-a5c7-432b-80b0-35abad26cbd7,First Baptist Church of Bay St Louis,,-89.32738041,30.311168640000002,28,2803980,Bay St. Louis
church_overture:f32fb70b-dee7-48df-8e7b-323359689fff,First Baptist Church,,-86.47907055,42.10670026,26,2670960,St. Joseph
church_overture:f333918e-31be-4680-bb39-5a66133e89db,First Baptist Church of Berea,,-84.29984784,37.58750649,21,2105842,Berea
church_overture:f3396a25-8405-441d-9252-f949b99b80b5,First Baptist Church,,-84.09447641,36.95006666,21,2117362,Corbin
church_overture:f340ef35-674c-45f5-a906-f2cb4b5ef1ae,First Baptist Church,,-93.94019085,36.67118165,29,2923122,Exeter
church_overture:f34146d8-3cd0-4006-b1f8-cdbe2b12494b,First Baptist Church,,-122.817911,42.313726,41,4147000,Medford
church_overture:f360abf6-3b30-43f0-addb-62259ca009b4,First Baptist Church,,-100.41253749,29.31801568,48,4809868,Brackettville
church_overture:f3649cf7-da41-4118-a308-e68475f0863f,Jordan First Baptist Church,,-92.16531888,36.21570575,05,NA,NA
church_overture:f3653a7d-fe44-4954-93c3-23f2c0f37fcc,First Baptist Church,,-122.19001869,39.74492671,06,0654274,Orland
church_overture:f3656c46-15eb-450b-9c88-82d15d399fb8,First Baptist Church of Glendale,,-118.25299493,34.14819601,06,0630000,Glendale
church_overture:f36d2ae0-b8c5-4c68-87c2-c72335fa0266,First Baptist Church,,-73.08163857,44.81393681,50,5061675,St. Albans
church_overture:f374d93e-f180-4665-bf6a-ef52f384e967,First Baptist Church,,-88.56815242,40.02529887,17,1750244,Monticello
church_overture:f37a2c53-7850-4aea-bde8-ddb3d029f19c,First Baptist Church,,-119.45526899,35.14083913,06,0677574,Taft
church_overture:f37de2ab-7fbf-4494-8ce2-3697a3a064f0,First Baptist Church,,-91.97027335,37.32256215,29,2933238,Houston
church_overture:f37fda82-8c7e-4d60-ae64-706189d39ebd,First Baptist Church,,-87.57893822,38.35195491,18,1862046,Princeton
church_overture:f38767fa-ff01-4e7a-923b-aca162a0c24f,First Baptist Church of Florien,,-93.45689022,31.44389789,22,2225860,Florien
church_overture:f388d44c-2f8c-44da-a719-cf56ad359d9f,First Baptist Church,,-86.79346705,33.56657541,01,0107000,Birmingham
church_overture:f399e3a4-bfba-4446-a47d-2fe5775b6837,First Baptist Church,,-123.61454682,42.28195317,41,4166150,Selma
church_overture:f3b66962-a9ac-4eaf-ab5e-24fcd34b17f7,Cheraw First Baptist Church,,-79.88638871,34.69466214,45,4513600,Cheraw
church_overture:f3c51b4b-2521-43ea-ba13-2cc6d5767468,First Baptist Church of North Fort Myers,,-81.8839982833,26.666655,12,1249350,North Fort Myers
church_overture:f3c5c295-d18b-4623-b23c-03abe0838367,First Baptist Church,,-99.8193273,33.41669631,48,4839700,Knox City
church_overture:f3c9bc39-43a9-4854-ba0f-e361f21d5632,Cumberland First Baptist Church,,-85.95730593,39.7752073,18,1816336,Cumberland
church_overture:f3ce5121-a3ae-4444-ac99-6ca1c4c9c1aa,First Baptist Church,,-91.31398931,40.86350116,19,1918435,Danville
church_overture:f3d2e32e-e5c1-48a5-9f1c-b77eea2ec34c,First Baptist Church Of Hammond,,-87.51787307,41.61825796,18,1831000,Hammond
church_overture:f3dd7768-0245-438d-b997-a8f8ecff97df,First Baptist Church,,-87.400579,34.143484,01,0121280,Double Springs
church_overture:f3f8398a-0705-4264-be3c-f87226c2ce3f,First Baptist Church of Durant,,-89.85739609956444,33.07579526868129,28,2820500,Durant
church_overture:f3f85948-56e6-4979-9bcc-1b0e7c7c646f,First Baptist Church of Malone,,-85.16394289,30.95465143,12,1242650,Malone
church_overture:f400b53a-4770-41e5-a31f-4008f1cd56c3,First Baptist Church,,-85.36213595,33.14276191,01,0165040,Roanoke
church_overture:f40280ad-c0a3-43b6-aebf-8fe94b114451,Big Rapids First Baptist Church,,-85.47899253666401,43.69689233601093,26,2608300,Big Rapids
church_overture:f4059ff1-5071-4408-b9d3-c2a6b5d37505,First Baptist Church,,-93.92529864814512,36.9232378796449,29,2949196,Monett
church_overture:f4247513-252d-4fef-9395-70138f7b84ce,First Baptist Church of Glenarden,,-76.868654,38.845993,24,2429000,Forestville
church_overture:f428d887-f66d-4720-a6f1-3ab84300e7e7,First Baptist Church,,-93.8963233,40.6240591,19,1942960,Lamoni
church_overture:f4343666-8306-4a0a-82e6-c5a6cbc23851,First Baptist Church,,-87.31451087,35.26181559,47,4741340,Lawrenceburg
church_overture:f441ed22-4311-4b8b-be8c-6e511b047b89,First Baptist Church,,-92.36552468,45.88368075,55,5585025,Webster
church_overture:f469225c-51c5-43a2-9be5-5a198dda7e9c,First Baptist Church of Danville,,-94.81617976,32.4024175,48,4839124,Kilgore
church_overture:f4698ec6-a47a-4430-ba58-e4d5919a1915,First Baptist Church,,-84.02834794,38.31349116,21,2112898,Carlisle
church_overture:f47bab99-1ddc-4188-993a-082143d7aed1,First Baptist Church,,-79.86975873,34.29980435,45,4518565,Darlington
church_overture:f48afc99-89f1-4223-abf1-8f246e4dfaef,First Baptist Church,,-80.84307761,40.9010482,39,3969834,Salem
church_overture:f4959fd5-d37e-4751-b994-ee3c1d959c9f,First Baptist Church,,-83.86460227,33.82752894,13,1347196,Loganville
church_overture:f496c4a4-723b-4e40-bdbd-5d3dce90dcaf,First Baptist Church of Nixon,,-97.7631077,29.27111223,48,4851588,Nixon
church_overture:f4a66779-0030-487a-8d76-32c7599a8eb1,First Baptist Church South Hill,,-76.37124177,36.77051892,51,5116000,Chesapeake
church_overture:f4bebf8c-bdf0-44ca-9c8f-8c4629d65b20,First Baptist Church,,-94.528407,38.889535,29,2928324,Grandview
church_overture:f4cc572d-b417-4dc8-b389-4b39267dd0b7,First Baptist Church Dripping Springs,,-98.08908872,30.19115299,48,4821424,Dripping Springs
church_overture:f4cdd85e-e9bc-4fb9-9157-dd409c00c08b,First Baptist Church,,-94.18524231,42.50622416,19,1928515,Fort Dodge
church_overture:f4d1efd3-7a1f-4a0d-ad99-026eb184b228,First Baptist Church Rose Hill,,-122.1561201,47.6748088,53,5357535,Redmond
church_overture:f4d51525-0f2b-487b-914b-55aa4904509b,Dewar First Baptist Church,,-95.94687454,35.45799835,40,4020500,Dewar
church_overture:f4d558b2-29fa-47f1-8de4-de506400cc30,First Baptist Church,,-90.21184562439423,39.94852370887828,17,1778201,Virginia
church_overture:f4eb369d-fce8-46d1-9e17-bacafabb8b6e,First Baptist Church,,-89.73148585,37.50157454,29,2953786,Oak Ridge
church_overture:f4f3e145-d2fc-4f6a-bd16-da0605790260,First Baptist Church,,-79.77994355941496,32.87164659601128,45,4548535,Mount Pleasant
church_overture:f5028e2d-cf8b-464f-b19c-e411e5e47351,First Baptist Church,,-94.96316657,32.99442123,48,4857908,Pittsburg
church_overture:f5038d17-2827-4810-8a59-f454f4ad2852,First Baptist Church of Gastonia,,-81.16804485,35.22487504,37,3725580,Gastonia
church_overture:f50b8ad8-d9c9-402a-9859-32d461a80aae,Belvedere First Baptist Church,,-81.943252195047,33.533747306624,45,4505410,Belvedere
church_overture:f50d1bab-faa7-4354-be4e-b713258d27da,First Baptist Church,,-83.96089753,40.12741849,39,3969708,St. Paris
church_overture:f5108526-0dbc-4360-b69c-be480c52d59c,First Baptist Church Gordon,,-83.33416,32.88338,13,1333980,Gordon
church_overture:f515a443-7999-4e05-9988-1cc7ce3498d6,First Baptist Church,,-91.655034,31.985705,22,2282565,Wisner
church_overture:f5273932-d4f3-4daf-9369-92604d9e36f0,First Baptist Church,,-84.31027475,33.7186819,13,NA,NA
church_overture:f5314f0d-e8a4-44e9-81c4-43b9c43f64f7,First Baptist Church,,-93.26394043569347,42.52128883499329,19,1938640,Iowa Falls
church_overture:f5320647-7fa2-45fc-ba44-4a311937dec2,First Baptist Church,,-94.42144866,36.87918115,29,NA,NA
church_overture:f5328dee-ff66-4661-9b64-35523618d82e,First Baptist Church,,-85.86061412,36.512459,47,NA,NA
church_overture:f54293c5-ba10-4204-b7dc-6f5243f88fd6,Hymera First Baptist Church,,-87.29858858,39.18653963,18,1835500,Hymera
church_overture:f544e6fe-29c0-4a98-80b9-78f4815460ff,First Baptist Church of Canisteo,,-77.606307,42.268056,36,3612254,Canisteo
church_overture:f5798a3d-c857-4434-8ffe-2ffb50c4041a,First Baptist Church,,-120.99419032,37.78528344,06,0622790,Escalon
church_overture:f57a4945-3812-4453-93fa-7a0247cc298f,Madison First Baptist Church,,-86.7146114,36.2551077,47,4752006,Nashville-Davidson metropolitan government (balance)
church_overture:f57d71db-b88d-445b-a191-c8986fb83945,Gaffney First Baptist Church,,-81.6483976,35.0731551,45,4528060,Gaffney
church_overture:f57f11d9-7dd3-464c-be67-10fc4fe48ee0,First Baptist Church,,-77.49473361,37.76634181,51,5103368,Ashland
church_overture:f58218d4-d5fe-4907-8127-d068edc81bb4,First Baptist Church,,-84.57397633,30.90405687,13,1304896,Bainbridge
church_overture:f595ad4c-9e9d-4749-83c6-e331a197f28c,First Baptist Church,,-124.40353849,43.11896352,41,4103800,Bandon
church_overture:f59705d5-e0e8-4b68-a9a7-4ae0cbdccfe5,First Baptist Church of Bellville,,-96.29582977,29.98083437,48,NA,NA
church_overture:f59c8af7-0277-4768-973f-e74710225a59,First Baptist Church,,-100.02661299506374,36.12178702705806,48,4833608,Higgins
church_overture:f5a9a695-1319-42b2-adb8-6dd6fdfe6691,First Baptist Church Soddy Daisy,,-85.193729,35.241739,47,4769560,Soddy-Daisy
church_overture:f5adde9d-b758-42f4-b2b7-493d5dfa8d3e,Rosewood First Baptist Church,,-78.07086812,35.41275485,37,NA,NA
church_overture:f5af51e1-297d-43ec-a969-8c73f2435318,First Baptist Church,,-75.25941988,39.92234211,42,4218152,Darby
church_overture:f5bfec84-3022-41ee-9ff3-5de7f1876742,First Baptist Church,,-74.19619944,40.79294479,34,NA,NA
church_overture:f5c0a27f-ad3d-48b8-bac7-080e76fefab5,Live Oak First Baptist Church,,-98.3400054,29.54388284,48,4843096,Live Oak
church_overture:f5c6cdd6-bab6-471d-aac7-77f554cbf2fd,First Baptist Church of Paisley,,-81.53974497,28.98981119,12,1253850,Paisley
church_overture:f5ceee73-38a2-45c3-8b99-8307af1adcb3,First Baptist Church,,-80.08084726,35.88197776,37,3767420,Thomasville
church_overture:f5d850cc-05cb-4c49-96cc-f865eafb7e5d,Summerdale First Baptist Church,,-87.70603401,30.48710774,01,0173872,Summerdale
church_overture:f5dca9ec-eee1-4c1c-b9f1-9e5eabfbcbe0,First Baptist Church of Wilmington,,-71.164645,42.556802,25,2580195,Wilmington
church_overture:f603a072-65d5-4034-8263-bfeeb0dc6427,First Baptist Church,,-97.7977934716101,28.570134093116213,48,4873856,Tuleta
church_overture:f60c52fb-f776-4f02-ad47-f441f6a34c5f,First Baptist Church,,-93.36882569,45.3863556,27,2756950,St. Francis
church_overture:f60c5cbb-4a9f-4810-bc1f-b5a0fcf0ead6,Arp First Baptist Church,,-95.06418118,32.22362106,48,4804156,Arp
church_overture:f60ed315-1b9b-4a1f-86ac-fc4acb1f8379,First Baptist Church,,-85.34796595573425,34.996859095631066,47,4743640,Lookout Mountain
church_overture:f6284e22-61f5-4b4c-bbfe-df269692687a,First Baptist Church,,-86.83967,39.649502,18,1829358,Greencastle
church_overture:f62c1361-a958-4684-b43e-fc7250780c90,First Baptist Church,,-92.66777222,37.68189325,29,2941168,Lebanon
church_overture:f62dbe6d-5888-4e41-950d-a3fce251a9ed,First Baptist Church,,-96.95649663,32.58955807,48,4813492,Cedar Hill
church_overture:f62e0d0c-0f3b-4de9-bff4-3d0bafb8340e,First Baptist Church of Palm Coast,,-81.25907283,29.55407639,12,1254200,Palm Coast
church_overture:f630365a-229a-439e-8b59-183769eb14d2,First Baptist Church Wedowee,,-85.48031696,33.3002895,01,0180496,Wedowee
church_overture:f6380de5-ff9a-4841-a629-965b1f7710ab,First Baptist Church,,-85.09339983,33.61129936,13,1313492,Carrollton
church_overture:f63aa845-346d-46ef-a753-d43a4859ee04,First Baptist Church,,-95.33690613495669,46.14837744538041,27,2749732,Parkers Prairie
church_overture:f6407aea-7318-47b2-a1c2-54cc7d9133ab,First Baptist Church of Shelton,,-73.13385945275428,41.33352575957966,09,0968100,Shelton
church_overture:f6489df5-c35c-4322-a890-566791e007cc,First Baptist Church of Belmont,,-78.03564801,42.22400013,36,3605815,Belmont
church_overture:f655aa20-bea4-4b08-99da-480dbe2e2050,First Baptist Church,,-96.19556066,40.36944424,31,3148480,Tecumseh
church_overture:f672045c-a7e3-494a-afd1-6612816e2deb,First Baptist Church of Hillsboro,,-89.49105731,39.14455289,17,1735047,Hillsboro
church_overture:f674b5e5-f53d-453a-844c-fb0a09d76fbb,Panama First Baptist Church,,-94.67313567,35.16883632,40,4056900,Panama
church_overture:f67ccd47-250b-494e-a0e2-5ac42a20bced,First Baptist Church,,-93.44330986,48.59106519,27,2731040,International Falls
church_overture:f686edfd-deaa-4b08-ab31-c3238e9b1052,Hartland First Baptist Church,,-69.44713962,44.88273995,23,2331705,Hartland
church_overture:f68fe582-62ad-4186-9b9e-573ac2d6f6c9,First Baptist Church,,-82.01859512,34.73267438,45,4579090,Woodruff
church_overture:f69089ef-d607-4fa5-920a-dfa183fdfe19,First Baptist Church Stillmore,,-82.21236,32.44377,13,1373620,Stillmore
church_overture:f69f4504-16cb-48d3-b69d-b0b4f9823f6b,First Baptist Church,,-93.35376945,29.99668845,22,2232405,Hackberry
church_overture:f6a69d73-b143-4554-a16d-1fe12291e255,First Baptist Church,,-98.00310365,46.90178201,38,NA,NA
church_overture:f6adc7df-bab7-4a33-866c-9991e7fd972d,First Baptist Church,,-91.77238695,38.67311116,29,2913060,Chamois
church_overture:f6b09bae-a291-4660-94c5-cc0ddefcfdcd,First Baptist Church of Lake Waccamaw,,-78.52443,34.32241,37,3736640,Lake Waccamaw
church_overture:f6d0cc5a-9ca6-448f-a742-b8282d84492c,First Baptist Church,,-88.44579763,47.23819006,26,NA,NA
church_overture:f6e391c4-8973-4771-9800-d62c8fea206c,First Baptist Church,,-89.142659,45.135152,55,5502250,Antigo
church_overture:f6e45a3d-9e96-49cb-a4e5-12998a826373,First Baptist Church,,-89.66227850037909,41.17922767040532,17,1707692,Bradford
church_overture:f6e5d8a9-85cc-4cd5-8107-2ca9322c89b3,First Baptist Church,,-97.2281984,30.9309656,48,4862924,Rogers
church_overture:f6e6441b-3e04-4e5e-a74c-9c9baae1ee71,First Baptist Church of Mishawaka,,-86.18103569,41.66736343,18,1849932,Mishawaka
church_overture:f6f535fa-3efc-43b0-8770-43136edef621,First Baptist Church,,-75.71639758,39.84615927,42,4239352,Kennett Square
church_overture:f6fabcd7-c98f-4ec1-b71a-c012399be681,First Baptist Church,,-79.57447474,42.32241222,36,3679939,Westfield
church_overture:f6fda987-1824-4d0c-8a79-56d9d7ff24d8,First Baptist Church,,-93.169515,34.314772,05,0506460,Bismarck
church_overture:f704437e-c594-412d-bc73-ea3b138e7d59,First Baptist Church,,-97.6448996,37.39001777,20,2015325,Conway Springs
church_overture:f704dddd-c0f2-4e97-ba85-f9733895d842,First Baptist Church,,-74.79705,39.23226,34,3481890,Woodbine
church_overture:f70d0e26-fc32-4f91-983a-f233f90a3147,First Baptist Church,,-124.16400467,40.79034948,06,0623042,Eureka
church_overture:f70fe8b2-8d62-494e-94a3-82a13baf0c0b,First Baptist Church,,-102.27437701,39.30272944,08,0810600,Burlington
church_overture:f717ac7a-e441-4472-9814-4b539bfdb78e,First Baptist Church of Essex,,-76.473456,39.3191,24,2426600,Essex
church_overture:f71c83d4-8079-4cf6-934b-4083f5983b40,Taylors First Baptist Church,,-82.30228003,34.92066248,45,4571395,Taylors
church_overture:f71f85a1-057b-4651-b744-c6e8d774a9f9,First Baptist Church of Iron Mountain,,-90.638878,37.693198,29,NA,NA
church_overture:f72c8040-6201-41b9-b476-8b71a0314886,First Baptist Church,,-146.35933975,61.13303739,02,0282200,Valdez
church_overture:f73504d0-9c67-4a27-b45b-f13bc075ed53,First Baptist Church,,-87.63659832,36.10730859,47,4744840,McEwen
church_overture:f73bc25d-47d1-47b2-81a2-f3d8767f372d,First Baptist Church,,-98.87940779,36.58248686,40,4079350,Waynoka
church_overture:f7442deb-4a31-486d-a1b4-f79b44cb015c,First Baptist Church,,-81.62356887,32.13831092,13,1360004,Pembroke
church_overture:f74d593d-1921-429e-a24c-eb302bc8ac86,First Baptist Church,,-98.98429002,31.71735236,48,4810780,Brownwood
church_overture:f7507265-79c7-4f13-a940-77ed815226d6,First Baptist Church of Rockland,,-70.91536055,42.12784077,25,NA,NA
church_overture:f7682439-772a-4c0e-8c63-9fd532e2a9db,First Baptist Church of Oceanside,,-117.36089587234,33.200784687254,06,0653322,Oceanside
church_overture:f768e48c-ff20-4f16-91d7-a9f0ce5af99a,First Baptist Church Argyle,,-97.185077,33.11882665,48,4803768,Argyle
church_overture:f76a81bd-960a-4b3d-b41a-b6fcb82d1179,First Baptist Church,,-73.58956326,40.68743261,36,3663506,Roosevelt
church_overture:f7707b5d-008e-4f64-88e9-4adcbe3d4cff,First Baptist Church,,-81.421122,28.510767,12,1253000,Orlando
church_overture:f77fa68d-beac-42ac-8b51-bd330bdae63b,First Baptist Church Of Justin,,-97.298618,33.092317,48,4838332,Justin
church_overture:f7873dee-aa5c-4792-9cc6-64f3d00e13c4,First Baptist Church,,-93.89638942,30.66108441,48,4839460,Kirbyville
church_overture:f787540f-dc91-4185-a0b5-bf55cac401f8,First Baptist Church,,-81.51758623,39.74785556,39,3910940,Caldwell
church_overture:f7a6906e-3aa6-48e3-83e0-c0ca56bf398e,Pembroke First Baptist Church,,-79.18958696,34.68286702,37,3751080,Pembroke
church_overture:f7b1f086-057e-454e-b6a6-1f95402bcf56,First Baptist Church,,-82.07970366647187,36.96712894950715,51,NA,NA
church_overture:f7b7f453-9056-47ec-925a-4add357e4efd,First Baptist Church,,-97.17357505,33.354328,48,4865408,Sanger
church_overture:f7bb3ca2-670e-4a2d-b53b-8cbd126b72f2,First Baptist Church,,-75.783607397,42.648253174,36,NA,NA
church_overture:f7c5aed4-34cc-48cf-b800-63217980311e,First Baptist Church,,-93.10034492264893,31.758968279280364,22,2253545,Natchitoches
church_overture:f7cb52eb-7fb0-4aec-8a1b-8753a86393be,First Baptist Church,,-97.34714994,37.56334787,20,2031125,Haysville
church_overture:f7cc808c-fafc-4b5d-ae35-bd7c2c81f659,First Baptist Church,,-80.66351563,35.51647969,37,3721500,Enochville
church_overture:f7d5d939-88c4-4697-81e7-f23c38b0b886,First Baptist Church,,-77.43125456,38.14114356,51,NA,NA
church_overture:f7ed7948-6dfb-4910-8455-97911edcad8c,Sequatchie First Baptist Church,,-85.59756055,35.11219969,47,4766960,Sequatchie
church_overture:f7fa3658-d356-4436-8db9-2eeb88157f3d,First Baptist Church Gainesville,,-83.82865743,34.30966781,13,1331908,Gainesville
church_overture:f80b9e9b-be0b-4793-9cbd-f93d94a46c88,First Baptist Church of Montmorenci,,-81.63386887,33.52410951,45,NA,NA
church_overture:f80ea5ee-b253-456d-b939-03957f37a570,First Baptist Church,,-75.1730619,40.71181279,34,NA,NA
church_overture:f8120eab-3e06-47cd-9944-7b4a6137b964,First Baptist Church Geraldine,,-85.99945173,34.34987157,01,0129608,Geraldine
church_overture:f8201d23-c3a4-4559-943a-dae7f5474c4a,Honea Path First Baptist Church,,-82.39337,34.44519,45,4534810,Honea Path
church_overture:f83442cc-0c87-4e4a-818e-c5e4c93e5792,First Baptist Church of Golinda,,-97.08192302,31.36962793,48,4830092,Golinda
church_overture:f8394e4d-cbba-4ab6-a4a8-5c0c45d4adf0,First Baptist Church,,-102.75241543,33.71910427,48,4849464,Morton
church_overture:f84584fd-d6c0-4c7c-9cc8-00f2ce05ae2d,First Baptist Church of Swartz Creek,,-83.85672028,42.94710131,26,2677700,Swartz Creek
church_overture:f858ae55-f4f0-44a8-a54a-7034992f9425,First Baptist Church,,-95.24167965,30.74785841,48,NA,NA
church_overture:f8593dac-0717-4047-ab9c-8e4a1ee12b3b,First Baptist Church,,-95.71525937,32.67547639,48,4830476,Grand Saline
church_overture:f8652df4-e8d3-4aa0-afa1-588a1bde6729,First Baptist Church Of Hemet,,-116.95662312942207,33.742895821020085,06,0620697,East Hemet
church_overture:f868e792-3353-484d-8063-efdeb19072b7,First Baptist Church,,-97.601654,35.261704,40,4051150,Newcastle
church_overture:f86901ee-55ae-4deb-b853-68c1fcbe4439,Darbyville First Baptist Church,,-83.05152857535296,36.827620710131534,51,NA,NA
church_overture:f86d3340-ed1f-4283-8ff6-94331c85bc84,First Baptist Church of Palacios,,-96.2121448,28.70185705,48,4854684,Palacios
church_overture:f874159b-ff28-49f7-9473-645de17ac19e,First Baptist Church,,-85.18219708,32.84096698,01,0178204,Valley
church_overture:f87633ac-364b-44d8-bbb8-1d957e1dda4f,First Baptist Church,,-114.0921799198062,46.50791506098633,30,3071200,Stevensville
church_overture:f885ce37-f05f-4951-8825-a01eda3dd284,First Baptist Church of Ada,,-96.52353,47.30237,27,2700172,Ada
church_overture:f890b1bf-c1e5-4c7d-aefd-616e54e894dc,Bath First Baptist Church,,-81.87173283,33.50170782,45,4510270,Burnettown
church_overture:f897f80d-b874-4dbd-963e-25faee6a2c7d,First Baptist Church,,-121.7102758001273,39.411130461007716,06,0606560,Biggs
church_overture:f89bd053-65e4-404a-a832-94314ff90f38,First Baptist Church,,-76.22554137,36.30054999,37,3720580,Elizabeth City
church_overture:f8c61728-894d-45b9-ac90-616807210088,First Baptist Church,,-93.88863442,32.58129692,22,2207730,Blanchard
church_overture:f8d1c47d-d0b3-4e12-ac18-cbbc2dfbf2b2,First Baptist Church,,-82.01907841,33.09451891,13,1380984,Waynesboro
church_overture:f8d74f49-24cc-4762-bca8-6dfa343daae3,First Baptist Church of Rancho Cucamonga,,-117.59387656,34.11889197,06,0659451,Rancho Cucamonga
church_overture:f8dd53b3-2296-4851-93fa-7c0eb929e9ee,First Baptist Church of Oakland,,-81.63748503,28.55273943,12,1250525,Oakland
church_overture:f8dda8e7-ed10-4ed8-ab01-0e001cc310ef,First Baptist Church,,-106.24114085,34.52023892,35,3550370,Mountainair
church_overture:f8fe4b39-e0bc-4c35-974e-48646dbeef67,First Baptist Church of Murray,,-88.30185501,36.60915204,21,2154642,Murray
church_overture:f9043997-0911-4a2f-af8d-6b11b1ead0cb,First Baptist Church,,-86.556926727615,33.543064429693,01,0141968,Leeds
church_overture:f9075625-2530-4e1f-9346-9baceb108787,First Baptist Church of Euless,,-97.0876923,32.8904495,48,4830644,Grapevine
church_overture:f91bd236-d762-4e79-b148-457ba590da06,First Baptist Church,,-94.05887966,31.96862634,48,4837684,Joaquin
church_overture:f91f7d56-ad17-445a-8865-90b4c72cf2c4,First Baptist Church,,-80.08713416,41.169828269999996,42,4231656,Grove City
church_overture:f9219a72-515c-4f01-9b64-5cdd0ff6a1dc,First Baptist Church,,-96.75240017,34.95632119,40,4040200,Konawa
church_overture:f9275afd-59aa-48a4-a7c7-17d84e65a7d0,First Baptist Church Midland,,-84.215951,43.634455,26,2653780,Midland
church_overture:f92ca520-ee0e-4cab-ab6f-1384c31f8a06,First Baptist Church,,-95.10834,32.15277,48,4873724,Troup
church_overture:f931e8fc-b6bc-47a0-b847-bf6473e3d8fe,First Baptist Church Westwood,,-71.22136111,42.2214541,25,NA,NA
church_overture:f93631a7-f5f6-4f8a-bd43-6d91a1e56813,First Baptist Church Of Laura,,-84.4275961,40.0122057,39,NA,NA
church_overture:f93a4bf4-4422-493e-9b3b-9875d7091861,First Baptist Church,,-93.56336294,34.32493176,05,0527310,Glenwood
church_overture:f94a6036-2872-4408-b9d0-50616edf8bba,First Baptist Church,,-122.58261468,38.57837763,06,0609892,Calistoga
church_overture:f94f39f1-ace4-4a6e-ae0c-2ee13c92cd74,First Baptist Church,,-85.47143269,39.61356884,18,NA,NA
church_overture:f95289ce-dcb6-48c5-9257-1b40baa69d45,First Baptist Church,,-99.90219212578194,38.08400850628573,20,2035450,Jetmore
church_overture:f9579fd5-0a62-425a-92d7-1ba2d4be7c22,Wells First Baptist Church,,-94.948524,31.4964990208,48,4877176,Wells
church_overture:f958a2af-07ff-450b-8c0c-87f3ae1fe792,First Baptist Church of Riverview,,-82.32584258,27.86606737,12,1260950,Riverview
church_overture:f9591f64-c2e9-4335-8711-02fe63bdd057,First Baptist Church of Coulterville,,-89.60262496,38.18527048,17,1716613,Coulterville
church_overture:f95d8b38-b086-4cc9-a476-c588cf079d52,First Baptist Church Alhambra,,-118.135192,34.089951,06,0600884,Alhambra
church_overture:f95d988f-279b-4532-a1c0-31fe8acfdb38,First Baptist Church,,-99.73410958,33.15999353,48,4832696,Haskell
church_overture:f9619b60-e6be-41d4-a307-6c2b318953df,First Baptist Church of Rutland,,-82.207607,28.853171,12,NA,NA
church_overture:f96b14c0-3f90-4ada-b0cf-da098e84fe9c,Enon First Baptist Church,,-84.59361225,33.6563134,13,1372122,South Fulton
church_overture:f96b5c00-fa05-414e-8a08-9712c4d32b53,First Baptist Church of Eugene,,-123.06316077,44.10419815,41,4123850,Eugene
church_overture:f96d92b1-127e-4395-a6b8-0162cf4b3ab8,First Baptist Church,,-95.16397035417441,30.22991969870189,48,4869548,Splendora
church_overture:f96ddddb-3be7-4dd2-bc9b-04df5340c7c9,First Baptist Church of Linden,,-74.24796539,40.64243675,34,3440350,Linden
church_overture:f9738bf0-24d6-4e62-a738-3873bee0ccbd,First Baptist Church,,-92.26783356,34.773799,05,0550450,North Little Rock
church_overture:f97d0766-f671-40ff-90f1-faee2dbfeaab,First Baptist Church,,-93.19800163,43.15155405,19,1950160,Mason City
church_overture:f98e9fe9-4615-4756-ab1f-bbb53e83243b,First Baptist Church of New Washington,,-85.54114139,38.568020880000006,18,1853820,New Washington
church_overture:f9927925-cd65-4e38-a29a-604b31bf6440,Lilburn First Baptist Church,,-84.14137499087994,33.88998392597721,13,1346356,Lilburn
church_overture:f9ab8124-1f45-47d1-a867-ec48922c3eb4,First Baptist Church,,-92.452256,32.307907,22,2214485,Chatham
church_overture:f9b3e630-5dda-421a-8b8a-f462faf322f6,First Baptist Church,,-69.36398133,44.10290686,23,2379515,Waldoboro
church_overture:f9b650ef-a62c-4977-943d-96953849e4d9,First Baptist Church,,-76.09349172,40.104183569999996,42,4253696,New Holland
church_overture:f9c5b962-0789-4076-9288-fa9f4c4fa160,Buena First Baptist Church,,-120.31584829,46.42402877,53,5308640,Buena
church_overture:f9dbf9ba-fe7b-47dd-b308-c3b9931abc54,First Baptist Church of Destin,,-86.491534,30.395096,12,1217325,Destin
church_overture:f9e3f3bb-bf31-441e-9cef-d4fbf6d38941,First Baptist Church,,-91.74668196,34.78535105,05,0511500,Carlisle
church_overture:f9eb2409-db90-417b-8563-669c46bee0bb,First Baptist Church,,-98.08843231,36.39074676,40,4040700,Lahoma
church_overture:f9ed6a95-3c2a-4c43-a52f-424c9c1bc268,First Baptist Church,,-118.00002507,34.14930575,06,0648648,Monrovia
church_overture:f9ed8348-9280-4b02-832a-8fda8b506ce9,First Baptist Church,,-94.9549526,35.9105733,40,4072100,Tahlequah
church_overture:f9f0f884-7df8-4b9f-9d74-e4a3e946b350,First Baptist Church,,-92.600062,42.323462,19,1966315,Reinbeck
church_overture:f9f9dd02-2061-4f81-a02f-197e6134cfde,First Baptist Church of Dacula,,-83.89696438,33.98707041,13,1321184,Dacula
church_overture:f9fad7a2-50c8-4c51-a802-73580771fe6f,First Baptist Church,,-81.58396854,27.90095569,12,1238950,Lake Wales
church_overture:f9fd1b95-97e6-4e8f-9716-6ccb60280b86,First Baptist Church,,-78.1783508,42.99669128,36,3604715,Batavia
church_overture:f9fd9eba-722a-40f8-bbec-ad693ab90f99,First Baptist Church,,-81.79764153,40.56154796,39,3905816,Berlin
church_overture:f9fec23c-e3cf-45a5-8128-97cf98445a25,First Baptist Church,,-78.11070139,35.05160373,37,3707340,Bowdens
church_overture:fa18e72d-bcd4-4b2d-b58d-41c8a488f6df,"Kentwood, First Baptist Church",,-90.51045992048216,30.938455354266303,22,2239545,Kentwood
church_overture:fa1ff83c-6a98-449e-8e7a-64d473185340,First Baptist Church of Wahiawa,,-158.01971364,21.50030007,15,1572650,Wahiawa
church_overture:fa2a0b3a-cfe1-4919-8906-7bd0b38dab0c,First Baptist Church of Knoxville,,-93.36437902,35.38001548,05,0537300,Knoxville
church_overture:fa2a16a5-a63d-475f-be98-d90678e69fea,First Baptist Church,,-97.28744665,32.62993161,48,4824912,Everman
church_overture:fa2aa0a4-f942-45bc-9e66-6f1805ccda5c,First Baptist Church,,-70.26531758,45.65225212,23,NA,NA
church_overture:fa2dc895-1945-4a92-a4ee-667a6b2d7a87,First Baptist Church,,-87.1785517,37.19954343,21,2133022,Greenville
church_overture:fa309424-854c-4cdc-8d86-e3a538886aed,Pleasant Valley First Baptist Church,,-90.59210557,33.34923675,28,2835020,Inverness
church_overture:fa42ca13-6eea-40c9-b839-3d1a57112db5,First Baptist Church of Black Springs,,-119.85670403,39.60966954,32,NA,NA
church_overture:fa436eae-ab11-4a7a-b9e9-04087b229477,First Baptist Church,,-86.76565085,33.57869054,01,0174976,Tarrant
church_overture:fa44da72-fcfa-4046-a5f1-269fc1658f4b,First Baptist Church,,-79.33329561,41.0015545,42,4253248,New Bethlehem
church_overture:fa6ee0e7-ba34-4ca5-94d5-aac1b8219eba,First Baptist Church,,-80.78327232,41.86744628,39,3902638,Ashtabula
church_overture:fa724536-3a4a-483f-8523-2f3b11d939a3,Brooklet First Baptist Church,,-81.67916154889252,32.39864944532075,13,1311000,Brooklet
church_overture:fa7c8af7-f973-4324-9af5-029427f17f30,First Baptist Church,,-97.93655268,35.04900881,40,4013950,Chickasha
church_overture:fa947235-3681-4d46-9972-6dc21717a81b,First Baptist Church,,-89.687307,38.543243,17,NA,NA
church_overture:fa98b45f-5403-4c0d-be0a-e449ac3dbbea,Hackleburg First Baptist Church,,-87.82610476,34.27595378,01,0132560,Hackleburg
church_overture:fa9c11d6-0391-4d18-bfdc-ffd1c8cedf68,First Baptist Church,,-78.43069035,35.44665696,37,3724520,Four Oaks
church_overture:faa87adb-4592-4459-9fdf-528ca42acaeb,First Baptist Church of Atoka,,-89.78939594,35.44195961,47,4702340,Atoka
church_overture:faab1e37-5b6d-48c2-8268-dcc7a19de413,First Baptist Church,,-101.70469323,34.18755329,48,4857980,Plainview
church_overture:fab1fde3-3916-4bc1-8d32-36ac5a508d4d,First Baptist Church-New Hope,,-86.40466914,34.53764648,01,0154168,New Hope
church_overture:fac10009-9e95-483c-af4a-8722bd410383,First Baptist Church,,-95.71423656,46.28305482,27,2703970,Battle Lake
church_overture:fac22135-0291-4c98-8934-6868ab7e87e6,Estacada First Baptist Church,,-122.34358888208794,45.312358715254625,41,NA,NA
church_overture:fac789ca-c5fa-4d3b-bbdb-01c9d661924d,Plumerville First Baptist Church,,-92.64409802,35.15826174,05,0556480,Plumerville
church_overture:faca8911-ce1c-4247-aa8b-10044156d849,First Baptist Church,,-90.17291,43.875524,55,5556900,New Lisbon
church_overture:fae2c00c-fe97-499e-8f29-54f940e10b33,First Baptist Church,,-85.93653015,30.7219066,12,1258175,Ponce de Leon
church_overture:fae32449-e696-4125-a56b-f14ea2e4b963,First Baptist Church,,-85.33717,37.345934,21,2112160,Campbellsville
church_overture:fae6f654-1db6-4f7c-b199-37741a029f50,First Baptist Church,,-122.42396643,37.77214126,06,0667000,San Francisco
church_overture:faf1fc97-cecc-43b7-9187-6c43cab3ab84,First Baptist Church,,-84.54646052,39.15253418,39,3915000,Cincinnati
church_overture:faf70c05-b816-4804-bca7-b2af8081c482,First Baptist Church,,-92.296139,38.092915,29,2934228,Iberia
church_overture:fb015bed-cd37-47df-9270-2ca46425e675,First Baptist Church,,-94.33932581,39.45456664,29,2932752,Holt
church_overture:fb0fb200-3c44-4330-af74-e34a80315379,First Baptist Church,,-97.379271,30.102256,48,NA,NA
church_overture:fb16500b-b911-472c-abb6-7d174dc22f5f,Tioga First Baptist Church,,-92.43181064,31.38789304,22,NA,NA
church_overture:fb17659b-43d6-4d88-9065-c20d3fd397d5,First Baptist Church of Evart,,-85.25967921,43.90388502,26,2626640,Evart
church_overture:fb1f0a6b-6ee4-4c25-9dcc-924c5122649b,First Baptist Church Tyler,,-95.303232,32.352383,48,4874144,Tyler
church_overture:fb2611fd-1d07-47f5-8a35-460dffa37599,First Baptist Church,,-81.49373511,36.40353089,37,3772540,West Jefferson
church_overture:fb2d59cb-d4fe-4eeb-a27b-c698e0951783,First Baptist Church Of Edgewater,,-80.905807,28.992099,12,1219825,Edgewater
church_overture:fb32d54c-5d47-41c3-82cc-290fdc66705b,First Baptist Church,,-92.91768131,41.40253375,19,1962040,Pella
church_overture:fb423c27-e8dc-417c-9e99-1510ed0027eb,First Baptist Church,,-96.53130434,30.34540678,48,4868720,Somerville
church_overture:fb42d393-fd05-4fcc-a50d-0d044f508dbc,First Baptist Church of Ava,,-89.49685535,37.88644131,17,1703103,Ava
church_overture:fb4594c7-cc45-4a83-a2fe-e11564d23ba6,First Baptist Church,,-99.28345793163207,34.65550580078083,40,4001700,Altus
church_overture:fb4e7b2d-7d1e-43b9-a192-399cdd29de8b,First Baptist Church of Jackson,,-84.40859691,42.24618764,26,2641420,Jackson
church_overture:fb53ed76-ca4c-40ca-826f-4359401349df,First Baptist Church of Troy,,-84.20524659,40.03919195,39,3977588,Troy
church_overture:fb7395c5-7f30-4959-9e04-a5bdda8a6beb,Rose Bud First Baptist Church,,-92.077813,35.332107,05,0560770,Rose Bud
church_overture:fb888c89-1db5-4ab3-86d9-a6814917b22e,First Baptist Church,,-89.29112033,31.97777309,28,2804060,Bay Springs
church_overture:fba1fa38-8e1e-4a93-8949-d2a7a617db5e,First Baptist Church,,-87.89308375,31.51269994,01,0138152,Jackson
church_overture:fbaa2e72-a229-4437-8f5f-5559f72e094a,First Baptist Church,,-106.23099095,31.58865234,48,4815544,Clint
church_overture:fbba7701-7df8-4fe9-a21c-52c903a7360a,First Baptist Church,,-81.36388303,33.24570829,45,4504060,Barnwell
church_overture:fbc0504a-feab-4a6e-af1f-0903d8103f66,First Baptist Church,,-80.6628465,32.90128501,45,4574275,Walterboro
church_overture:fbc12b9a-9fca-449a-9ac5-0c42b33547a7,First Baptist Church,,-76.325452,39.72774556,42,4218800,Delta
church_overture:fbc5826a-9eaa-4828-a097-a913290578ec,First Baptist Church,,-74.755236,41.055234,34,3451930,Newton
church_overture:fbc873e2-63d9-47ec-a621-1c5f0e32b2ca,First Baptist Church,,-89.15322055818545,31.75133342122383,28,NA,NA
church_overture:fbdec7b0-1126-465e-9d6f-cd47a39c6cfa,First Baptist Church,,-94.45615579,36.42211201,05,0528360,Gravette
church_overture:fbe482d4-a539-48b6-89ab-a09f2adfa205,First Baptist Church Of Lakeview,,-85.26209981,34.97828751,13,1344900,Lakeview
church_overture:fbe58ed6-f142-4b2e-9992-2e63c526cd6b,First Baptist Church,,-123.40805853,47.00394526,53,5321450,Elma
church_overture:fbf11b28-6d86-4aa8-8dbb-5987c17332f2,First Baptist Church,,-76.88387337,40.96320333,42,4242976,Lewisburg
church_overture:fc16e665-0ed9-41e8-b231-22905f7634df,First Baptist Church,,-86.6332692,36.22700553,47,4752006,Nashville-Davidson metropolitan government (balance)
church_overture:fc18cb0f-216b-4ec5-b3bc-b0e29c4fef2a,First Baptist Church,,-120.78517695,45.35952561,41,4130650,Grass Valley
church_overture:fc18ccab-0c0d-478a-9ff6-9ee4d0952546,First Baptist Church,,-122.64978835,47.51371621,53,5355785,Port Orchard
church_overture:fc2c5847-4ebb-4092-b66a-5b7271aca1ba,First Baptist Church,,-79.03136988,36.83605858,51,NA,NA
church_overture:fc31fbc7-a892-4742-909e-abb347e3ad70,First Baptist Church,,-96.00839728,35.95400576,40,4029600,Glenpool
church_overture:fc346d71-6bfd-4173-bdd4-3223b75b954c,First Baptist Church,,-94.16673904,44.0472378,27,2723084,Garden City
church_overture:fc3facb3-969b-4b77-a816-91a62924d46c,First Baptist Church,,-78.2244632056791,36.982926150054766,51,5181024,Victoria
church_overture:fc42057a-9796-485b-9386-059c8a6eb442,First Baptist Church Of West Allis,,-88.009294,43.013287,55,5585300,West Allis
church_overture:fc457a50-b06d-4e56-9850-752b5309b5eb,Hotchkiss First Baptist Church,,-107.72288434,38.79981015,08,0837545,Hotchkiss
church_overture:fc56b6eb-bc3a-4c01-904e-aec079a6a2f1,First Baptist Church,,-83.3855122,37.5529655,21,2139952,Jackson
church_overture:fc5d5928-6ad6-402a-80fd-a40882c66908,Westbrook First Baptist Church,,-101.01236363,32.35743994,48,4877380,Westbrook
church_overture:fc67de3c-c1b4-41a5-84fa-6ecdcff45d79,New Hope First Baptist Church,,-97.83650768,30.53206669,48,4813552,Cedar Park
church_overture:fc6eb6dd-02d6-4f4b-aabd-8626f60b4d3b,First Baptist Church,,-96.70163116,40.8095234,31,3128000,Lincoln
church_overture:fc6f9178-2acb-4da6-be8e-7216c3e11f8d,First Baptist Church,,-94.70505045,39.08491621,20,2036000,Kansas City
church_overture:fc74401e-a9d7-47d4-bd19-da40d9d54db0,First Baptist Church,,-117.33030502,34.17110227,06,0665000,San Bernardino
church_overture:fc74dd2d-d6b9-4ca3-8c15-ea8887fe31fd,First Baptist Church,,-94.82640686,30.99742671,48,4817036,Corrigan
church_overture:fc84fe18-6bbd-4a34-a2b9-35cecf00ff7c,Goshen First Baptist Church,,-86.12864401,31.72167447,01,0130880,Goshen
church_overture:fc9ddba1-ef8a-46ce-b864-a33c0c596bb1,First Baptist Church,,-84.51583983,32.31898158,13,1311728,Buena Vista
church_overture:fca65256-6047-4184-8dae-31b9d28c08cb,First Baptist Church,,-83.82692761,40.77677266,39,3900198,Ada
church_overture:fcaa637b-fc1a-43db-bb98-1d8b9aa8c77a,First Baptist Church,,-90.25763022,39.72990829,17,1738115,Jacksonville
church_overture:fcaf865d-78bb-465a-9f70-5093b1e44cd3,First Baptist Church,,-82.7299479,38.53905458,21,2163858,Raceland
church_overture:fcc94449-55b9-49f0-952d-85d87f341652,Arkwright First Baptist Church,,-81.9342822,34.92476902,45,4502530,Arkwright
church_overture:fcd31cdf-3301-4146-a411-bc540ed2ada4,First Baptist Church,,-85.95795553,33.99148265,01,0128696,Gadsden
church_overture:fcd7def8-f8c3-4b8c-85d3-b508da16f293,Rose Hill First Baptist Church,,-97.1350084,37.57579291,20,2061250,Rose Hill
church_overture:fce1ca05-1239-4abc-aee9-a70c90eb1539,First Baptist Church Of Pearland,,-95.28881,29.564,48,4856348,Pearland
church_overture:fce514d5-1717-4d80-b488-5d08fb67cc78,First Baptist Church,,-90.49112925,30.07383547,22,2242030,Laplace
church_overture:fcedf366-ceb5-4c81-ad72-e9a3b34cef31,First Baptist Church of Umatilla,,-81.66461048,28.93370596,12,1273025,Umatilla
church_overture:fcf3032b-588b-4407-b6d4-8eb9026097f7,First Baptist Church of Hamilton,,-84.57790083,39.3796765,39,3933012,Hamilton
church_overture:fcf43bd2-4ac1-4bec-84c3-13712a75caf3,First Baptist Church of Lake Waccamaw,,-78.51778613,34.32248249,37,3736640,Lake Waccamaw
church_overture:fcff79b3-1ef7-4d47-b3b1-c52dd2d249e0,First Baptist Church,,-86.48066969,31.30105898,01,0101708,Andalusia
church_overture:fd10f0bd-e2de-47cb-99bc-0ad1ec86c58f,First Baptist Church,,-79.64375926,41.91786003,42,4216296,Corry
church_overture:fd1261e2-3b19-4dfa-8336-685de010d8c8,First Baptist Church,,-103.3065147,47.77301656,38,NA,NA
church_overture:fd187c58-7286-46ac-bf03-723ce6b7644f,First Baptist Church,,-97.1099988,44.00525338,46,4640220,Madison
church_overture:fd1be24c-7ec6-4cd2-9342-5499e9063d3c,First Baptist Church,,-135.34184314,57.05595337,02,0270540,Sitka
church_overture:fd1e03e1-f703-4c87-a7ca-df978aefd44e,First Baptist Church,,-80.51440218,41.23236748,42,4269720,Sharon
church_overture:fd2e565d-b715-492e-80b7-0246b4fc7b7a,First Baptist Church,,-73.81378955,41.06225376,36,NA,NA
church_overture:fd324505-0ca3-4669-8bfb-00907fda0738,Granby First Baptist Church,,-94.25506649,36.91805056,29,2928108,Granby
church_overture:fd32d964-0a7a-4be6-9758-3874cffce5bc,First Baptist Church Van Vleck,,-95.88529636,29.02090769,48,4875068,Van Vleck
church_overture:fd3c1556-aa85-4a12-a68b-c2fbd7775a9f,First Baptist Church Virgilina,,-78.76855436,36.55178212,51,NA,NA
church_overture:fd421ad0-b72f-4be3-a521-9ebdb4342ea9,First Baptist Church of Calhoun,,-89.20703336,31.69868007,28,NA,NA
church_overture:fd49725c-ae81-4297-8d33-41ef8e9d6ae9,First Baptist Church,,-97.71153871,28.88776799,48,4863788,Runge
church_overture:fd5eda83-01a1-4528-8a9f-13b1147dbccd,First Baptist Church of Schertz,,-98.27157474,29.55866968,48,4866128,Schertz
church_overture:fd74c429-e429-46e0-8eed-3d43b13cda08,First Baptist Church,,-82.54249165,40.48114879,39,3928658,Fredericktown
church_overture:fd7dd7a5-e9c6-497c-b249-76d5d005f879,First Baptist Church Of Bancroft,,-84.06450068,42.87956355,26,2605080,Bancroft
church_overture:fd8dd4d9-c62a-4975-8c08-c3bc0a1f6bee,First Baptist Church,,-80.45488461,40.64080768,42,4249184,Midland
church_overture:fda01bb6-13bf-4308-813a-7bd2515c3f27,First Baptist Church,,-88.92096,37.995588,17,1705300,Benton
church_overture:fdb17e4d-9bf3-4e50-8cc4-95c5ce41dd90,First Baptist Church Clover,,-81.22690615,35.10981969,45,4515355,Clover
church_overture:fdb8ad6f-e466-4b4d-8306-bfaadcb75e42,First Baptist Church of Murphy,,-96.61169459,33.02952201,48,4850100,Murphy
church_overture:fdc8e955-0a9a-4cc6-9550-ab3718bbb673,First Baptist Church,,-91.36507824,35.28426504,05,0502740,Augusta
church_overture:fdd4d282-4c30-4cb2-8860-8d16f6446e63,First Baptist Church,,-97.65883938,38.37027286,20,2043950,McPherson
church_overture:fdd52263-bb7b-4512-869b-8ce4a628d09a,First Baptist Church of McCrory,,-91.201274,35.254083,05,0542500,McCrory
church_overture:fdddbc75-d67b-4e8c-ba02-4bf2cc1f223c,Gleason First Baptist Church,,-88.61030019,36.21242494,47,4729300,Gleason
church_overture:fde915a4-ba59-47ee-98e4-ab847ced4b62,First Baptist Church Pawnee,,-98.00095527,28.65237038,48,4856252,Pawnee
church_overture:fdf39054-913f-4789-992f-5b803813aebb,Russellville First Baptist Church,,-87.72985677,34.50649087,01,0167056,Russellville
church_overture:fdf3faa4-9b30-4e69-a2f0-4a05285fc889,First Baptist Church,,-94.39693211,35.40337437,05,0524550,Fort Smith
church_overture:fdf5851d-5088-4080-9938-949ca15d95c7,First Baptist Church Of South Bend,,-86.217079,41.68797,18,1871000,South Bend
church_overture:fe02ae76-aecb-4665-9662-a7b03ab3c39f,First Baptist Church,,-93.48061644,37.12165047,29,2961238,Republic
church_overture:fe076c6b-2997-43f3-9618-74f9657ed7ff,First Baptist Church of Silver Lake,,-95.85478508,39.10821461,20,NA,NA
church_overture:fe1152b7-1b80-49cd-9854-ad4ad04445b7,First Baptist Church,,-81.46334,40.48156,39,3955216,New Philadelphia
church_overture:fe14efb3-67c8-4b9e-8120-960c3ff51dd5,First Baptist Church of Cedar Grove,,-93.75252099,32.44285313,22,2270000,Shreveport
church_overture:fe246dbd-c1e9-462d-8ce2-136e22618c9e,Farmersville First Baptist Church,,-84.42461929,39.68443479,39,NA,NA
church_overture:fe248486-d541-4538-8ed9-3560ef15a526,First Baptist Church,,-84.32555667145424,39.350121005350026,39,3948188,Mason
church_overture:fe363ff9-cf8f-4c76-baa0-d8448e0a9c28,First Baptist Church,,-74.23360555,40.41054399,34,3444520,Matawan
church_overture:fe5d8f2f-a562-4d2b-84c4-b872eb648b15,Arcata First Baptist Church,,-124.07586786,40.8737947,06,0602476,Arcata
church_overture:fe645fc8-224d-4ccb-8e4e-d42e23941206,First Baptist Church Mt Juliet,,-86.50988113,36.18152338,47,4750780,Mount Juliet
church_overture:fe6c359f-c694-4ac8-a9ba-9a593148a5b2,First Baptist Church,,-98.128366,29.696237,48,4850820,New Braunfels
church_overture:fe6f8e0b-e3c8-4e3a-bc55-4ba04a999a12,First Baptist Church,,-88.39746686,34.23946544,28,2826300,Fulton
church_overture:fe71dbbc-8304-420a-b11a-2de1b061d01e,First Baptist Church,,-81.4524024,39.416949,39,3947628,Marietta
church_overture:fe84c884-4eff-496f-9af1-1d07107d85d0,First Baptist Church of Flushing,,-73.82449174,40.7575576,36,3651000,New York
church_overture:fe880432-261d-4e63-8796-82222116f0d9,Fayette First Baptist Church,,-87.83052207,33.68958852,01,0125840,Fayette
church_overture:fe94dce7-4f80-4963-8648-d931a5b8e540,First Baptist Church of Pendleton,,-82.78189244,34.64669678,45,4555645,Pendleton
church_overture:fe957915-18f8-49fe-b6d4-5cc4e32b037b,First Baptist Church,,-75.32730843,39.64890964,34,3482720,Woodstown
church_overture:fedbf485-1032-4c02-b181-4d4a0a0517fa,First Baptist Church of Pikeville,,-85.19492847,35.6062583,47,4758120,Pikeville
church_overture:feea281d-e486-49bd-b512-d4f3f44c437d,First Baptist Church,,-84.68516881,35.87117591,47,4764440,Rockwood
church_overture:fef79112-9545-4aff-89d9-fc162af9b9aa,Auberry First Baptist Church,,-119.4685,37.08938,06,0603190,Auberry
church_overture:ff0e366e-0a63-4fb4-9ce7-88797069c4fd,First Baptist Church,,-82.98397122,39.33176807,39,3914184,Chillicothe
church_overture:ff17023e-b08f-45ac-9b7d-2f88729bff8d,First Baptist Church,,-74.91864872,42.27752657,36,3620126,Delhi
church_overture:ff2ba229-c750-45e6-8f3b-99b2e7cf80a1,First Baptist Church of Astoria,,-123.83588699,46.18882604,41,4103150,Astoria
church_overture:ff2ca581-e43f-41f3-b767-8861f5be0fd9,first baptist church,,-81.45292863,28.48108953,12,1253000,Orlando
church_overture:ff4858d8-547e-4892-8ce4-e8357468b0c2,First Baptist Church,,-83.28145584,30.83193369,13,1378800,Valdosta
church_overture:ff4b4b60-0091-42d0-91e4-8d0533572b39,Donnellson First Baptist Church,,-89.47480025,39.03171879,17,1720318,Donnellson
church_overture:ff7fa2fb-388e-4d22-a7a7-3782ff25a1e0,First Baptist Church of Conestee,,-82.35193076,34.76516097,45,4516180,Conestee
church_overture:ff82ad01-61be-4c5e-83af-8021fc1e063d,First Baptist Church,,-91.10430765,38.27347242,29,2970342,Stanton
church_overture:ff8621e7-8051-4c40-bf8e-c9e0cbaebee9,First Baptist Church,,-90.45757776,39.6278793,17,1782270,Winchester
church_overture:ff8d2219-d38f-43d6-9cd2-22cf8058154d,First Baptist Church,,-89.91231548,38.42576546,17,1727806,Freeburg
church_overture:ff8f04f5-2205-4ee5-b796-bd90ef246082,First Baptist Church of Houma,,-90.734418,29.598463,22,2236255,Houma
church_overture:ff972e2b-e7fb-4058-80af-b8dd251f3978,First Baptist Church Boyd,,-97.55870233,33.08152152,48,4809748,Boyd
church_overture:ffa5de98-4b03-443f-8320-3e324f2b68d6,First Baptist Church,,-91.54289466,36.26216129,05,0513450,Cherokee Village
church_overture:ffaab389-0ed1-480c-a105-6ccd5225975c,First Baptist Church,,-90.50339765714301,30.63679254245933,22,2237025,Independence
church_overture:ffae97ba-09c9-4e0c-9d0d-c2adb59f0c84,First Baptist Church,,-76.63102149,42.4390843,36,NA,NA
church_overture:ffb2a224-90bc-482d-961b-9d3cc317aacc,First Baptist Church,,-79.459136,34.773417,37,3737220,Laurinburg
church_overture:ffc5c006-5d12-4565-aeed-cf5f0ac4ca75,Ellettsville First Baptist Church,,-86.6250576,39.23334003,18,1820800,Ellettsville
church_overture:ffc6db94-ed6b-465b-900a-55549fce4f34,First Baptist Church of Easton,,-75.26367244,40.68875391,42,4257680,Palmer Heights
church_overture:ffcc050e-7eb4-40cf-ad4f-4ff3634da2b0,First Baptist Church of Laurel,,-75.56922518,38.53721505,10,NA,NA
church_overture:ffcc7912-1bce-44fa-a1f2-5533f77281c0,Rector First Baptist Church,,-90.29162762,36.26500224,05,0558490,Rector
church_overture:ffd1399b-583b-4a68-a1f0-fc88296a7bae,First Baptist Church,,-78.904365,36.696468,51,5173712,South Boston
church_overture:ffd3525a-1b29-4760-92fe-454d36750e8b,First Baptist Church,,-90.15941605,36.13606452,29,2966638,Senath
church_overture:ffe43112-b022-49f1-8310-6c6da5328ef3,First Baptist Church,,-84.283621,42.678622,26,2687420,Williamston
church_overture:ffe6fa26-dffb-46e4-b6cf-7d75d7c9f62d,First Baptist Church,,-95.03765732,40.73066123,19,1913575,Clarinda
church_overture:fff08ac2-4b49-4486-813d-ce4e091fc591,First Baptist Church Riverdale,,-84.4175445,33.56895446,13,1365464,Riverdale
church_overture:fffcf5b1-77b3-4b79-9330-f2122fc09869,Louisville First Baptist Church,,-84.057411,35.810284,47,4743820,Louisville
