place_geoid,place_name,denom_norm,n_first,entity_ids,names
3651000,New York,baptist,30,church_overture:027e287b-96ca-46a3-8793-91d2e2e40b6e|church_overture:02a37dbb-2061-4caf-a440-322130a209d6|church_overture:039d4cc0-6f12-4552-a182-af10178c8522|church_overture:05531c35-3493-4e71-a7b5-f25786756bf2|church_overture:07a1c72d-aa58-4a37-ba8b-c77a972fbfff|church_overture:0d2cef69-2476-473b-9c51-fc047dece1de|church_overture:13645252-7b6f-479d-b302-02c3cc1e0e2c|church_overture:13cea995-ebaa-446d-bbb8-6d9f605519ac|church_overture:1a19b024-d063-407c-8be6-e0a824894df3|church_overture:22fa9481-2b9d-4bd1-a7dc-3b2a849a54a4|church_overture:29b36dfb-049b-4c8c-95ef-d123f6252868|church_overture:2b288f6d-2a21-451b-afcc-d905e42b699c|church_overture:31a6764b-b386-470b-a991-1c9d821c14da|church_overture:3da5307d-3b88-4b52-92c5-42dd91a90546|church_overture:4087e6a6-cd96-4a2b-bfc1-8748ee6ecb1a|church_overture:54941912-cc57-4b6c-a412-c11aa8edb589|church_overture:55ece036-a9b5-43cf-bb1e-cecee03bd325|church_overture:62d5f09a-61e8-4221-828e-6839a782965e|church_overture:6be0d1a7-1bf4-41ac-bd67-689772df7e65|church_overture:7afdaf9d-12e0-4845-bb62-c83d1445df74|church_overture:8029ceeb-2927-483a-8f27-3ca0cf0021fd|church_overture:96296316-e18e-4707-8250-b2048768e784|church_overture:a97ea4fc-ca8d-44e2-8586-1d05abc7681c|church_overture:b17d4477-0c58-49ec-880c-918f1b11b06b|church_overture:ce70656e-a6e1-46df-8525-0515ee1e4deb|church_overture:e2456a4c-4462-4fa9-b6d2-e5952fa91606|church_overture:e87e2412-92bf-4430-a5aa-fc349673ce75|church_overture:ee79a270-8db7-411b-ae06-da55c1a84dd8|church_overture:f18d3015-6a41-402b-9879-38585ce8106c|church_overture:fe84c884-4eff-496f-9af1-1d07107d85d0,First Bangla Baptist Church NY | First Baptist Church | First Baptist Church of Crown Heights | First Baptist Church of Flushing | First Baptist Orlando | First Bethlehem Baptist | First Calvary Baptist Church | First Calvary Baptist Church of Harlem | First Central Baptist Church | First Chinese Baptist Church | First Corinthian Baptist Church | First Ebenezer Baptist Church | First Eternal Baptist Church | First Faith Baptist Church | First Freedom Baptist Church | First Grace Baptist Church | First Haitian Baptist Church of Canarsie | First Haitian Baptist Church of Manhattan | First Indonesian Baptist Church | First Jerusalem Baptist Church | First Mary Magdalene Temple | First Polish Baptist Church | First Romanian Baptist Church | First Sharon Baptist Church | First Union Baptist Church
0107000,Birmingham,baptist,27,church_overture:114f0eb2-5366-4cf4-b51a-40a96996876e|church_overture:214bc7fb-a0d3-4052-b085-c9e78ad12c69|church_overture:245925ae-e171-4a04-b022-3281809ebea5|church_overture:24a1b042-a250-47c6-b529-7cca0aea652c|church_overture:27af8f6c-0f4e-49f2-8209-51e0546df9ef|church_overture:27f6b437-8ac3-4244-b56f-73f6d7834931|church_overture:31d978bc-3971-473a-a645-8ddbeeac0a64|church_overture:458b61ff-0653-45f0-8ef6-8ef8108e44a8|church_overture:544607d0-de52-44a8-9449-7442abbed69a|church_overture:682ef563-7c0f-4725-a41c-583b10253389|church_overture:6bbf605b-12ac-4867-8830-7ea2bf5a1794|church_overture:6f3eac84-c15a-49bc-8e00-6518a95022ae|church_overture:a65c9672-675b-410b-adb1-298bc980c4e9|church_overture:aa72da8e-c951-47c0-920f-14322b3ea31f|church_overture:b103d55e-22a8-45be-a3bb-ce31686d56b3|church_overture:b4568a2e-4a74-40bd-90dc-a209d53d808d|church_overture:b4debd19-69da-4c7d-a2a8-252d88e7a06d|church_overture:bfeb6dc3-634b-42fa-8d91-c5d09313edaf|church_overture:c1590869-dbd0-4082-afb7-7038a9a12908|church_overture:c9db85e2-99da-4030-b48b-f7a1d6a122ac|church_overture:dc78998e-f1f4-4719-b3cb-231b1a6acb45|church_overture:e17a0d47-fd98-43bd-bb50-2fd8d55166c4|church_overture:f1670817-c4d5-41e7-94a3-0de00fb8fc3f|church_overture:f388d44c-2f8c-44da-a719-cf56ad359d9f|church_overture:fa185d15-1340-4980-9a1b-9dfff352f7eb|church_overture:fce30c5b-2226-41ff-b702-d04401f27e01|church_overture:fe6460e5-61f8-4b16-9e10-9cadf1486c67,First Baptist Church | First Baptist Church East Lake | First Baptist Church Hooper City | First Baptist Church Penfield Park | First Baptist Church Powderly | First Baptist Church Rising | First Baptist Church Taylor Hill | First Baptist Church West End | First Baptist Church West Princeton | First Baptist Church of Acipco | First Baptist Church of Ensley | First Baptist Church of Graymont | First Baptist Church of Kingston | First Baptist Church of Mason City | First Baptist Church of Zion City | First Baptist Of Woodlawn | First Baptist of East Mulga | First Ebenezer Baptist Church | First Memorial Baptist Church | First Missionary Baptist Church | First Missionary Baptist Church of East Thomas | First United Missionary Baptist Church | Gardendale First Baptist Church
0644000,Los Angeles,baptist,24,church_overture:0bb8bb0b-8114-4606-9fc0-21c039ff578f|church_overture:229fcda8-de50-4bd1-811c-13a03b7c24d5|church_overture:2f08634b-841c-4035-a810-bd318f96c857|church_overture:4cfa6089-0038-402e-b019-38dc10685467|church_overture:5e6f23f4-a269-4bc4-8b7e-333d552c0419|church_overture:5f4552e5-3b45-42ab-b561-2b46dfe9e47a|church_overture:7a48cfae-2492-414b-9492-ab8c8bcdf33a|church_overture:7f5f4fa4-ad7f-490a-a735-ba7162296866|church_overture:871e62cf-fe06-4227-8798-9fdec2946c23|church_overture:8c680d23-6d31-4792-be82-8282b6454369|church_overture:9f4f1b48-0921-4ec1-ba9a-a5a718fbf59b|church_overture:a43e6f30-4a77-407c-b061-472675bea835|church_overture:a7a32e2a-1901-4d3a-96c0-091cf9c2f29d|church_overture:aa37339e-1381-4381-aa1e-599f214c5b16|church_overture:ac0e85bd-da5b-4c87-be97-b26e4664a0e7|church_overture:ace27d65-887a-471c-8226-b59c514a11a4|church_overture:ae5b86ba-66de-4a20-b415-798f98236113|church_overture:b172deba-e9c6-428a-9410-dae6d70613ea|church_overture:cdb857ae-f970-4431-afab-5ac46a71c442|church_overture:d03b6f3f-e603-41b3-8303-725ebddcc01a|church_overture:d733c2cd-2162-4981-ad8d-c0d5c853fe8b|church_overture:d999909c-efbf-4294-b60b-b692b00e8450|church_overture:e0c1555e-c9f7-4b71-9a34-521daef81cf7|church_overture:e242b0b7-0a47-4b7a-bc60-b5af94f03073,First Abraham Baptist Church | First Antioch Baptist Church | First Baptist Church | First Baptist Church Granada Hills | First Baptist Church Of Canoga Park | First Baptist Church of Los Angeles | First Baptist Church of Venice | First Baptist Church of Woodland Hills | First Chinese Baptist Church | First Community Baptist Church | First Evangelical Missionary | First Holy Mount Zion | First Missionary Baptist Church | First Southern Baptist Church | First Southern Baptist Church of Hollywood | First Unity Missionary Baptist Church | First Zion Travelers Missionary Baptist Church | San Fernando First Baptist Church | South Bay First Missionary Baptist Church
1714000,Chicago,baptist,23,church_overture:08db7d00-43f7-4e84-9498-a8e4d5ff7562|church_overture:0a3b79f2-8583-4e0c-8e00-17c80ee361fb|church_overture:14887dcc-3254-46c8-adb2-2d7e844d908a|church_overture:1eb85bd2-a48f-4c5b-b2fc-825083ee8f9f|church_overture:2d5b298c-052b-4001-a6bf-264dbffdc6f2|church_overture:2f082921-5a58-4d6e-8603-456d9996ee6c|church_overture:30f6ef8f-6f28-4ad4-aef9-666188d51661|church_overture:39c32226-9c48-4954-8a05-316efbad5bcc|church_overture:59479955-6fc5-4030-b3aa-d884c67defe9|church_overture:5c826678-699a-4296-873a-a2edcd19690a|church_overture:82f6f7ff-a029-4200-bf27-dd142d3f82db|church_overture:8853eb30-a943-4778-b8bf-1533fafcdcda|church_overture:90a21db7-e0a2-4a7a-aa2d-cb53322f2248|church_overture:966949b9-d5cf-4cfc-89af-02b530fed3a9|church_overture:9837a537-b0a5-464f-ba9b-f6c9d017fc27|church_overture:9f1bf9fa-3194-4421-a82d-74d4ecdc102e|church_overture:add565d8-52dc-4740-b5f0-d110f83e870f|church_overture:bab8263b-ef08-40dd-bc28-7f8aacbd6b05|church_overture:c90b653c-52bf-4ba2-b3bc-6e5ef4522b5f|church_overture:df559121-e7a9-41c5-9bf1-6db6c66b71c8|church_overture:f258e1dc-1c3a-4920-b152-385a66444df6|church_overture:f483c861-66d4-49ff-960d-d00bd914f888|church_overture:fc03dab9-bbd7-47d1-bdf1-8811e9b7965b,First Baptist Church | First Baptist Church - Albany Park Campus | First Baptist Church of Marquette | First Baptist Congregational | First Baptist Institutional Church | First Bethel Missionary Baptist Church | First Christian Missionary Baptist Church | First Community Baptist Church | First Corinthians Missionary Baptist Church | First General Baptist Church | First Grace Missionary Baptist Church | First Greater Bethlehem Baptist Church | First Latin American Baptist Church of Chicago | First New Bethany Missionary Baptist Church | First Paradise Missionary Baptist Church | First Romanian Baptist Church | First Steadfast Baptist Church | First Timothy Missionary Baptist Church | First Unity Missionary Baptist Church | Lilydale First Baptist Church | Mt Zion First Holy Miracle | The First Baptist Church of Chicago | The First Roseland Baptist Church
1369000,Savannah,baptist,22,church_overture:02ce930d-68c2-4561-98fa-f69994dc66e0|church_overture:0d2d414f-aa59-48eb-9c44-7764b3287254|church_overture:0d5e045e-c2f4-424d-8533-13cef11e4877|church_overture:162bda45-bf27-4c52-b1b0-c7509dde1669|church_overture:226def79-6533-4bdc-b060-11c14c408b1c|church_overture:25ced0d7-b541-4aaf-9066-0e0ae2785b21|church_overture:32762c05-d6ff-4034-b629-50590a98c55d|church_overture:45be689e-ca95-437b-a1c3-7644e0f88cbe|church_overture:4838e9f3-0d05-49b3-9151-9b9df475e5a9|church_overture:4b215d6e-0bc8-4b58-9f5a-8b93306a36ec|church_overture:613cb605-3ce0-4ba9-b315-285dc0f09520|church_overture:61dbff43-be99-426f-a37e-c18c2f43efe2|church_overture:67b497c1-313b-48af-b804-72d82f97e5d9|church_overture:6ffa8fd5-d13d-412f-b41c-60023530da88|church_overture:a3344c10-5f5e-4223-8c0d-decb1d37a73f|church_overture:ab65acb0-5411-456e-9df9-e58662c3102e|church_overture:af51ecaf-e1b7-4142-95fd-8bb810bc59ab|church_overture:afe27f56-8b59-4a05-9b4d-1734dfa46f57|church_overture:bd46ce98-cef7-4b25-b461-bd3d46cc3bd1|church_overture:e020bb31-95f8-47d7-8b50-576299fb34cf|church_overture:f43b099f-9904-460b-b384-bb623a9d6ad9|church_overture:f6ba5dac-850a-429b-a750-4119a5291fd2,1st MT Calvary Baptist Church | First African Baptist Church | First African Baptist Church of East Savannah | First Baptist Church of Pooler | First Baptist Church of Savannah | First Corinthian Baptist Church | First Ebenezer Baptist Church | First Evergreen Baptist Church | First Free Will Baptist Church | First Friendship Baptist Church | First Jerusalem Missionary Baptist Church | First Metro MBC | First Metropolitan Baptist Church | First Mount Bethel Missionary Baptist Church | First Mount Pleasant Baptist Church | First Mt Sinai Baptist Church | First Nazareth Missionary Baptist Church | First New Light Baptist Church | First Tabernacle Missionary Baptist Church | First Union Missionary Baptist Church | First Zion Belmont Baptist Church
4835000,Houston,baptist,22,church_overture:096d3592-7b84-4c0c-8d1f-441376bc37e2|church_overture:0c0f0635-ff19-4132-badf-c8989c2923f4|church_overture:0fef0292-9c01-40db-9fdf-5269b6bfa42c|church_overture:1cd32ca9-9645-4f01-8cbe-a75e2ebf5fda|church_overture:22d9cfae-3c21-4ab2-bbd7-c4f9a70ec4c7|church_overture:421c7207-2ef7-4e1f-9f14-0b6cc016549a|church_overture:5a3dee37-e844-49e8-9055-8c6d018e7670|church_overture:690de9d1-a5d1-4787-ac29-eeb8258ceede|church_overture:6a1ea7cb-dd0b-48e1-bcb8-bff05b725fef|church_overture:6e7908e6-1bbe-45cc-aad4-a51526d5a75b|church_overture:70c210a6-607f-4641-a705-36ef8f78ca88|church_overture:76aa4c83-ad03-44b7-9b8b-844beec63154|church_overture:86cc256a-902f-4015-9e9d-ded653f65b4e|church_overture:93986c83-9d44-40ef-94a9-515b9488c6d1|church_overture:9d335271-6831-4c15-bba4-d75c26d363cb|church_overture:a70947b1-301c-46f4-8f3e-8c8928859655|church_overture:b7735174-8d3e-4ca2-b1ca-3db725fbbb39|church_overture:d14002c0-9c10-4195-ac2c-8b48920ec0bb|church_overture:d322decd-48ea-4d14-849e-5e430fd42c4b|church_overture:d3a75151-30e9-4eca-95dc-c77e9f5b1c4b|church_overture:e6f237f7-3e95-4e3d-bcaf-4f20dc806d8e|church_overture:ee78f235-8276-45b9-9c66-0562f29997a4,First Baptist Church | First Baptist Church Alief | First Baptist Church Of Genoa | First Baptist Church of Houston | First Brook Cedron Missionary Baptist Church | First Central Garden Missionary Baptist Church | First Christian Baptist Church | First Christian Fellowship Missionary Baptist Church | First Elizabeth Baptist Church | First Missionary Baptist Church | First Morning Star Baptist Church | First Mount Nebo Baptist Church | First Mount Olive Baptist Church | First Outreach | First Philippine Baptist Church | First Shiloh Baptist Church | First South Main Baptist Church | First Trinity Baptist Church | Kingwood First Baptist Church
2255000,New Orleans,baptist,20,church_overture:0049cc94-527d-4b4b-9ae6-6b7fc638da12|church_overture:01bdea46-4f91-40c3-be2c-0cecb9a00881|church_overture:130e70a2-95d3-4df7-bfac-d7a29219f506|church_overture:3b4c34cf-1c3e-407c-bffd-9be0c14c46ee|church_overture:526bbbaa-ed98-4ba3-809f-36723472d671|church_overture:5316eafd-2d08-4399-8971-1db38e01b6c0|church_overture:566d1614-e035-43f6-9748-7642b2d35059|church_overture:71e519eb-f4b6-4d58-87da-565eb642ed92|church_overture:7a10adfd-edf6-4f9e-a2b0-416caf3b5e42|church_overture:7c0b7294-12ee-47cc-8a0e-2059b182e895|church_overture:86c592da-8712-425f-a62e-3777a26a35ee|church_overture:9bb0c050-230f-46de-89e8-fd74d823c3f2|church_overture:a05df7f8-e483-4afc-9e13-6365a1fa5b7c|church_overture:ab5f867a-b6ae-4415-9c29-f39c654e6d5e|church_overture:b5f504af-89d3-4f36-9222-5dd8f995d022|church_overture:c4c39812-1080-484b-beaa-c67fd6138d76|church_overture:dd1af8a7-2302-490a-b62f-43f4ee1d3442|church_overture:de16b058-3f0e-4978-817d-a2c670b25b56|church_overture:f06e8eba-6df3-4782-b37c-7dcd38ceede6|church_overture:f7d8f705-1446-4492-8af7-8dd4d41f8dc7,First African Baptist Church (1904) | First African Baptist Church 6th District | First Agape Baptist Church | First Baptist Church Of New Orleans Foundation | First Baptist New Orleans | First Corinthian Baptist Church | First Emanuel Baptist Church | First Evangelist Baptist Church | First Free Mission Baptist Church | First Free Mission Baptist Church of Algiers | First Holly Grove Baptist Church | First House of Prayer Baptist | First Mount Calvary Baptist Church | First New St Mark Baptist | First Pilgrim Baptist Church | First Saint James Baptist Church | First Shiloh Missionary Baptist Church | First Spanish American Baptist Church | First Zion Baptist Church
1235000,Jacksonville,baptist,19,church_overture:114d1b15-a0b3-4e3c-97e3-a632f0efa9e3|church_overture:1bd6c73f-ddb4-4e95-aa4b-3dd6d8f29540|church_overture:1cc7bd80-01b1-44f0-9ad0-5e3cf75f9847|church_overture:1db70c8b-0539-49d8-a748-e02a8f382bcf|church_overture:25a7351a-4909-44ea-bed8-5a316b70b06a|church_overture:4c6c695b-7581-4811-a72e-952953d46d37|church_overture:5437ddc6-182c-4811-ac32-21b40fbaad66|church_overture:5a7450fa-8fcd-48ff-8546-cdc71d896aba|church_overture:6ebf4b40-de0f-4790-9688-f6538782a341|church_overture:70ff1444-46d8-4e25-9787-0ae6a478edaf|church_overture:802545a6-4a1a-4682-add5-2c0d44f1f724|church_overture:89c55b3b-30af-4195-b81e-1abefe3e2f2f|church_overture:8c2d6293-a016-4103-9316-a46b4b69c44b|church_overture:9773ab78-c0c8-4fee-acaa-9ff30a92bc97|church_overture:9bcd7fa5-4acb-4734-88c9-489210b86afc|church_overture:b4208a07-e5bc-456c-a1bb-a574d684d7cb|church_overture:b5bb4941-7f8a-424b-af04-fc459af82715|church_overture:bf98d6f7-65ed-4012-91fa-b2f706013925|church_overture:cc985cf0-8bd8-40e1-9c94-0d22e71a5d2d,First Baptist Church | First Baptist Church - College And Career | First Baptist Church of Jacksonville | First Baptist Church of Jacksonville at Nocatee | First Baptist Church of Oceanway | First Baptist Jacksonville | First Baptist Missionary Church of Oakleaf | First Baptist Ortega Campus | First Chronicles Baptist | First Coast Baptist Church | First Coast Missionary Baptist Church | First Conservative Baptist Church | First Filipino Baptist Church | First New Zion Missionary Baptist Church | First Russian Ukrainian Baptist Church Of Jacksonville | First Samuel Baptist Church | First Timothy Baptist Church North | First Titus Missionary Baptist Church
4819000,Dallas,baptist,18,church_overture:0123ed32-b5c2-42d8-ab2d-73d4ec354095|church_overture:2bb19214-84be-432b-82e8-b254bf1dd675|church_overture:482d7eb9-8430-4382-ac0c-f1acbaff6d56|church_overture:56335288-5f41-4976-b057-71f66bd439b2|church_overture:69997d20-5c21-4c22-b01d-a3a926d004a3|church_overture:69cdaf6c-2315-4c13-9c47-2edfbc971332|church_overture:7f8243ba-0c8f-48c4-aaa2-20d3e6d3e516|church_overture:983299a9-eaeb-4369-9dcd-536fbf30407d|church_overture:a8a23def-9406-4327-91b0-4a65426f43e8|church_overture:b2456c3b-4a65-467e-825a-cad0c08ef326|church_overture:c9e23917-c86b-4d7f-9438-18ec3a599bd8|church_overture:cabd4b8c-9911-4bbd-b091-f2068631b2e6|church_overture:cf0a24e9-79c5-4257-b0f8-981865a28931|church_overture:d2ab9075-cf3b-46ca-aa7e-76cb6a9170d0|church_overture:d41e1c50-a0a1-4876-a2eb-24476514c4c8|church_overture:eefbbaa0-cfde-45df-ada8-57f19b469d15|church_overture:f8de16e9-7190-40db-a211-f014f7958578|church_overture:fca6d6ab-2d88-4c0e-b07a-806b46b01084,First Baptist Academy | First Baptist Church | First Baptist Church Meadowview | First Baptist Church of Dallas | First Baptist Church of Urbandale | First Baptist Dallas | First Baptist Dallas Worship Center | First Bible Baptist Church | First Chinese Baptist Church of Dallas | First Fellowship Baptist Church | First Fellowship Community Baptist | First Indian Baptist Church of Dallas | First Laotian Baptist Church of Dallas | First Mexican Baptist Church | First Mt Olive Baptist Church | First Peter Missionary Baptist | First Primitive Baptist Church of Dallas | First Thompson Missionary Baptist Church
2404000,Baltimore,baptist,17,church_overture:0cbdf6ba-1e2f-4492-bf5b-1d7888e84642|church_overture:1328bdae-a141-48fe-8754-c42efd12e578|church_overture:24ce451f-34bd-4284-8e74-c5c9f805c6f6|church_overture:2723c1b5-79e7-42ea-89df-fef827e9e135|church_overture:30f86f2e-8c99-43ee-b165-0a6eaed16718|church_overture:49c44113-4994-4f67-9049-1c3b9db99aa1|church_overture:534b0cbe-f5a4-4306-9a25-9102a699faa4|church_overture:5bd14854-167a-4b83-b7c0-392c330f287d|church_overture:63391ae2-8f85-4317-84d4-b46504e58895|church_overture:73c00aac-9dbb-4cea-a893-06aa37b50a20|church_overture:b2afc57e-1d4a-4a25-b983-bf4d56f94d20|church_overture:b5ed646b-5091-4d64-9a9b-13c08f42184a|church_overture:d9c3a622-025b-4922-808b-010a5543e938|church_overture:e3f97eff-b0c7-4ead-8163-cfe9cf020592|church_overture:e6af46ce-306d-4734-be4a-52a237d6030a|church_overture:eaf93997-f388-480c-9fa3-b516ddc557df|church_overture:fa74fe97-b08c-4263-92b9-d003eb59192d,First Abyssinia Baptist Church | First Baptist Church | First Baptist Church Baltimore | First Baptist Church Brooklyn | First Baptist Church of Cherry Hill | First Baptist Church of Pimlico | First Charity Baptist Church | First Christian Community Baptist Church | First Corinthian Baptist Church | First Emmanuel Baptist Church | First Faith Temple Baptist Church | First John Tabernacle Baptist Church | First Mount Calvary Baptist Church | First Mount Olive Free Will Baptist Church | First Mt Olive Free Will Baptist | Jerusalem First Missionary Baptist Church
3651000,New York,presbyterian,15,church_overture:23e1e16d-16df-482c-bf97-e4bd3df687d2|church_overture:4a619c98-dfae-4001-b8d2-ad2ae69aba03|church_overture:50fb7f07-c13c-4c52-b851-fb4cbe49e87d|church_overture:543be450-c615-47a6-82fa-435863fa7ba8|church_overture:5d1e04d1-36ee-48b1-b497-7e1e38895ec5|church_overture:6e654592-960e-442c-88c6-9a90e2d8986b|church_overture:82db9e3d-a313-433e-bec6-0e3e143c79eb|church_overture:846a52da-6824-4dc6-8859-19b09f16c63b|church_overture:8c221408-ef2f-437a-8cef-3e6370218a3c|church_overture:980ec30d-6ba4-46b4-81ce-87287cdbc87b|church_overture:c0e1c13d-c571-4476-8d9d-789ef2b508c3|church_overture:c417a249-b644-4669-ada6-ac01002bd2b2|church_overture:cab0b829-a7a4-4704-be60-ee735cd6081c|church_overture:cfc8baa6-407c-46f1-96bf-f4882b897070|church_overture:dfeb4aa4-870b-4465-b36e-1e713d351cb3,First Chinese Presbyterian Church | First Presbyterian Church | First Presbyterian Church of Brooklyn | First Presbyterian Church of Flushing | First Presbyterian Church of Forest Hills | First Presbyterian Church of Newtown | First Presbyterian Church of Whitestone | First Presbyterian Church of Williamsbridge | First Spanish Presbyterian Church | First United Presbyterian Church | The First Presbyterian Church at Throggs Neck | The First Presbyterian Church in the City of New York
4752006,Nashville-Davidson metropolitan government (balance),baptist,13,church_overture:1b2672a2-77a1-49ab-b199-2f1c0f0eb0c8|church_overture:2c2ed00b-545b-4a21-8a4b-0b30f8c80221|church_overture:400f3070-afe6-4f5c-8deb-2f9ef08b2e88|church_overture:87502730-2bcd-46a6-9e56-773497e09e89|church_overture:8dca560b-f3d6-47ec-a13f-8eacaf00e43e|church_overture:9b049830-ec24-4179-a7d5-cf6247089d17|church_overture:a2d18a72-be24-486d-9e80-ef9642c22780|church_overture:a915a8e5-1b80-42ea-986f-20a91bd3eca0|church_overture:bef49411-3600-4d36-b9ce-14d5950b2ec8|church_overture:c4a861da-49b7-4ccf-89cb-11f131ab905b|church_overture:f57a4945-3812-4453-93fa-7a0247cc298f|church_overture:faa1d08d-163c-4ee2-b513-4a8e019cc2e2|church_overture:fc16e665-0ed9-41e8-b231-22905f7634df,Antioch First Baptist Church | First Baptist Church | First Baptist Church Hermitage | First Baptist Church Joelton | First Baptist Church Of West Nashville | First Baptist Church Old Hickory | First Baptist Church South Inglewood | First Baptist Church of East Nashville | First General Baptist Church | Madison First Baptist Church | Nashville First Baptist Church | Scottsboro First Baptist Church
4865000,San Antonio,baptist,12,church_overture:08143386-0264-494e-9c5c-ca2c998c833f|church_overture:176ea6c5-2b8e-4d3d-b712-a8abe319291e|church_overture:193d2764-46f4-437f-a7d0-d09f1bf92738|church_overture:2cb31347-4736-4e57-9a26-59e8a8cca4b8|church_overture:346201b2-66c5-44ec-95ef-1c1c3f58b9a2|church_overture:463f203c-71a4-466f-b380-d31f20954c55|church_overture:4f4fc95f-c085-4e66-859d-843e2ae8c2a3|church_overture:72316281-680c-42ec-b5f7-dae8be80a499|church_overture:7da3c090-009a-42d8-8ad3-df259b8e68c7|church_overture:84b1ce6a-f57a-41e7-a962-4d32db6ae3a3|church_overture:981c33fb-bddb-4b9a-87c8-3623c82b25a1|church_overture:9e08fab5-4ba7-4dd0-a126-dcaa78d7b63d,Bethany First Baptist Church | First Baptist Church | First Baptist Church Christine | First Chinese Baptist Church | First Mexican Fundamental Baptist | First Providence Baptist Church | First Timothy Missionary Baptist Church | Grace First Baptist Church | Mount Zion First Baptist Church | Valley Hi First Baptist Church | Wheatley Heights First Baptist Church
2622000,Detroit,baptist,11,church_overture:11679308-e264-47d2-bff6-30eb146bc11b|church_overture:503d4da5-6ccd-4605-859e-c958a0f72428|church_overture:67e04039-d280-4f03-8cf5-a601c1a84ba4|church_overture:7c8cb0b3-8af5-4f8d-8ff9-b13f17999a43|church_overture:8e8eb8ab-e206-45f1-b35a-e8e74ebedd65|church_overture:8fd24084-d5df-4473-8d5a-e046b688681c|church_overture:9b1ffdd2-b4a4-4354-b104-51e241a10ffb|church_overture:d2ddaf50-c479-40fa-9b7d-cc80095a4a21|church_overture:e9311ce7-72a5-4db6-9e68-185d044ca246|church_overture:f131344d-8baa-4ea6-83bc-1c3ed4c1973c|church_overture:f682ea1d-6159-4bec-8f82-bdc22ad0fecb,"Beulah First Baptist Church | First Baptist Church | First Baptist Church (Detroit, Michigan) | First Baptist Institutional Church | First Baptist World Changers | First Fellowship Baptist Church | First Glory Baptist Church | First Latin American Baptist Church | First Progressive Baptist Church | First Union Baptist Church"
3915000,Cincinnati,baptist,11,church_overture:022197fa-ccaa-4dcb-8353-5a3dc4d58afb|church_overture:42e61875-1fe5-4441-a7a7-1f21685a308a|church_overture:507d16fc-eebe-4e6f-add9-c24a94be37da|church_overture:598bc184-7bb4-40ef-80b9-f4cf2071b6da|church_overture:5aca6e0e-0410-4064-afd5-d3e7f1dcc084|church_overture:5f3bfad7-cb53-43a4-b412-86aeee0af3ed|church_overture:749d8aa9-7bb5-4f10-a817-6edf291a74c1|church_overture:840a94f3-13dc-4a6b-be5f-c4074aca0799|church_overture:8deb4ef8-d33b-4224-ba2f-e0bb464b2ab2|church_overture:92cc2b6d-a642-4479-bc2d-9ee48e57297f|church_overture:faf1fc97-cecc-43b7-9187-6c43cab3ab84,First Antioch Baptist Church | First Baptist Church | First Baptist Church Oakley | First Baptist Church of Delhi | First Baptist Church of Hartwell | First Baptist Church of Kennedy Heights | First Baptist Church of Mount Auburn Ministries | First New High Point Baptist Church | First New Saint John Baptist Church | First New Shiloh Baptist Church
4260000,Philadelphia,baptist,11,church_overture:0c2dc39a-0b53-4385-b9cf-a10be0e7cde7|church_overture:3569896f-7ddb-45a0-8704-13710306e864|church_overture:4ecec274-90c4-462d-a17c-356e1e81f408|church_overture:798a7c27-fc81-42b7-8458-fa146a1c8d8c|church_overture:91838acf-d2cc-4185-9e67-3fe61d5dec48|church_overture:9d1ba121-6b08-42e9-a365-a240a27c5571|church_overture:a00c3840-d58e-4909-aa82-3bad22b79599|church_overture:a299f58d-f6c9-4b66-a5c7-348e9aeea021|church_overture:c4c16ccf-17e7-44bf-8135-0159bd3ef9eb|church_overture:eb10900f-10e7-4a7f-9387-b0d6c0dfb0e8|church_overture:ef4cc13c-8715-4f3b-9ad0-ede6eace1a95,First African Baptist Church | First Baptist Church of Paschall | First Baptist Church of Philadelphia | First Corinthian Baptist Church | First Genesis Baptist Church | First Immanuel Baptist Church | First Morning Star Baptist Church | First Resurrection Baptist Church | First Spanish Baptist Church | First Ukrainian Evangelical Baptist Church | First United Baptist Church
4748000,Memphis,baptist,11,church_overture:24345ef3-4972-4323-a3ed-5bcd83bc5642|church_overture:2476ee36-1cad-4ed3-8e8a-9b297b49e44a|church_overture:50198205-317d-4311-8008-844c9d81c018|church_overture:54a47165-96c6-4be3-b440-39b42f9c993d|church_overture:776ce0b8-58b3-476e-8913-548f8a57c084|church_overture:98c24ae9-5a3b-48ef-be6b-0f6d099c8cb3|church_overture:a01fdb48-1596-46cf-a4f6-6c39756a9552|church_overture:a9e34f5f-dade-4b20-a6f7-9a0e982e028d|church_overture:ad6c10a0-8159-49ac-a7ce-fc0b247e5beb|church_overture:b2dc623a-1774-4468-8081-8bfe1d23a449|church_overture:d6a32819-0148-4d9c-9a0c-6fd0ba70a2af,First Baptist Church | First Baptist Church Broad Avenue | First Baptist Church Chelsea | First Baptist Church Lauderdale | First Baptist Church of Memphis | First Baptist Missionary Baptist Church | First Chinese Baptist Church | First Gethsemane Baptist Church | First Pleasant Hill Baptist | Magnolia First Baptist Church
4827000,Fort Worth,baptist,11,church_overture:08d4dbae-d27b-4c86-b01c-90360426fbe7|church_overture:372e4288-3c71-4799-8f55-425e1547875c|church_overture:53db6fb7-90bb-49d6-8623-a5e3c2529270|church_overture:5e4d63e8-d17b-41d7-9e2e-0e910f5f44a0|church_overture:807e1739-0be5-442c-a172-d425419d3683|church_overture:b05d99fd-3598-444a-b38f-57769904b66f|church_overture:b5a7a663-0580-469e-b1ac-8156c643e7fd|church_overture:bcee79bc-21a0-4756-91f5-6ecf6d41d4bc|church_overture:e5e2b999-d74b-4299-a346-f4e229757e69|church_overture:e9c95fb9-3603-4e89-8fbf-1d6e638a810d|church_overture:eff7ed48-cb72-4d9a-b74c-311e655bed14,Como First Missionary Baptist Church | First African Baptist Church | First Baptist Church | First Baptist Hurst - The Trails Campus | First Greater New Hope Baptist Church | First Japanese Baptist Church | First Missionary Baptist Church | First Pilgrim Valley Baptist | First Riverside Missionary Church | First Samaria Baptist Church | Meadowbrook First Baptist Church
1304000,Atlanta,baptist,10,church_overture:1bafe603-3485-4c2f-bd5b-653f76a70cc9|church_overture:26bc8de1-7a0a-4c0c-acdf-3140d95117c8|church_overture:65dd6a41-8083-4561-b054-920182e8726c|church_overture:6b4d0a2e-b158-4ca4-8fde-e818af9b9466|church_overture:705a502e-02e7-4839-ac6a-987224592534|church_overture:7f6c17e8-0f96-4927-9bef-c6abd65b3811|church_overture:bb79ddc5-b07a-4237-a5d1-07a091442201|church_overture:c03e3c11-9757-4cf2-9222-8bb02b58bb0e|church_overture:dbf7de89-8d41-4f06-ab6b-abb58ce85846|church_overture:e8dda4d6-8bdc-4c05-8998-1fd7252e3213,Ben Hill First Baptist Church | First Baptist Church | First Baptist Church Chattahoochee | First Gethsemane Baptist Church | First Grace Baptist Church | First Iconium Baptist Church | First Macedonia Baptist Church | First Mount Pleasant Baptist Church | First Mount Selah Baptist Church | First Thessalonian Missionary Baptist Church
2205000,Baton Rouge,baptist,10,church_overture:289af69d-bf18-4bac-9be9-8d90596148d4|church_overture:4b11b51d-ff07-4bac-a925-84e36773d1c2|church_overture:5427e405-fb0f-4774-bc32-197a26960be4|church_overture:5682d156-dbd6-47ee-b4b6-e93936f43e31|church_overture:88b04ec4-9361-41f6-879b-b271d1d1fd6f|church_overture:9973f003-62ad-4f4a-a824-713e4c415234|church_overture:e16f1649-345e-43fe-bd0f-a8e46a81a1c4|church_overture:e824cf3a-7b52-4234-9533-6c586d6ea053|church_overture:f6f5cb9c-424d-4ab3-846a-0ab223733341|church_overture:fa0406c6-a87b-43f3-8fd4-8bc253465c51,First Alpine Baptist Church | First Baptist Church | First Baptist Church of Richmond Park | First Damascus Baptist Church | First Emanuel Baptist Church Greeter's Ministry/BR | First Emmanuel Missionary Baptist Church | First Love Missionary Baptist Church | First Unity Baptist Church | Mount Zion First Baptist Church | The First Little Rock Missionary Baptist Church
0664000,Sacramento,baptist,9,church_overture:3272d8e1-6a05-4f81-908a-bc5ff1483ea1|church_overture:71adf391-551d-4956-9358-dd8aa03340e0|church_overture:8c3ed8bb-04f4-4eef-99f4-9084eecbbe12|church_overture:93bba71e-2d0e-40a3-b77e-d947c3515381|church_overture:9801b991-f3c5-41e6-afd5-efeff45ccbea|church_overture:bcb657e7-cdb3-4c31-86ab-4c2bf3f931fa|church_overture:f0d455fd-ff65-4142-8fb0-0c648c293cc1|church_overture:f101618f-7a46-4fcf-8c2f-335cb4b230ea|church_overture:f2e365cb-9dab-42b1-9529-8fe691b20697,First Baptist Church | First Baptist Church of Del Paso | First Baptist Sac Youth | First Baptist-Tabernacle Church | First Chinese Baptist Church | First Japanese Baptist Church | First Slavic Evangel Baptist Church | First Slavic Evangelical Baptist | First Thessalonians Baptist Church of Sacramento
1150000,Washington,baptist,9,church_overture:23b589de-b1ee-42bd-8d61-27788c6b7d04|church_overture:28a5b9ac-42a2-4b5d-a856-4d6cd1747ce5|church_overture:4635a720-522d-4b47-ae3f-9a4b2b821cc8|church_overture:5dc510ac-f509-4aa3-a03a-42ea0ca5b10f|church_overture:7cb0f479-0d9f-4c9a-8d73-2d5f8b6f90bc|church_overture:a979d5f7-5f62-420f-a906-d673f43d3796|church_overture:c11e9466-75a1-4f69-8a08-d088d6691e21|church_overture:d8486eb5-03e9-495c-9c33-1487fe13b8cf|church_overture:f7568b2d-d76f-4a34-aa6a-b72b19aadefa,First Baptist Church | First Baptist Church Of Marshall Heights | First Jericho Baptist Church | First Rising Mount Zion Baptist Church | First Rock Baptist Church | The First Baptist Church of Deanwood | The First Baptist Church of the City of Washington
1836003,Indianapolis city (balance),baptist,9,church_overture:00d8a0ce-27b4-49d2-a6bc-36c7fe715e96|church_overture:2e8423c2-0a20-4f82-825b-972458c9fe62|church_overture:42e519dd-e0bb-415c-b7d5-8dd852819f82|church_overture:567916a8-6831-4b14-a6b2-683025a362d4|church_overture:73b46d95-b2aa-4faf-8a00-601f5d9c77dd|church_overture:8d7e94dc-51f4-42e2-8def-35e3c53a9635|church_overture:c95e192d-7828-439b-aff9-789bc01f8752|church_overture:d2dab0db-c297-4734-a91c-f9517d8ddd0a|church_overture:faf34247-1eef-4364-9c11-b737fa394f73,First Baptist Church | First Baptist Church North Indianapolis | First Baptist Church of Indianapolis | First Baptist Tabernacle | First Free Will Baptist Church | First General Baptist Church | First Karen Baptist Church | First Separate Baptist | Irvington First Baptist Church
5157000,Norfolk,baptist,9,church_overture:48cbfa4a-816a-450b-a12f-1d0d6b1bc29d|church_overture:7b767151-34e1-4840-a226-dd1a3bb2d642|church_overture:883e98ca-a578-4ebf-bee7-9db6c3ddf9c6|church_overture:97858db3-e250-4cbc-815a-141d4bc12af9|church_overture:979e1886-8618-4b51-8808-9ced44daf065|church_overture:d2a91197-204f-4f7c-ac3b-360c4832cdbd|church_overture:d63cc7a3-4ddd-425b-a3b2-61b0f1d18fea|church_overture:e39025be-7d13-4500-b1e4-1c1337a4f017|church_overture:fb50c063-f3af-41ba-b14e-12684f96e42e,First Baptist Bolling Brook | First Baptist Church | First Baptist Church Campostella | First Baptist Church Lamberts Point | First Baptist Church Logan Park | First Baptist Church of Norfolk | First Calvary Baptist Church | First View Baptist Church
0455000,Phoenix,baptist,8,church_overture:0c4d36c1-82f7-46e1-932c-244dbfc9d948|church_overture:1ef9539f-d89d-4705-9414-b929dded311a|church_overture:465b05e0-f2ba-4bdc-91bd-7533528e5510|church_overture:728152e5-2ec8-40c5-a57f-bc97e05d3551|church_overture:8442af92-4830-4bfc-bb02-fb91b1e91a37|church_overture:9a7c7a81-41f8-4576-8856-3cd0713f2bfb|church_overture:da13c596-5e97-4fcf-8d4e-c860c4e0cb11|church_overture:f2e58ced-a38a-4c4a-82df-9ff98ea19abc,First Baptist Church | First Baptist Church-Cave Crk | First Chinese Baptist Church | First Indian Baptist Church | First Institutional Baptist Church | First New Life Church. | First Romanian Baptist Church | First Southern Baptist Church of Paradise Valley
0541000,Little Rock,baptist,8,church_overture:00779521-c334-4bbd-9b78-e88e7898080e|church_overture:053dceec-b7ee-4b73-bc32-e40654653191|church_overture:16a56327-f6f7-45d6-bb96-740aac18fd5d|church_overture:47e27de8-3fb6-4530-bfc9-1374a25275f3|church_overture:cafb581b-0e6c-48be-a979-ecc06529e455|church_overture:d8be97f6-57a0-4c9c-815f-03c51f162c0b|church_overture:daad7f06-d292-4d55-b408-fb93019b734a|church_overture:e4b9f7ce-0200-48c3-99d2-9db142ff41cd,First Baptist Church | First Baptist Church Highland Park | First Baptist Church of Pankey | First Baptist Little Rock | First Liberty Hill MBC | First Missionary Baptist Church | Otter creek First Baptist Church
1253000,Orlando,baptist,8,church_overture:34f23fc6-38f2-4418-8c9a-0e6ce7b9dd28|church_overture:39f0058e-90bb-465b-a716-2a0b0cbda0e8|church_overture:3fbfa7d5-8cac-49b2-b258-76ada4fe88b3|church_overture:6e6926c5-5c16-4780-b7a6-b6080dad8543|church_overture:78fc0092-97d8-416b-bc38-db7cfe3803cc|church_overture:f7707b5d-008e-4f64-88e9-4adcbe3d4cff|church_overture:fb8ab698-41c4-40b3-81e0-4d5c47a9ede2|church_overture:ff2ca581-e43f-41f3-b767-8861f5be0fd9,First Baptist Church | First Baptist Church Orlando Florida  | First Baptist Church of Orlando | First Baptist Housing | First Baptist Orlando | First Baptist Orlando Language Ministry Center | First Haitian Baptist Church | first baptist church
1304204,Augusta-Richmond County consolidated government (balance),baptist,8,church_overture:2e65cbfe-1397-4987-abdf-17e0c2b64737|church_overture:408028b4-c6c5-40f7-83d5-b497ab921423|church_overture:4a15dfd9-e16f-4d64-9f77-0c0bacedb78d|church_overture:504db35f-e058-4749-ad84-ea1a217ca406|church_overture:6ee93584-3f8e-4a09-9e6d-6c2987a943db|church_overture:a2f041c3-7be1-4830-8163-88977805c60a|church_overture:b2e15149-fe8a-44a2-a4e9-98754874e4b6|church_overture:d447d9c0-b0b6-42b6-8174-81ee6de75d3c,First Baptist Church | First Baptist Church of Augusta | First Dayspring Baptist Church | First Metropolitan Baptist Church | First Mount Moriah Baptist Church | First New Canaan Baptist Church | First New Hope Baptist Church | First Shiloh Baptist Church
1571550,Urban Honolulu,pentecostal,8,church_overture:413578c8-a743-4357-9892-a3cf3460a2af|church_overture:41bdf89c-dc29-4369-a3d3-16201066f704|church_overture:788cfd09-f26b-4591-8784-8bdce5513444|church_overture:8637f5bb-f54d-483b-bb6f-ca4ca3ee3c78|church_overture:bcccca5c-af9f-4a3f-982b-b744f49b42eb|church_overture:cee996a1-ae86-4ddf-a7fe-fc40fecba2d5|church_overture:d77467e4-e041-4620-b894-11a4321a3f2d|church_overture:d970362a-d257-4bc3-856f-4f90c10b0101,First Assembly Of God | First Assembly of God | First Assembly of God Church | First Assembly of God Metro | First Church Hawaii | First Samoan Full Gospel Pentecostal Church | Hawaii First Samoan Assembly | Wahiawa First Samoan Assembly of God
2036000,Kansas City,baptist,8,church_overture:13bf036e-18a7-46f5-a733-b426cf2b12d0|church_overture:165cf6e0-4422-4a4d-87cd-be185077e7e8|church_overture:1cf06bf4-585b-44b7-af16-5fe24b7d8f38|church_overture:550eaec3-1278-4834-bb80-6ed1578158a9|church_overture:697d4239-12af-4745-88c1-1d0276e0d1a0|church_overture:9bbaeab2-e192-4bad-8212-57762e4ac7e5|church_overture:d675a957-853c-4a90-92fe-285db3f9d67d|church_overture:fc6f9178-2acb-4da6-be8e-7216c3e11f8d,First Baptist Church | First Baptist Church of Bethel | First Baptist Church of KC | First Hmong Baptist Church | First Southern Baptist Church | First Sthern Baptist Church Kans
2148006,Louisville/Jefferson County metro government (balance),baptist,8,church_overture:121db595-21db-48d3-8f82-459bdb2c29c1|church_overture:1a784251-a4ed-433e-bfcb-02e73b47b90a|church_overture:64d73c63-60e1-47e7-b748-a3a243897e93|church_overture:752a6923-a276-4002-aec2-0152910158a4|church_overture:80ab1736-3401-4b6f-8672-e5266147d1e3|church_overture:96c2c88b-91fe-44ab-b529-c286e0352402|church_overture:c0b23c5d-dc9e-4e7a-9d65-d4ffc2d422ec|church_overture:fc284c35-0603-436b-8741-6c2e69256061,First Baptist Church | First Baptist Church Eastwood | First Baptist Church Fairdale | First Baptist Church of Fisherville KY | First Baptist Church of Jeffersontown | First Korean Baptist Church | First Vietnamese Baptist Church | Highland Park First Baptist Church
0105980,Bessemer,baptist,7,church_overture:03d2dcbd-b8c0-4d55-9f6e-0f4ec8990818|church_overture:2bcf164d-5833-467c-8bd3-24037ce923ef|church_overture:32055c8e-7dd7-4b81-94ee-93df91cad7c8|church_overture:4209c904-40dd-4dd4-a062-694d349217e6|church_overture:62117a9f-8490-40c6-9506-c7aaa84065ac|church_overture:8674a7a5-317d-40e3-b185-95f9fdf9e63e|church_overture:b0f21bc5-4a3e-447d-ba87-36f132c5704d,First Baptist Church 9th Street | First Baptist Church Carver | First Baptist Church Old Jonesboro | First Baptist Church of Bessemer | First Baptist East Bessemer | First Missionary Baptist Church | Hopewell First Baptist Church
1271000,Tampa,baptist,7,church_overture:050b6ed2-31b0-4dc2-8159-da92d15e4aba|church_overture:07eec044-9805-4ff9-9dc1-e9cf5c54f26a|church_overture:4ce9e102-1127-4243-999a-5745d82d0558|church_overture:54243d2d-7782-4af9-b2d8-9f5cd6aa0036|church_overture:c00bea75-4aa2-42c0-aaa9-e43f2d6554a2|church_overture:cd5b8f35-3241-467f-8cf9-70fa9e347354|church_overture:d3666af5-9fdb-4978-8742-aa29db9032c4,First Baptist Church | First Baptist Church Of Tampa | First Baptist Church West Tampa | First Baptist Church of College Hill | First Baptist Church of Lincoln Gardens | First MB Church Highland Pines | First Union Missionary Baptist Church
4055000,Oklahoma City,baptist,7,church_overture:17dfffaf-9a53-461d-8aac-4b8f76fdc5d8|church_overture:2a94053c-119e-4a4e-8b57-1bb078b3c97d|church_overture:635a0932-0e9d-48c2-a386-0d7169fb0f0e|church_overture:7352253e-8aa8-4c12-99f1-0443ab016100|church_overture:98b34ccc-5c35-42fa-89b2-7870199dc48b|church_overture:9b0da364-290f-4294-a0f4-5304d711fd1e|church_overture:a7c7a576-c0ed-493a-bb24-1465efe938d2,First Baptist Church | First Baptist Church of Edmond | First Baptist Church of Wheatland | First Free Will Baptist Church | First Hispanic Baptist Church | First Shepherd Baptist Church | First Southern Baptist Church
4260000,Philadelphia,presbyterian,7,church_overture:005498a5-1012-48c8-8c8b-4362b1f6435d|church_overture:0d51aa55-3bee-4a87-afd4-b7b8e02b18b8|church_overture:16f4f878-24a1-48eb-b24b-4770c4225097|church_overture:58738bc4-8ade-41f5-ba4e-a9330f155081|church_overture:762059ec-2b09-4694-a93a-077fc2c911f8|church_overture:dcab4708-22e5-402e-bd04-bdc7597bb923|church_overture:e63dd1be-4cc1-4f17-a5a3-93142ac8e557,First African Presbyterian Church | First African Presbyterian Church of Phila. | First Presbyterian Church | First Presbyterian Church Of Holmesburg
5116000,Chesapeake,baptist,7,church_overture:019e643f-d96b-4d9b-9d42-0ca840f706d9|church_overture:26a51054-f670-48fe-9373-f885092ed820|church_overture:50c496be-220c-4ee4-8208-ca1e10ae71d5|church_overture:5b473d18-8217-4c1a-a801-337fd0e9113f|church_overture:9ff36db2-ef52-4cb5-b7f9-02f50daa13cc|church_overture:ab545c35-687b-4b23-ac5d-cd27a342c67e|church_overture:f4a66779-0030-487a-8d76-32c7599a8eb1,First Baptist Church | First Baptist Church Camelot | First Baptist Church Gilmerton | First Baptist Church South Hill | First Baptist Church West Munden | First Emmanuel Baptist Church
5156000,Newport News,baptist,7,church_overture:1987d163-f332-45c8-a236-872395700656|church_overture:3c077604-a4c3-4243-9883-db7b5603d517|church_overture:4b120668-13f6-4e52-8810-ae457140e2d8|church_overture:5e859d22-f217-4818-ade3-554e8b3d8927|church_overture:a8da7f08-2373-442c-8f37-ab08f669244d|church_overture:d2e253cd-c30b-4f15-8384-389eb301a44c|church_overture:f1b116cd-744e-4b84-9f4b-523507989284,First Baptist Church | First Baptist Church Denbigh | First Baptist Church East End | First Baptist Church Morrison | First Church of Newport News Baptist | First United Baptist Church
0150000,Mobile,baptist,6,church_overture:00a1e597-5264-4fe5-aa92-51fb9ab05453|church_overture:4329dc1a-e399-444e-8692-85426d5b3e28|church_overture:4f0fd0b6-7246-46a9-b43e-3af389030314|church_overture:836bef92-2804-4643-aca5-9b34c4e291fb|church_overture:a390cccd-88e5-4052-949b-849f7b64e265|church_overture:a41eab37-5fc9-4791-b646-f48d9a07c96e,First Baptist Church of Baltimore Street | First Baptist Church of Carvers Home | First Baptist Church of Mobile | First Baptist Church of Theodore | First Hopewell Baptist Church | First Thessalonians Missionary Baptist Church
0151000,Montgomery,baptist,6,church_overture:347f98ea-656d-4660-990c-97c52fb4ad61|church_overture:504e484f-5db2-4e6d-8822-4e3045cf8243|church_overture:6cb956ee-8ee1-4d05-9617-766219aff0e8|church_overture:8d0df1b3-48cf-43f8-8504-d1155ecc2e2b|church_overture:9125d007-1361-4a83-afa0-3f842c4135a7|church_overture:e1970153-e814-497c-8a28-095c00be71f9,First Baptist Church | First Free Will Baptist Church
0203000,Anchorage,baptist,6,church_overture:0aee2d8d-c994-4472-a7f4-e5db49ce600c|church_overture:15c90cf2-6267-4eb0-ba4a-c32e6699bb22|church_overture:6639fdbc-82d9-4317-a31a-0cb8d6e2fc76|church_overture:9bb13e59-48f1-4e5a-bd75-9e5ae46a37fa|church_overture:a05e4018-b750-4d38-987f-a15d2917d952|church_overture:e54d3a28-c2db-418f-af8b-c1cd319527c3,앵커리지 제일한인 침례교회 (First Korean Baptist Church) | First American Baptist Church | First Baptist Church | First Missionary Baptist Church | First Native Baptist Church
0627000,Fresno,baptist,6,church_overture:0fe6bc93-3667-48e9-ab5e-4953bbc55d40|church_overture:4acddb48-20c5-4ef8-b0c2-46cf3d4bcdd3|church_overture:5e14dbc2-fa37-4b29-9b23-483a9a69cdf4|church_overture:6126c6e6-6359-44f4-bcc5-289a8d970eee|church_overture:7ed807f0-644a-4511-9c2c-dda395d34949|church_overture:cbfa4b89-21a7-494c-b1ef-c6ae7e0cbc5d,First Chinese Baptist Church | First Galilee Missionary Baptist Church | First Mexican Baptist Church | First Missionary Baptist Church | First Union Missionary Baptist Church | Fresno First Baptist
0644000,Los Angeles,presbyterian,6,church_overture:26912ba6-d83c-42ed-b54b-5f0e22bb0e83|church_overture:2a39f3a2-94c9-4bdb-993c-33bd02faebbc|church_overture:4c1fead7-4839-4c00-be41-079c7932c280|church_overture:65f21436-b4d3-4101-8441-3b3f4c1beaac|church_overture:a728a6f4-0de7-485b-974b-08fdbe6589f7|church_overture:c70adece-add2-4b9f-8cfa-4a44ee8d8808,First Presbyterian Church | First Presbyterian Church of Granada Hills | First Presbyterian Church of Hollywood | First Presbyterian Church of Los Angeles | First Presbyterian Church of San Pedro
0653000,Oakland,baptist,6,church_overture:0a2403f1-4241-4d28-abe4-1c41f802ff58|church_overture:0aab80f7-8e16-4767-b2f9-f5aa9aa05847|church_overture:4dd8d8b5-0906-4669-b38f-12dc470e3267|church_overture:6649a658-5d9c-417d-9720-79a478a3c35e|church_overture:a7eba62c-accd-442e-bd63-6c526c949685|church_overture:d295ca36-2d20-41e1-be1c-c38781572826,First Baptist Church | First Corinthian Missionary Baptist Church | First Morning Star Missionary Baptist Church | First New Jerusalem Missionary Baptist Church | First Spanish Baptist Church | First Truth Missionary Baptist
2938000,Kansas City,baptist,6,church_overture:4bc23f31-d9d9-42d4-8ffe-c108043090f6|church_overture:62d5d78e-6783-410b-9c7b-f0005e5bd3e1|church_overture:74dff748-d82b-4a61-abb9-180a4ea06d38|church_overture:bfef82db-7a0f-4e38-89b2-505d8ac0aa08|church_overture:cf5613aa-2de2-4600-9d6b-9413109577b7|church_overture:e41f8a75-eb65-40f2-86b4-0b2549078924,First Baptist Church | First Baptist Church of Kansas City | First Baptist Church of Northern Heights | First Haitian Baptist Church | First Regular Baptist Church | Southside First Baptist Church
3451000,Newark,baptist,6,church_overture:17cccc16-ebe2-465f-a27d-668daa77000e|church_overture:6d43679c-86ad-44ea-ab0a-5ec02468c036|church_overture:92e701f1-b163-4325-af44-290195725c08|church_overture:bc650454-dc32-434b-9078-076393bbb08c|church_overture:bec3da85-2f5e-4184-975b-af4a7e0b815c|church_overture:e10dfe66-c104-4cf7-8d7e-0e5bb985ac59,First Baptist Peddie Memorial Church | First Hopewell Baptist Church | First Newborn Free Will Church | First Timothy Baptist Church | First Zion Hill Missionary Baptist Church | First Zion Hope Missionary Baptist Church
3651000,New York,methodist,6,church_overture:2321b759-bd10-4c87-b842-ef393c781ec9|church_overture:8ad9ca21-b46a-4131-be9d-c54b9281d518|church_overture:9116eca4-fb77-43b6-9703-bf6369b55e0a|church_overture:b9e83f2b-cad0-4e48-925e-4bf99cca4fc2|church_overture:eb583151-2e7f-4805-8b3a-ffe95c48eed7|church_overture:f53f11ca-0187-4735-83fc-21522a80883f,First AME Church: Bethel | First Spanish Methodist Church | First United Methodist Church | First United Methodist Church of Jamaica | First Wesleyan Church | First Wesleyan Church Of Brooklyn
3712000,Charlotte,baptist,6,church_overture:3637c708-4118-4d0a-a95a-1ad447024e49|church_overture:68f3e0aa-9b50-4e89-a86e-92af72892f3f|church_overture:85b35d49-cce2-4d56-a005-c541b22d4842|church_overture:b210554e-1541-4d8c-b019-a942ec1c7d79|church_overture:bde7adbf-9f92-4ec5-81ae-eeb354514c25|church_overture:d8635f5c-76b7-4c64-acfc-7542af714906,First Baptist Charlotte | First Baptist Church-West | First Mayfield Memorial Baptist Church | First Mt Calvary Baptist Church | First Red Branch Missionary Baptist Church | First Slavic Baptist Church
3757500,Rocky Mount,baptist,6,church_overture:38168967-b93b-4e08-a7ad-1af02a9632a5|church_overture:677a5be3-5f55-4b26-96fd-a4da36dc1d45|church_overture:9d977c5a-a5bc-44cb-a8c6-f3c30188fe4b|church_overture:bb68a5e3-3e78-4a88-a4d0-fdee7d1e2276|church_overture:d845542f-bc3f-4efc-a499-77734966f2c1|church_overture:e1c81824-62c8-4ffd-a42b-e41553646e55,"First Baptist Church | First Baptist Church of Rocky Mount | First Baptist Church, Rocky Mount, North Carolina | First Calvary Baptist Church | First Freewill Baptist Church | Mount Zion First Baptist Church"
3916000,Cleveland,baptist,6,church_overture:2c94b0ad-0f07-4b8b-a155-a0eda321d858|church_overture:6ea04608-625b-4e00-8f77-42fefe9540df|church_overture:90b99520-81bd-48b8-ba80-c9b3d363abb3|church_overture:ad67f635-a6ed-44de-9e0d-f7f948a199fa|church_overture:ae1aae0c-2d2c-4559-a43c-80089434c742|church_overture:c445bac3-458a-4f52-bb5f-82f900f9ba28,First Bethel Missionary Baptist Church | First Beulah Baptist Church | First Community Baptist Church | First Greater New Zion Baptist Church | First Missionary Baptist Church | First Zion Baptist Church
4075000,Tulsa,baptist,6,church_overture:07765fa2-8c13-4c52-b0ac-e2d8229267a7|church_overture:719d9ae8-9569-4f3b-86e2-23970b8e33fc|church_overture:760c10fb-74af-4166-a7bc-7efe53a7682b|church_overture:7612d9a5-6fac-4447-a071-0c07b569ecdf|church_overture:a379568a-b368-4f88-9ab1-0027ec27b183|church_overture:c3286b08-4776-4110-b585-36bd672afb71,First Baptist Church North Tulsa | First Baptist Mohawk Church | First Baptist Tul | First Korean Baptist Church | First Slavic Baptist Church of Tulsa
0550450,North Little Rock,baptist,5,church_overture:01846fc7-54e9-42b7-86b6-1f657179761c|church_overture:0271df0c-bacb-4bd7-93a4-3e21d8e16a5c|church_overture:5b81750c-b8c8-4022-9922-d6c40b6910a4|church_overture:acd1064e-0a65-4a86-ad52-0ff0bfbc682e|church_overture:f9738bf0-24d6-4e62-a738-3873bee0ccbd,First Baptist Church | First Corinthians Baptist Church | First Free Will Baptist Church | First General Baptist Church
0667000,San Francisco,baptist,5,church_overture:62075a46-97c7-4fe5-82da-6c30afb14edb|church_overture:ad8db159-96d4-488d-aefe-78ae8c03b757|church_overture:d6c9d7a1-3749-4a55-81c0-65a51172ac46|church_overture:e1a6f019-c2a7-49d1-acfe-c649df1c99d6|church_overture:fae6f654-1db6-4f7c-b199-37741a029f50,First Baptist Church | First Chinese Baptist Church | First Chinese Southern Baptist Church | First Friendship Institutional Baptist Church | First Union Missionary Baptist Church
1255925,Pensacola,baptist,5,church_overture:0aa300b1-c9aa-4fd4-83d9-4d26e59fe81d|church_overture:7dd88f26-6f97-4d9d-ad38-9a8d38f529d9|church_overture:83b20a31-abf2-4fc0-8eb0-8d81e9324391|church_overture:8752b5d5-ac2e-4c68-8ff0-23ab5b18640a|church_overture:f51f5337-417e-478d-b27f-c435da1609e9,First Baptist Church Pensacola | First Calvary Baptist Church | First Corinthian Baptist Church | First Missionary Baptist Church | First West Florida Baptist District Association 
1311560,Brunswick,baptist,5,church_overture:16d42b8a-c911-4e08-8053-4c888ea5d1de|church_overture:567de8f6-a0ed-402d-98ce-94b08b8d16e6|church_overture:80572cae-c9c1-4077-8ff6-6a911fa65ef4|church_overture:dbc788d9-e500-4185-9414-4855840402f6|church_overture:e43e113f-3791-4328-94d6-f9d61daa1f7f,First African Baptist Church | First Baptist Church Brunswick | First Bryant Baptist Church | First Friendship Baptist Church | First Jordon Grove Baptist Church
2829700,Gulfport,baptist,5,church_overture:27604d55-602d-428e-b51d-e1cab4cfa55f|church_overture:6b09bb05-6812-4df1-bbb2-4f179742ef5d|church_overture:a86071cb-9c61-4b8b-9af7-e5c3630ac699|church_overture:ac03a080-541d-418f-a054-934c4e2e08ed|church_overture:c33c6daf-f1c0-40b4-ad7f-a8fe3feb7988,First Baptist Church Gulfport | First Baptist Church of Lyman | First Baptist of Orange Grove | First Missionary Baptist Church
3755000,Raleigh,baptist,5,church_overture:20646b9a-b0ef-402b-ac94-4ff82e61640e|church_overture:40a0b564-e717-416b-83ec-c47d0bbcde6b|church_overture:605a017e-fa00-4645-8307-61f683039aab|church_overture:a80df7c8-4b51-4ac7-a6d5-9e7b0ceb98ee|church_overture:fb1d3d5d-6e63-482e-ba55-d92a04e9520c,First Baptist Church | First Baptist Church Of Raleigh | First Cosmopolitan Baptist Church | First Korean Baptist Church | First Trinity Freewill Baptist Church
3775000,Winston-Salem,baptist,5,church_overture:2067a28e-44ce-480d-a024-f1e6e01adab8|church_overture:34251881-ddb4-4b14-8dfb-15daf8abc88b|church_overture:3847ed51-7457-4f01-8b02-c9011ac1a426|church_overture:807ed130-3a3b-4db6-ab4c-5a8c8da75d62|church_overture:de228e7c-ae30-4227-9a65-7e81fb24a4a8,First Baptist Church | First Baptist Church of Stanleyville | First Calvary Baptist Church | First Waughtown Baptist Church
4516000,Columbia,baptist,5,church_overture:069b752e-002c-41db-b15c-003ed68583d7|church_overture:8dba8b93-ca23-4a01-b693-dc11bdf45f28|church_overture:a515e40c-fcff-452f-9309-dd42b22ad248|church_overture:c55be0da-95d8-4d43-8977-428d5da49ee2|church_overture:d990a17f-2062-4a3f-8c5b-750455dc2d0e,First Baptist Church of Columbia | First Calvary Baptist Church | First Haitian Baptist Church | First Nazareth Baptist Church | Greenview First Baptist Church
4714000,Chattanooga,baptist,5,church_overture:0e9192a6-8627-4d77-acad-7d712f7cd8f9|church_overture:58d70ca2-3528-4aba-a5b7-e246a166f12c|church_overture:62b52060-02d8-45fc-bb73-4963d24aacdc|church_overture:83d43b7a-4f97-41b8-946d-261d1bf8f38f|church_overture:951ba435-8ba5-4c74-9e9d-773a13b82b3d,First Baptist Church | First Baptist Church of Chattanooga | First Baptist Church of Washington Hills | First Calvary Baptist Church | Harrison First Baptist Church
4740000,Knoxville,baptist,5,church_overture:481af638-84a9-4e01-a17c-97c9259759ff|church_overture:49b766c2-4462-449f-b2c2-cbc8e1cebffe|church_overture:b8c77d10-71f4-44b1-b591-4f119e89be67|church_overture:ea9cb331-a3c9-4fc9-8647-074c870402b4|church_overture:fa18e0d5-390a-457e-8526-e0bcc10c42a8,First Baptist Church of Roseberry City | First Baptist Concord | First Baptist Knoxville | First Calvary Baptist Church | Knoxville First Free Will Baptist Church
4847892,Mesquite,baptist,5,church_overture:28727e71-44c6-4289-a4ed-2f8cb23479e5|church_overture:666bf2a2-0578-4a1b-932e-c536b6970337|church_overture:b097b71c-88e1-4a0a-9f9a-7ae672899166|church_overture:b6012ae9-62a1-4265-bbeb-2ccdc749242c|church_overture:d2927d66-b16d-4acd-bdbd-ce03a938f6d0,Calvary First Baptist Church | First Baptist Church | First Baptist Church Meadowview | First Baptist Church Mesquite | Sunnyvale First Baptist Church
4858820,Port Arthur,baptist,5,church_overture:0a728b48-d275-43e0-b76e-3e7a9adf6418|church_overture:319945ef-40f5-4b3a-9a9e-bbfc2d72a078|church_overture:5b756684-8a87-4b5a-a02d-846028e56e4b|church_overture:6cfb35a7-75bc-4fab-8f8c-47edf8309de6|church_overture:c2ba3b20-c21c-45e9-8f1d-41de7c10b179,First Baptist Church | First Baptist Church Port Arthur | First Baptist Church of Sabine Pass | First Christian Faith Missionary Baptist Church | First Sixth Street Baptist Church
4872392,Texas City,baptist,5,church_overture:18157877-4407-4324-963c-487c91171e31|church_overture:5a62a9ba-476d-4c82-b59d-a54862734228|church_overture:c032e8e1-e338-4486-8f84-7e7340fc3f3e|church_overture:d1bc521e-c274-4419-9e3e-9cc848ea40dd|church_overture:d8cbcfaf-f4e0-4c6d-9823-c5b9536831e5,First Baptist Chuch | First Baptist Church | First Baptist Church Texas City - Mainland Campus | First Baptist Church of Texas City | First Missionary Baptist Church
0101852,Anniston,baptist,4,church_overture:3d909be4-6590-4c05-a96e-e486d8dc7f2d|church_overture:7e1351a8-4710-470f-af82-c06288a59cdc|church_overture:b8f30268-af1e-44bc-866a-7eb7fb1447bd|church_overture:d93fb0f2-7d30-40e1-8c9a-20a32835e8de,First Baptist Church | First Calvary Baptist Church | First Missionary Baptist Church
0177256,Tuscaloosa,baptist,4,church_overture:2c3a58ff-5616-4b0c-99de-c3102050ef8b|church_overture:c572010e-2883-40e6-afb5-df2f9b982301|church_overture:e2729f06-3ccc-4f9f-a362-de584c9a0380|church_overture:f3392ce2-1c84-4cde-a4b8-b14b7a842c45,First African Baptist Church | First Baptist Church
0507330,Blytheville,baptist,4,church_overture:10206279-350a-4fb2-b0db-52d4b825a683|church_overture:640ebe9c-3b74-40d0-8e62-54b315f83aab|church_overture:beb4bbec-5eac-4197-85f0-4f0de0973d16|church_overture:caccddf6-c0e0-436c-bb03-108aa26ca754,First Baptist Church | First Missionary Baptist Church
0531190,Helena-West Helena,baptist,4,church_overture:2d2b092b-b8fe-4638-ad7b-bb6a7141740e|church_overture:4cc5d66f-0697-496e-a5cf-fe7c91c71ad9|church_overture:8796f592-d77b-427f-b0a9-42313f4cb84f|church_overture:d2ebc867-b004-457d-94dd-4a4b2e66e3bd,First Baptist Church | First Baptist Church of Midland Heights | First Baptist M B Church - Helena
0543610,Malvern,baptist,4,church_overture:23d82614-ec24-4ebe-bf5f-5ed93147c5f3|church_overture:2cb62bd9-2637-4746-9138-0e487d3b3183|church_overture:805d9bf7-1a65-405f-93c6-295ca59bb7bd|church_overture:9a233c73-0aac-48e7-816c-f6e56b14818c,"First Baptist Church | First Baptist Church Family Life Center | First Baptist Rockport Church | First Free Will Baptist Church, Malvern, AR"
0555310,Pine Bluff,baptist,4,church_overture:2aa0b02f-bc6f-46f1-bf71-a884daf389de|church_overture:3c8b76ef-31e3-4dd1-92ef-b3daa2d8533f|church_overture:7b813a18-e1dd-442f-8668-81f2730c8cdd|church_overture:e66ba03b-3eea-42a6-afff-edbdafabe43c,First Baptist Church | First Baptist Church Dewdrop | First Immanuel Missionary Baptist Church | First Missionary Baptist Church
0644000,Los Angeles,methodist,4,church_overture:25b71a84-8b8e-4408-916e-250e9d02fd2f|church_overture:48e7e290-eedb-4fd3-a9a2-f707510a58df|church_overture:a4295ab9-ff67-45be-9f18-2f2340aad56c|church_overture:dd07c314-8499-4156-8118-a3fd64ee50ac,First United Methodist Church | First United Methodist Church of Canoga Park | First United Methodist Church of Reseda | Los Angeles First United Methodist Church
0644000,Los Angeles,pentecostal,4,church_overture:634b6b3f-a5fa-43e8-8836-fbe0ccf09d10|church_overture:70186452-ec8d-4e5f-9673-c3c6f7274dd5|church_overture:84459266-d31c-4a39-b0ba-0f0be361fa60|church_overture:b91f80a2-ab66-4a06-903b-c3d56991aa9e,First Assyrian Assembly of God Church of Los Angeles | First Innercity Assembly of God Church | First Samoan Assembly of God
0666000,San Diego,baptist,4,church_overture:6f94381c-a4ff-4c68-8e2d-d699df7ed026|church_overture:9077bfd8-0623-4ffc-91ff-aa61194679af|church_overture:d1afddbd-c20a-4751-b59f-cd14309514d6|church_overture:e1f643fc-425f-48cc-9572-caad4abd0787,First Baptist Church Of Lajolla | First Baptist Church of San Diego | First Chinese Southern Baptist Church | First Haitian Baptist Church Ebenezer
1258050,Pompano Beach,baptist,4,church_overture:3e89a9d8-1a65-4c5b-8651-cc38016b5df3|church_overture:864f37f7-308f-42c3-b96c-52b0d5d1d2cf|church_overture:8b51963f-5b80-4b55-adfa-7420d581af1e|church_overture:c7ab5b18-9ac6-4688-91cf-9babbb2181c1,First Baptist Church | First Baptist Church of Collier City | First Brazilian Baptist Church | First Haitian Baptist Church
1263000,St. Petersburg,baptist,4,church_overture:15cfc2eb-505b-4fa9-bbe7-33aa4b0e6bdd|church_overture:4b19dec9-7a41-48f4-b59f-a245efd1a3ba|church_overture:68635fd6-ad0d-4a64-92ce-fc7c95c15b89|church_overture:b59ea5b8-8c3e-43e9-810f-1afd0759d93a,1st Mount Pilgrim Evangelical Missionary Baptist Church | First Baptist Church of St. Petersburg | First Baptist Institutional Church | First Mount Zion Missionary Baptist Church
1278275,Winter Haven,baptist,4,church_overture:7b63f745-5b3a-4fbd-a707-8d35fa9b037f|church_overture:923c60a0-9b2b-4a19-bce4-e98b9e47c73b|church_overture:ca6a91f5-bcb4-4159-836f-36c5e44ccd85|church_overture:ce1cf42f-d332-4da9-93c0-84e95fe8d9d0,First Baptist Church of Lucerne Park | First Baptist Church of Winter Haven | First Freewill Baptist Church of Auburndale | First Missionary Baptist Church
1338964,Hinesville,baptist,4,church_overture:11290961-5314-441e-9b68-ee0cd686c3c4|church_overture:1d9a321d-7706-45f2-98e6-08adf19b2b9c|church_overture:6c4b8d9e-c144-4dcd-a2d7-d67d168055ad|church_overture:f6d664e1-5a1d-4361-a257-33376980a033,First Baptist Church | First Calvary Baptist Church | First Calvary Mbc Church 124 Rebecca Street Hinesville Ga | The First Korean Baptist Church of Hinesville
1364960,Riceboro,baptist,4,church_overture:3d37efe8-1927-4290-a22a-697b0e56af9d|church_overture:5d42b539-3eb5-4001-be44-4c76a19ca744|church_overture:9d02b902-4c48-48b0-ad8e-7c54eb442443|church_overture:f2310c53-a44c-48b4-b195-ff149d0293db,"First African Baptist Church | First Zion Baptist CH of Riceboro | First Zion Baptist Church | First Zion Baptist Church - Riceboro, GA"
1372122,South Fulton,baptist,4,church_overture:2b199d31-4734-47f9-b54d-e557047b68c8|church_overture:59fbf278-5580-4bd9-8ab0-2b415e4b790c|church_overture:7a872280-d420-47af-9af3-4de20ab8a10f|church_overture:f96b14c0-3f90-4ada-b0cf-da098e84fe9c,1st Baptist Church Of Cliftondale | Enon First Baptist Church | First Baptist Church of Red Oak | First Missionary Baptist Church
1378800,Valdosta,baptist,4,church_overture:19a2aa72-8d2a-480d-8c9e-fc8e3475c910|church_overture:a1f890bb-2502-49db-8566-070abb8bac99|church_overture:ab9e3c0a-4fb3-4ab7-9e3e-14930ec8eb9b|church_overture:ff4858d8-547e-4892-8ce4-e8357468b0c2,First Antioch Missionary Baptist Church | First Baptist Church | Macedonia First Baptist Church
1714000,Chicago,lutheran,4,church_overture:3a86ada2-6b23-48e2-b11e-7eae4af4ffb8|church_overture:3e1f2e71-27a4-4f75-97dc-ac76fe58ed8c|church_overture:50445e62-cfdc-4874-a4ad-91ca78707863|church_overture:5ecb0268-959b-45f7-b95d-4934d447b07a,First Bethlehem Evangelical Lutheran Church | First Immanuel Lutheran Church | First Lutheran Church | First Saint Paul's Evangelical Lutheran Church
1848798,Michigan City,baptist,4,church_overture:0c5799e3-08df-4043-a4dc-5dfd4ee85a48|church_overture:295849c9-6cd0-4c3e-9559-72a03160b40d|church_overture:671e8bee-1f12-45f7-b6c3-402ea72ddeb2|church_overture:c1094312-ec81-4246-b25d-0d96b80df81b,First Baptist Church | First General Baptist Church | First Pentecostal Missionary Baptist Church
2146027,Lexington-Fayette,baptist,4,church_overture:10a3048e-deb3-4b90-a8b7-a8f1e8508d3f|church_overture:3d6aa66f-251a-4279-ba5c-41ae4b37c1c7|church_overture:e30b562d-b3da-4323-a4e0-eac4ba55df6f|church_overture:f535f241-e5a0-49ca-8fd6-0bc04896a92a,First African Baptist Church | First Baptist Church Bracktown | First Baptist Church of Lexington | First Free Will Baptist Church
2148000,Louisville,baptist,4,church_overture:38311233-23dd-45b0-b4b1-f18ac587cd14|church_overture:ae8a3b32-68f8-4c8f-850a-6a85f689909b|church_overture:e4dbee0f-9cf4-4b81-82d9-3a217bb95d35|church_overture:ea801d06-d29f-4c29-94ee-7b15a7f996d7,1st Thessalonians Baptist Church | First Gethsemane Baptist Church | First Samuel Baptist Church | First Virginia Avenue Baptist Church
2200975,Alexandria,baptist,4,church_overture:3067082e-1838-463f-94ec-69b4d76d7b35|church_overture:853c6f53-4b26-46eb-a327-3e0e8be6d5d6|church_overture:ac06b00c-bb61-400c-aa4c-1ca74199902e|church_overture:d4787726-1f28-426e-952c-4e462cca5d79,First Evergreen Baptist Church | First Saint Mark Baptist Church | First Union Baptist Church
2231915,Gretna,baptist,4,church_overture:08a6fae6-f6c5-4dc8-b974-9bab6def32e4|church_overture:0abc7845-1b8e-4ce5-8553-8868aae85d02|church_overture:d92cd035-2c9c-43b0-8177-19e6bbc076b1|church_overture:fa43944b-c35e-457d-9045-8ed41e0e5396,First African Baptist Church | First Baptist Church of Gretna | First Emmanuel Baptist Church | First Haitian Baptist Church
2241155,Lake Charles,baptist,4,church_overture:0830800b-d642-4988-bf9d-a329d7053011|church_overture:0c3f9739-0f2c-4996-a53f-43c59017c197|church_overture:c2339249-e107-485e-bba0-f4c056ecbe62|church_overture:d7d68ccb-4617-41f5-8940-70a4b122d41e,First Baptist Church Lake Charles | First Community Baptist Church | First New Life Missionary Baptist
2251410,Monroe,baptist,4,church_overture:078ba73d-dedd-468d-8f50-f17a12c97ae4|church_overture:51859d92-df60-48ff-9398-229ffb08d2fd|church_overture:567f3ef5-b95f-4901-b18d-f1f35d04bba2|church_overture:b48ff07d-e001-4c60-a3f3-718e517c4f79,First Baptist Church | First Missionary Baptist Church | First Monroe | First Pilgrim Baptist Church
2274690,Tallulah,baptist,4,church_overture:001ec4e6-1db9-4805-a92e-fe523aafe7e4|church_overture:776e2b4d-2204-4ea5-b656-12bacf350f7e|church_overture:b64683d1-4d7a-42f8-94b8-e755323c8853|church_overture:d11c12f9-ed28-4584-a0a9-0189eac43dad,First Baptist Church | First Baptist Church Tallulah | First Colored Missionary Baptist Church | First Kingdom Missionary Baptist Church
2507000,Boston,baptist,4,church_overture:02c9f0eb-493c-4071-8a55-edd26ff0981e|church_overture:291ef575-4416-4d63-8833-505939ebf6d1|church_overture:3a98453b-4c66-43ec-bca5-83f7756f8def|church_overture:f9768c0f-e4a2-4a77-99f4-2ed1c3d53d46,First Baptist Church | First Baptist Church of Boston | First Haitian Baptist Church
2815380,Columbus,baptist,4,church_overture:144650f9-2b41-4492-aaf7-27141b66b1ec|church_overture:44d53060-3e20-42c3-bc2b-a86439f26231|church_overture:a3621d30-a818-43cd-b3e1-b9459b37d70b|church_overture:fd735dc6-4985-4b97-b709-04c1fd80e940,First Baptist Church | First Baptist Church - MAC | First Baptist Church Office | Tylertown First Baptist Church
3502000,Albuquerque,baptist,4,church_overture:af02a957-3bb9-44e4-8765-92cd5d355ab0|church_overture:bcd2d162-9a68-48a4-9e38-759627574eda|church_overture:bd4a4eeb-3509-451c-9a23-05546e8156e8|church_overture:d9428b37-c9c5-4d64-b048-fd71d1e35a52,First Baptist Church | First Baptist Church of West Albuquerque | First Bilingual Baptist Church | First Spanish Fruit Avenue Baptist Church
3611000,Buffalo,baptist,4,church_overture:0f051ea6-467b-4baa-9561-78803c1c1531|church_overture:7d702e5d-669c-47fc-b61e-f780e24efe3c|church_overture:aabcbbd3-1e50-40be-86d5-8b060a41f8b5|church_overture:cb3e1a64-a795-4782-affb-36510996f4ed,First Calvary Missionary Baptist Church | First Centennial Missionary Baptist Church | First Shiloh Baptist Church | First Timothy Missionary Baptist Church
3651000,New York,pentecostal,4,church_overture:17140b86-2322-4998-9f07-b2af854d810b|church_overture:1882fa12-cdd4-4077-a8b5-25ef2beffd23|church_overture:466ab6f6-fbcd-4c14-ad8f-b650645da813|church_overture:919493f3-3fec-4e76-a89c-f733dca58399,First Church of God in Christ | First Jurisdiction Church of God in Christ ENY | First Pentecostal Church | First Pilgrim Hispanic Church
3651000,New York,reformed,4,church_overture:371e960f-9d00-400c-9490-68590c9fcd23|church_overture:d8579c73-39c9-4349-b71b-3c57dfce3eb7|church_overture:e42e5d84-ce12-4cc3-847b-ebac24e04620|church_overture:fbc94f4b-5825-47c2-a527-e299b43e3c81,First Hungarian Reformed Church of New York City | First Reformed Church | First Reformed Church of Jamaica | The First Reformed Church of Astoria
3702140,Asheville,baptist,4,church_overture:2dd82241-9178-4145-a0eb-2b010ee3e715|church_overture:679cfd32-ae18-46dc-92f9-5497e5ffd306|church_overture:7f1462b8-04a3-413a-868e-730750b41ae4|church_overture:b636252d-e785-4805-8b82-bb80312ceffb,Arden First Baptist Church | First Baptist Church | Nazareth First Baptist Church | Skyland First Baptist Church
3722920,Fayetteville,baptist,4,church_overture:1f330055-3d5b-4371-b410-87fea396e701|church_overture:264e628c-2c4a-48f1-bf65-d32e7e10f644|church_overture:73f1ffc8-eb55-49c6-a1c8-05424046ae0b|church_overture:80170f3b-1af6-438e-a85b-06af19caffa1,First Baptist Church | First Heritage Baptist Church
3918000,Columbus,baptist,4,church_overture:00e875f9-58f5-46a3-a736-ba0f529a2055|church_overture:5dd682b0-35b2-4967-91f4-248b0e179ec8|church_overture:758c4b9b-3e91-4de2-b1fd-c18ed82f24b6|church_overture:c8dabcd3-a9f7-41e0-ac84-595128bb14a2,Columbus First Free Will Bapt Church | First Baptist Church | First Christian Baptist Church | First Mt. Carmel Baptist Church
4001700,Altus,baptist,4,church_overture:1de8aa19-ea85-4df3-8396-405aafe2a55d|church_overture:b83cd6d5-e702-4f47-80ad-028c5ccd2951|church_overture:e1b8531d-edc4-4e90-9b55-606fb898a002|church_overture:fb4594c7-cc45-4a83-a2fe-e11564d23ba6,"First Baptist Church | First Baptist Church, Blair OK"
4041850,Lawton,baptist,4,church_overture:0b1cca0a-f182-4fa0-bed1-590cea83f411|church_overture:70eadbd5-46d4-4c0c-ac40-fe4075fc09ca|church_overture:add98954-5459-4c39-b535-d46fddc1794f|church_overture:ec9d26cd-7011-4c53-b30e-c14b5dd7265c,First Baptist Church Lawton | First Baptist East Lawton | First Baptist West | First Free Will Baptist Church
4044800,McAlester,baptist,4,church_overture:05ffa5c9-30ac-4f96-ade2-e105eb8f4412|church_overture:2e417904-e71f-4a05-a213-ad525c7820a1|church_overture:4384014a-4d5b-4597-8bc6-049878aa53cc|church_overture:9e5649ad-f058-4bb2-8ca5-b81d3dad7b20,First Baptist Church | First Bible Baptist Church | First Free Will Baptist Church | First Indian Baptist Church
4050050,Muskogee,baptist,4,church_overture:7e82a248-86a4-4a54-8733-88763371b3f6|church_overture:b132a84f-8256-48f8-94c8-c72f8f50d339|church_overture:bb5f41c6-96e4-4733-8dbd-7f89d03e358f|church_overture:d39eb428-cbc7-4217-a55a-c297a319dff0,First Baptist Church of Muskogee | First Free Will Baptist Church | First Indian Baptist Church | First Missionary Baptist Church
4767120,Sevierville,baptist,4,church_overture:49f95516-820c-4068-a24f-6d473e3b7a1d|church_overture:65e0b42e-342e-429b-b61c-f4510cf56f7f|church_overture:83dc376e-d8b6-431e-acbf-65826cdca095|church_overture:e34af534-bf74-48b3-8dca-e5d44db6758d,First Baptist Church | First Baptist Church Sevierville | First Baptist Church of Sevierville Event Complex | First Red Bank Baptist Church
4817000,Corpus Christi,baptist,4,church_overture:22e09683-343b-4faf-950e-f2eab94cab8f|church_overture:74922254-a05e-44e9-9c52-c689f93c1ebb|church_overture:ca110ff5-4976-48ac-a4da-705e297190e3|church_overture:ee273d9b-a5d2-448d-ba99-e8642f660e4d,Calvary First Baptist Church | First Baptist Church | St John First Baptist Church
4824000,El Paso,baptist,4,church_overture:45e4eab0-c49e-431d-81ea-7124e38104f2|church_overture:53f0d49f-9f6f-4f4b-a4b8-93fddbbf2d6c|church_overture:b90a154e-9908-43ce-a65b-94c31259de8b|church_overture:d39f12ff-c96e-4160-b7c4-92a48a6e6cdd,El Paso First Korean Baptist Church | First Baptist Church | First Mexican Baptist Church
4827420,Freeport,baptist,4,church_overture:38b841f0-018e-4d09-9f9c-d782418aec47|church_overture:45c0ea33-c3d3-43f4-b951-31fd4af0b564|church_overture:9d1842b1-f197-4c7d-a8c2-24642d77cef1|church_overture:a14917cb-16b2-401c-a8ac-8bb8b2abc313,First Baptist Church | First Baptist Church of Freeport | First Missionary Baptist Church | First United Missionary
4829000,Garland,baptist,4,church_overture:d16e20e7-a0bc-4106-be4c-f89dcdd74408|church_overture:e576268f-8579-42d9-b35e-977b2bc64ef0|church_overture:ec0f3e96-f32f-4516-8678-274e7fdb9814|church_overture:eff0f1b6-c4f8-423e-966f-e7e71f234ee4,First Baptist Church | First Baptist Evangelism International Church. | First International Baptist Church Of Dallas | Sunnyvale First Baptist Church
4863284,Rosenberg,baptist,4,church_overture:5b69890a-0087-49d8-b56e-5525c98355e4|church_overture:5b9932ad-45d7-4fcb-85d4-786a06467e30|church_overture:abbaf675-b31c-48a4-b670-dacb67697487|church_overture:d87b8d68-56e7-4602-8905-360cf62887e5,First Baptist Chr-Rosenberg | First Baptist Church | First Mexican Baptist Church | First Rosenberg
4871948,Taylor,baptist,4,church_overture:031b35f7-eaa0-4402-8c3d-aaaf3021d9e3|church_overture:2a511bc0-8495-4f00-9799-16d83ab9ef56|church_overture:c031bae2-4c8d-42db-93f7-7a40768e6b8b|church_overture:c04fc653-fd10-4ca6-b18d-6a3d0c59bd2a,First Baptist Church | First Baptist Church-Sbc | First Mexican Baptist Church | The First Baptist Church
4874144,Tyler,baptist,4,church_overture:5cc480ee-2cef-4e7d-a4ea-8d0952a9db2c|church_overture:bbfeb604-9f98-4ac3-b7da-d5fe612b4021|church_overture:bc8edbbe-51c4-4084-8084-b7394e5fbafd|church_overture:fb1f0a6b-6ee4-4c25-9dcc-924c5122649b,"Bethlehem First Baptist Church | First Baptist Church Tyler | First Baptist Church of Chandler | First Bilingual Baptist Church: Tyler, TX"
4879000,Wichita Falls,baptist,4,church_overture:16442f47-3216-4fe9-bd13-d5ca594b64b4|church_overture:546fdf0e-e679-4564-a489-34a3914f223f|church_overture:a49e1d6c-0eb6-4f7b-b2e6-2a4552d622f9|church_overture:f06b8b57-a36a-4334-8299-4c99cf9bf763,First Baptist Church | First Baptist Church of Holliday | First Primitive Baptist
5167000,Richmond,baptist,4,church_overture:3ca08812-63b1-440b-b7d5-06ee91c98a21|church_overture:9336988c-6913-4957-8f02-ab02e2506432|church_overture:a488669a-9ecc-48ee-bf7e-9e113a356d79|church_overture:d994865d-f7d3-449f-9c0a-ead75af80003,First African Baptist Church | First Baptist Church of South Richmond | First Baptist Washington Park | First Union Baptist Church
0101708,Andalusia,baptist,3,church_overture:43e85aba-ba86-4141-86d4-570e3e31eb06|church_overture:7ea78781-0fd7-4feb-b35e-4ccd28d49ec1|church_overture:fcff79b3-1ef7-4d47-b3b1-c52dd2d249e0,First Baptist Church | First Unity Missionary Baptist Church
0120104,Decatur,baptist,3,church_overture:427312ec-5cbc-44cb-98a5-9b4039a21706|church_overture:74392fbb-2aa1-4651-9ce2-6bddc6ebec7b|church_overture:f9848f9e-b3eb-451c-a1c6-9a3f9239f278,First Baptist Church | First Free Will Baptist | First Missionary Baptist Church
0121184,Dothan,baptist,3,church_overture:141e8dc2-ecda-4be5-a27f-beb9a991e3d1|church_overture:a4b3d6c0-df4e-4cff-bf94-e5eb36f469f0|church_overture:fe33360e-3d2b-40ee-a68a-965e2bcb61bd,First Baptist Church Dothan | First Free Will Baptist Church | First Missionary Baptist Church
0125840,Fayette,baptist,3,church_overture:e0911dfa-87f8-471b-ad2f-2a788c3ddc82|church_overture:f30ef4bc-6977-4793-bf01-fe6ddbe802f0|church_overture:fe880432-261d-4e63-8796-82222116f0d9,Fayette First Baptist Church | First Baptist Church | First Free Will Baptist Church
0126896,Florence,baptist,3,church_overture:4a275589-c9af-4ccd-8a94-625584612c4d|church_overture:cf106161-ba93-4940-9ac9-1e94bd40b8ba|church_overture:f8e1d43a-602c-4cf2-94fa-1083670427f7,First Baptist Church | First Free Will Baptist Church | First Missionary Baptist Church
0127616,Fort Payne,baptist,3,church_overture:038367fc-a06c-4765-bef7-725cfe1b1564|church_overture:d2852c47-f264-496b-8907-abb44de1b042|church_overture:de39b728-6c59-49d3-ab6a-e23625e79061,"First Baptist Church | First Baptist Church of Douglas | First Baptist Church of Douglas -Ft.Payne, Al"
0128696,Gadsden,baptist,3,church_overture:4ffd86ac-75ad-4772-a4c3-1e93de47fe50|church_overture:d4ce4f42-be03-4d38-bd62-cd144b1ee956|church_overture:fcd31cdf-3301-4146-a411-bc540ed2ada4,First Baptist Church | First Baptist Church Alabama City | First Baptist Church of Gadsden
0137000,Huntsville,seventh_day_adventist,3,church_overture:2922f332-93b7-4016-95c8-7e427330fc22|church_overture:752b4f55-6a7f-49a2-bcfa-a14b05c10c2e|church_overture:ffd7441c-5568-472f-b7ba-4f35ceb5649e,First Seventh Day Adventist Church | First Seventh-Day Adventist | Huntsville First SDA Church
0137864,Irondale,baptist,3,church_overture:1c81193d-32d1-4975-a579-d66db2035ede|church_overture:736ee518-d4ee-401d-9133-c77c162ae7ea|church_overture:d095db49-be9f-4fe7-a9e0-771baa09689c,First Baptist Church of Alton | First Baptist Church of Irondale | Overton First Baptist Church
0138272,Jacksonville,baptist,3,church_overture:3d169e62-5859-449e-9e07-7153a19c5afe|church_overture:4e0e7405-47b8-4259-acba-f8207c21f1e2|church_overture:96d624a5-bb33-47e6-a1d8-656c68c1eff8,First Baptist Church | Jacksonville First Baptist Church
0158896,Pell City,baptist,3,church_overture:14954b3b-3457-4336-bc46-d054f2e35009|church_overture:c91ddb9b-5db0-45b5-9980-31026f485d45|church_overture:f13c2bea-0f26-43fb-a389-41fcd7c12956,First Baptist Church | First Baptist Church South | First Missionary Baptist Church Cropwell
0162328,Prattville,baptist,3,church_overture:1aefc501-4b0f-43c8-aa4d-645c8e4792fe|church_overture:be6abd63-d863-426b-9056-7df4571115e1|church_overture:c8987fa4-c48d-4f8c-b91d-bd42fb39920f,First Baptist Church Prattville | First Baptist Prattville Women's Retreat | First Missionary Baptist Church
0167056,Russellville,baptist,3,church_overture:aab8f55d-23ab-4e57-99f0-3671c45bc0dc|church_overture:b334ddfd-615d-4a6f-bd05-842800ff0912|church_overture:fdf39054-913f-4789-992f-5b803813aebb,First Baptist Church | First Free Will Baptist Church | Russellville First Baptist Church
0174592,Talladega,baptist,3,church_overture:8d0de214-92ab-42b4-899c-e9d1bb72c422|church_overture:a8a6f389-ce24-4eed-9f61-025cd0d3147f|church_overture:d5d36b5b-8ec5-4e62-a6a5-ce6e8c310c3e,First Baptist Church | First Brecon Baptist Church | First Free Will Baptist Church
0203000,Anchorage,methodist,3,church_overture:1b2db170-e610-4a9e-86f0-9f8008771742|church_overture:79aea15d-cd29-4ff7-9496-ff3bea0d879c|church_overture:c5f02be7-d275-43f3-8930-52cf1c6b7267,First Christian Methodist | First Samoan United Methodist | First United Methodist Church
0477000,Tucson,baptist,3,church_overture:786b7716-6f09-40bd-b685-f8cce6b9504c|church_overture:b6d48d88-3ba4-4e98-a135-eb2b6d856ae1|church_overture:c4937907-dc3b-48aa-89ad-a2ebe7bfbc98,First Baptist Church | First Free Will Baptist Church | First Southern Baptist Church Tucson
0515460,Corning,baptist,3,church_overture:0edf9191-d970-4640-82e0-fb9f4f4f4f6c|church_overture:61660e6c-140e-470f-b9c8-d8aff0ca8899|church_overture:bb9cb7bb-2325-4798-9a65-925ce5a4b678,Corning First General Baptist | First Baptist Church | First Freewill Baptist Church
0516240,Crossett,baptist,3,church_overture:116c70c7-c45e-4015-9ec6-73ec7ae749d0|church_overture:166ba325-e13c-4a01-baf4-bd42e4d72fde|church_overture:fa952c04-4532-419c-97d8-6ae1b766351f,"First Baptist Church | First Baptist Church of Crossett, AR"
0518490,De Queen,pentecostal,3,church_overture:3f2e321c-eee8-42ac-a4d0-4a05507441b9|church_overture:97223a61-6941-4265-9f0f-d7708c47d9ad|church_overture:a11824c1-2d16-44f6-85e7-0903f02e8fc1,First Assembly of God Church | First Pentecostal Church of God | First United Pentecostal Church
0524550,Fort Smith,baptist,3,church_overture:62c4a67b-5e76-4ad5-ad95-5512f4dafed4|church_overture:8572a32a-bcbf-4f95-ac6f-c22bdac59989|church_overture:fdf3faa4-9b30-4e69-a2f0-4a05285fc889,First Baptist Church | First Free Will Baptist Church
0533400,Hot Springs,baptist,3,church_overture:46b692e3-6315-43f9-80c6-ecba44985cde|church_overture:658ad330-7056-4b29-8c87-67b305777e32|church_overture:aa64c4d8-5d4c-4f39-8c4f-7ad5efafa625,First Baptist Church | First Free Will Baptist Church | First Primitive Baptist Church of Hot Springs
0535710,Jonesboro,baptist,3,church_overture:3e50ea6b-8480-4d23-8a62-e23b27c3d185|church_overture:6b842ccc-b853-4a6c-9a8c-492d44ad0c3b|church_overture:a2b603be-f7f9-43b5-bd91-f43580f0ed00,"First Baptist Church | First Baptist Church, Jonesboro, Ar | First Free Will Baptist Church"
0545080,Melbourne,baptist,3,church_overture:198cbde9-07d0-483f-bbf4-4ebde536173b|church_overture:2b18bf33-8226-4258-bde1-92edf46b61ca|church_overture:608bee7d-1361-4b7b-85ed-86ee277e8ae3,First Baptist Church | First Landmark Missionary Baptist Church | Melbourne First Baptist Church
0553390,Paragould,baptist,3,church_overture:546389cb-20c9-455a-b33a-826fb88058c7|church_overture:b4535e9a-e776-446f-aa46-49d309c7166a|church_overture:c315b626-936c-4bc7-9e00-2842a9a4dd9c,Center Hill First Baptist Church | First Baptist Church | First Freewill Baptist Church
0556540,Pocahontas,pentecostal,3,church_overture:01d65e82-c8c6-49dc-bce1-07008cbe8b6b|church_overture:7b91bf31-36b6-4724-9350-aa5744983b9e|church_overture:883f1e32-3909-4712-88c0-8d9cabff1d52,First Assembly of God Church | First United Pentecostal Ch | First United Pentecostal Church
0602000,Anaheim,baptist,3,church_overture:4b8bf620-ec01-4af4-806a-2c63143ca8ef|church_overture:86e9e354-e0ba-4ec7-a83d-c6d9b2e6e3c6|church_overture:d43752dd-1c5d-49d1-8e78-c8d1a5d17f2b,First Baptist Church of Anaheim | First Southern Baptist Church | First Works Baptist Church
0627000,Fresno,presbyterian,3,church_overture:452db6ba-8e89-4cac-972d-03ac5d134af7|church_overture:c9d2baf5-a4ce-49a2-959a-bfd8cd137955|church_overture:fb9306b0-130a-40e2-b3ac-f676a3899fda,First Armenian Presbyterian Church | First Presbyterian Church | First Reformed Presbyterian Church
0643000,Long Beach,baptist,3,church_overture:04efeff8-0d32-4a6c-94fe-709fb5d90358|church_overture:3548410e-a95c-4c7b-8836-290895e63fc3|church_overture:44f014c3-8041-4ac7-b8a4-ac1c79d9afe5,First Baptist Church | First Providence Baptist Church | First Southern Baptist Church
0645932,Mariposa,baptist,3,church_overture:50a995c5-9459-45e3-b55f-b35105dc60f4|church_overture:52675513-155c-4cb5-bcc3-88908afe8628|church_overture:6f352af5-f85f-4e6d-8bb3-c03d1d1c8ed5,First Baptist Church | First Baptist Church of Mariposa
0651924,North Highlands,baptist,3,church_overture:45300a2c-5398-44cc-91de-230a0f4f8467|church_overture:94c6e45d-a4d3-4f36-8604-64c1b14bde5c|church_overture:b6412cc3-541a-4e3d-9a47-8fd8a33efb04,First Baptist Church | First Baptist Church of Foothill Farms | First Baptist Church of North Highlands
0655254,Palm Springs,baptist,3,church_overture:5a4f606b-5fd2-4052-b2c3-64c849408957|church_overture:5d59ae31-e53b-449d-aac6-6d92a8a236cd|church_overture:cb68ca86-331e-4979-bdaa-abeaa72764ab,"First Baptist Church | First Southern Baptist Church | The First Southern Baptist Church Palm Springs, California"
0658240,Porterville,baptist,3,church_overture:08bbdfa5-10e6-4e91-a88c-4d81150f130c|church_overture:8a4c4cfe-0955-4b93-a4d3-b5acc2fe81cd|church_overture:ad94d74b-7f03-4a1d-aef5-c64fdaa6fbc2,First Baptist Church | First Missionary Baptist Church | First Southern Baptist Church
0862000,Pueblo,methodist,3,church_overture:664f437b-2d57-4c2c-8b59-254a22b5cf54|church_overture:ce5e4fb3-1931-4d33-8c1c-b5b300e3f913|church_overture:da8aa07c-8635-4a22-8483-1f663aa24b9b,First Free Methodist Church | First Methodist Episcopal Church | First United Methodist Church
1202550,Auburndale,baptist,3,church_overture:6ed47fc0-4d17-4703-afdc-d48a6c1ac315|church_overture:8ea76044-51b8-4831-8724-1c095450ff79|church_overture:b566b102-57f6-442c-8b23-58678d1f2188,First Baptist Church of Auburndale | First Free Will Baptist Church | First Missionary Baptist Church
1203675,Bartow,baptist,3,church_overture:0fbdbfe4-e75c-40e0-a19f-c2341b0bd906|church_overture:a45ffaed-960b-4f13-8058-e0cd242b997b|church_overture:ebad07f0-b0b7-43af-836e-8164b62740f8,First Baptist Church | First Baptist Church Bartow | First Providence Missionary Baptist Church
1205200,Belle Glade,baptist,3,church_overture:13d938ac-3139-4e6c-84d4-f4062b32c287|church_overture:67529574-80d6-481a-a5d9-41b00cc98964|church_overture:cd1808e1-b3d2-4a81-b9d8-14e7b1b4181f,First Baptist Church | First Baptist Haitian Church | St John First Baptist Church
1208150,Brandon,baptist,3,church_overture:8133ac5f-5f42-4dba-b2bf-062706b300b6|church_overture:948ef627-ced3-4ba5-b8d5-b0d0bc8deb44|church_overture:f3c7602e-a46a-4b35-b5d6-0d4c468c872f,First Baptist Brandon KidsMin | First Baptist Church | First Hispanic Church
1211362,Century,baptist,3,church_overture:78090921-d136-4a98-b832-19abefb9af1e|church_overture:8d5b5d0b-71bc-4e71-99f0-841bc832acf3|church_overture:e628e9f9-0717-423b-a1ba-fbb140b673cf,Century First Baptist Church | First Baptist Church of Centry | First Mt Zion Baptist Church
1218675,Dunnellon,baptist,3,church_overture:07a4a307-94c6-4392-9e53-72c9630065d4|church_overture:a52d320c-19bf-49a3-9be0-19a0b1c8ced9|church_overture:d53b1c7b-1504-47f7-b60c-78f43e0d7ca2,First Baptist Church Of Dunnellon | First Baptist Church of Dunnellon | First Bethel Missionary Baptist Church
1222175,Fernandina Beach,baptist,3,church_overture:09b9e339-c91a-4915-a006-94fc1ad32bc8|church_overture:28522d0c-6eeb-4ec5-ad89-dec0a45d5e9d|church_overture:9d7356e8-70bc-4701-85b7-ddcb0193c6b8,First African Baptist Church Cumberland Island | First Baptist Church | First Missionary Baptist Church
1224000,Fort Lauderdale,baptist,3,church_overture:82e55e88-92fc-466e-8655-4fbe97620b61|church_overture:9da4b035-4f92-468a-9fa7-0fe21dec657b|church_overture:ac9893cf-0049-41de-88b1-827624b5f4ce,First Baptist Church Piney Gro | First Baptist Fort Lauderdale | First Haitian Baptist Church
1224125,Fort Myers,baptist,3,church_overture:36ef46ab-aff1-439f-8507-63c3806c309d|church_overture:40b65dea-e3d3-4cf2-a9b0-ca76b6f8f444|church_overture:bd3567e6-421d-46b3-b2b6-cb8262d9047b,First Baptist Church of Fort Myers | First Haitian Baptist Church | St John First Missionary Baptist Church
1224475,Fort Walton Beach,baptist,3,church_overture:3ac19bd7-1417-47ca-a081-bf84ecc700d2|church_overture:a8e7e7b3-db54-4a92-b3d4-c03f53edefbf|church_overture:b3e57ba4-c8db-4850-807d-425682667f05,Beulah First Baptist Church | First Baptist Church of Fort Walton Beach | First Community Baptist Church
1226375,Golden Glades,baptist,3,church_overture:7d12f223-5472-4608-922a-2e48c6c8cdd0|church_overture:9b2aa6a2-9666-4303-aa70-7cd1b8f954f2|church_overture:c2c3cdec-6038-4364-a4e9-6ef73d869b54,First Born Again Baptist Church | First Haitian Baptist Church of North Dade | First Horeb Baptist Church
1238250,Lakeland,baptist,3,church_overture:0a2b5c0c-36bb-4cc1-8ec1-41d0f68524af|church_overture:49f518a7-a36b-44e3-8aae-ffcbc5b34c70|church_overture:d10957d8-3419-40cd-87a3-2eef824b1a4d,First Baptist Church | First Baptist Church at the Mall | First Baptist Institutional Church
1238950,Lake Wales,baptist,3,church_overture:641ff3c2-f841-4ec6-8d02-f8bfa5ff69d8|church_overture:ece62c80-fa27-4f02-b8e1-aaf8848878ef|church_overture:f9fad7a2-50c8-4c51-a802-73580771fe6f,First Baptist Church | First Institutional Baptist Church | First Institutional Missionary Baptist Church
1243975,Melbourne,baptist,3,church_overture:03c2c44f-b6e8-4ae7-b466-347c0d54e387|church_overture:13ee004d-537a-4fec-b9cc-38aa7a287aa2|church_overture:ee882424-4147-479e-abf2-1961e7bb92ba,First Baptist Church of Melbourne | First Baptist Church of South Brevard | First Free Will Baptist Church of Melbourne
1270600,Tallahassee,baptist,3,church_overture:2c792bd7-0942-41e6-9d43-d150f90fb49b|church_overture:a4560605-7c05-4be9-98b3-69270070753d|church_overture:b7957971-ddf3-4160-ad92-53492f2ea5cb,First Baptist Church of Saint Marks | First Baptist Church of Tallahassee | First Institutional Missionary Baptist Church
1304204,Augusta-Richmond County consolidated government (balance),presbyterian,3,church_overture:10de05b3-7e5a-4d57-97c9-954286e7d7d8|church_overture:2f251f52-b7d1-4bb8-a057-e3e500afb85f|church_overture:49a3f5e3-809c-43ff-832a-456f201ea46d,First Presbyterian Augusta | First Presbyterian Church Augusta | First Presbyterian Church Of Augusta
1313492,Carrollton,baptist,3,church_overture:605fb68d-cddf-4fa7-8c2c-a6cac72c0c52|church_overture:988bab9f-0c01-403a-a897-3444611ae9fd|church_overture:f6380de5-ff9a-4841-a629-965b1f7710ab,First Baptist Church
1319000,Columbus,baptist,3,church_overture:2a497459-fd8a-4e4b-b847-503b61055747|church_overture:75d9ba8a-528f-4eec-a8b2-baab71cea4bf|church_overture:a708cb01-3fd5-4c5b-b530-7f8bef784a3e,First African Baptist Church | First Baptist Properties Inc | First Free Will Baptist Church
1335324,Griffin,methodist,3,church_overture:3c467ea7-da34-4e4c-bfed-7b374e46d513|church_overture:6e99e317-be40-4ce1-a521-51de800110d2|church_overture:a146f4a2-53a4-4901-b5f3-5e093cd5abba,"First United Methodist Church | First United Methodist Church, Pastor | First Wesleyan Church"
1337396,Hawkinsville,baptist,3,church_overture:64148a2b-5e49-405c-80f4-609a49ae5e13|church_overture:8e085838-aef6-47cc-a064-37c513a2541a|church_overture:c3a88fc0-d8c0-437d-89a5-9eb1b1c83f5a,First Baptist Church Weekday | First Baptist Church of Hawkinsville | Hawkinsville-First Baptist Church VBS
1353060,Moultrie,baptist,3,church_overture:0b0ec9aa-9e8f-4f72-ab6f-d65c77fcbc52|church_overture:1d565961-fd4b-4f46-b7c9-a4ff89254561|church_overture:34b2b9c8-7d09-4e4e-a845-4cd83f15f7fe,First Baptist Church Moultrie | First baptist church | Unity First Baptist Church
1367984,St. Marys,presbyterian,3,church_overture:425a935d-a437-4466-9de9-8429f0495357|church_overture:ad419eb3-09d0-48eb-88b7-fba29c3e3254|church_overture:f55012d9-2c70-4675-aa12-7995fb966623,First Presbyterian Church | First Presbyterian Church Built In 1808 | Saint Marys First Presbyterian Church
1369392,Scottdale,baptist,3,church_overture:36003967-a270-4937-91a4-1121c3efd84c|church_overture:be9d0237-08ea-48e9-90e6-6f511dda9721|church_overture:ff0e04a4-214a-44d3-bfd4-55444a765446,First Canaan Baptist Church | First India Baptist Church | First Norman Grove Baptist Church
1376224,Thomasville,baptist,3,church_overture:50b519b1-c89d-472a-9616-962350ef1ffb|church_overture:548b2cab-2365-425c-a6f0-dc604361c70b|church_overture:d07ae9c4-7a86-481e-a6ba-248d95929d4c,First Missionary Baptist Church | First Unity Missionary Baptist | Thomasville First Baptist
1380508,Warner Robins,baptist,3,church_overture:31c2376a-ed40-4ffd-9854-66d4b0b610b7|church_overture:d1ad8a1c-f549-4fe8-abcc-0b85dde35529|church_overture:d72a935b-bbdc-4475-b0c1-bfb4be53a8af,FIrst Baptist Church 210 garmon | First Baptist Church | First Baptist Church of Warner Robins
1705599,Bethalto,baptist,3,church_overture:226910bc-0337-4bda-bd49-c4ebadbfe0d0|church_overture:781ef3f6-850a-4d2a-90f0-cdcf76a9a0d9|church_overture:b4362998-8e8b-48fd-b969-87259c26cd70,1st Baptist Church of Bethalto | First Baptist Church
1710383,Cairo,baptist,3,church_overture:02d35da3-0cb9-4e25-b448-3f9309c401db|church_overture:cbcdee2e-31cc-4ad1-8bb5-7d926401f8b6|church_overture:cff7b64f-8b45-4d32-b2e9-e2ed111041d5,1st Praise Missionary Baptist Church | First Central Missionary Baptist Church | First Missionary Baptist Church
1726454,Flora,baptist,3,church_overture:7bd06ad2-117a-47b2-81d5-68274e581518|church_overture:bf3de9b1-3f72-467c-a570-385e5397d903|church_overture:ef8238e6-d726-4c28-aff8-1682b47bb9f8,"First Baptist Church | First Church of Flora, IL | First Southern Baptist Church"
1727884,Freeport,methodist,3,church_overture:2a242348-0faa-4d48-be69-171e635c0b42|church_overture:444bc21b-146e-442f-88c6-0b3d042629e0|church_overture:93623128-20fc-465d-9f13-d4804f89c166,First United Methodist Church
1764746,Rochelle,baptist,3,church_overture:01096f08-839a-4301-b156-a7c0d66d9652|church_overture:bf7f1154-7c03-45e6-b342-fd2367b6b081|church_overture:d264e766-00ff-4af0-b802-c5d605c21485,First Baptist Church | First General Baptist Church
1765078,Rock Island,baptist,3,church_overture:67e84d23-b26e-4041-93ef-e866fa74adb0|church_overture:c18da101-6386-4651-8f72-682040c2f3c5|church_overture:d4879713-d073-4baf-b2a6-3afd1f397d77,First Baptist Church of Rock Island | First Landmark Missionary Baptist | First Paradise Baptist Church
1822000,Evansville,baptist,3,church_overture:58cb693c-bc44-47cf-a898-51bc8b4cb08e|church_overture:bf038acb-5c83-4093-a3e2-e76c5d992208|church_overture:d2d9f4ea-528d-4a33-b7be-d8655ea204ec,First Baptist Church | First Ebenezer Baptist Church | First Southern Baptist Church
1875428,Terre Haute,baptist,3,church_overture:77400093-e9d6-4f1a-a5bf-a89c08ebb36b|church_overture:c9be9238-7ec5-4e67-8cbe-02e2caf452c4|church_overture:e31e74d8-4353-47ab-a0f5-86a182dc834a,First Southern Baptist Church | Terre Haute First Baptist Church
1912000,Cedar Rapids,pentecostal,3,church_overture:30ff79b9-5ee0-45ed-ae4c-28c34147cf24|church_overture:955b1512-d281-40f4-8bf7-f4a7bf59abef|church_overture:ed30ae9d-1524-4465-aa4b-a027c1818187,First Assembly of God | First Community Pentecostal Church | First Pentecostal
1919000,Davenport,baptist,3,church_overture:032683ee-9ae8-44cd-8926-2ef6e3818c92|church_overture:927f1012-4764-4f1f-a46b-967a4a419ae7|church_overture:ca1392d7-517a-4f5f-a0fd-622f8d80e3c6,First Baptist Church of Bettendorf SBC | First Baptist Davenport | First Bible Missionary Church
2015925,Council Grove,baptist,3,church_overture:8beab85a-7fcf-42ee-92a9-97ab3aff2697|church_overture:b9dcac04-3fb2-4b83-b21e-715313660867|church_overture:cccd6324-1204-4f45-b3a6-240984b2b784,First Baptist Church | First Baptist Church of Council Grove
2035750,Junction City,baptist,3,church_overture:265e5586-ad7a-404a-b9a7-bd8abf899013|church_overture:a3f97374-d9c6-467d-90d6-3c4c81ab623b|church_overture:cad1d370-6b17-4c8c-bc30-f25ae18bc486,First Baptist Church | First Southern Baptist Church
2038900,Lawrence,baptist,3,church_overture:3e158f88-8091-4d95-89fe-06bd477a152c|church_overture:5bd76a20-bb27-45e6-a811-2d826b52d95d|church_overture:9faa8e7d-93ab-453e-803a-6175b057a36c,First Baptist Church of Lawrence | First Regular Missionary Baptist Church | First Southern Baptist Church
2128900,Frankfort,baptist,3,church_overture:38af9fda-902e-4968-b3dd-816cf8db18d7|church_overture:79d5dfdb-77ec-4736-bdcd-60b31857d378|church_overture:7decdb4d-671b-4645-ba01-13bf641b057b,First Baptist Church | First Baptist Church on St. Clair | First Corinthian Baptist Church
2133022,Greenville,baptist,3,church_overture:6d47985a-a1ba-4c15-96f2-8d0b3931f15c|church_overture:d00e98fd-4e4b-4991-88fd-cc7008970842|church_overture:fa2dc895-1945-4a92-a4ee-667a6b2d7a87,First Baptist Church | First Baptist Church Cherry Street | First Missionary Baptist Church
2240735,Lafayette,baptist,3,church_overture:09e49e11-5337-4713-ae8f-c5a298b3cdf2|church_overture:75596e6f-31b2-47ed-a5a1-45506ab6777f|church_overture:77e40b0e-61fe-468e-80c6-aaca1fc019c1,First Baptist Church Mission Ministry | First Baptist College House | First Baptist Lafayette
2243010,Leesville,baptist,3,church_overture:d7954fd2-1f60-48d6-9cc2-090ac7989ad6|church_overture:e26b2d7f-2107-46ad-9e55-44ff07555658|church_overture:e5be08bf-9832-4cd5-ab2e-578dbe84bc92,First Baptist Church | First Baptist Church of Leesville | First Saint Paul Baptist Church
2243010,Leesville,pentecostal,3,church_overture:607130a8-dd70-4393-916b-6cba4d7895a9|church_overture:ab6188f1-2985-4142-a7eb-850b82412b53|church_overture:ac0e82be-7d56-4572-9ec8-6e616332aa5f,First Pentecostal Church Family Life Center | First United Pentecostal Church | Leesville First Assembly of God
2253545,Natchitoches,baptist,3,church_overture:7855e9fa-9f40-4ef0-b97c-b52402adf96b|church_overture:8bebf12e-f895-488d-9128-21b19bbfd0a8|church_overture:f7c5aed4-34cc-48cf-b800-63217980311e,First Baptist Church
2270000,Shreveport,baptist,3,church_overture:8ecacc15-7015-4d38-ba66-8992e002e8d2|church_overture:e419567b-dce1-4dcc-beac-a29ba63c7b6b|church_overture:fe14efb3-67c8-4b9e-8120-960c3ff51dd5,First Baptist Church Shreveport | First Baptist Church of Cedar Grove | First Baptist Missionary Baptist Church
2629000,Flint,baptist,3,church_overture:1065da48-0176-4d7e-84bb-b196287589ac|church_overture:15eae7fd-be18-4269-af21-cf7dc10024ce|church_overture:d28ca6f1-9fed-4976-85c1-dcc36aa60b21,First New Life Baptist Church | First Trinity Missionary Baptist Church | First Union Baptist Church
2634000,Grand Rapids,reformed,3,church_overture:52bfd567-692e-4f6a-a30b-20e4bbdfaa85|church_overture:7a86c6c6-fca1-4bc4-ad5d-37e7e9cfbcd8|church_overture:b082bfe1-de29-42b7-a00d-db8ca79f1adc,First Christian Reformed Church | First Netherlands Reformed Congregation | First Protestant Reformed Churches
2801260,Amory,baptist,3,church_overture:1fab40c9-3608-4592-abc2-491d85865ea7|church_overture:6bd0a126-189e-4c7e-8fa6-3dd8068aa689|church_overture:d946f6c4-3620-48ea-8f78-40913197870b,First Baptist Church | First Free Will Baptist Church
2808300,Brandon,baptist,3,church_overture:240cdf8c-07b9-49ba-b9bc-0f711dd4e787|church_overture:4e1c8d91-3d91-42c0-827b-fe41dc4f9062|church_overture:92c82de2-4fdb-4f06-8ec5-503f403f33bf,"First Baptist Church Brandon, MS | First Baptist Church of Brandon | First Baptist Church, Brandon, Ms"
2811780,Carthage,baptist,3,church_overture:a86a4e45-4e08-4a5a-945e-95e0df9effc4|church_overture:c5103180-d476-4ec4-86b1-83640752da45|church_overture:e02390dc-d9e0-438a-adfa-fd2a1154a63b,"First Baptist Carthage | First Baptist Church of Carthage,MS"
2829180,Greenville,baptist,3,church_overture:1114c730-8c2e-4902-8aa7-9c1a4c94df28|church_overture:1be8d807-4133-4553-8519-1cf42cf3b97f|church_overture:967e2fd6-ad2a-45e2-ac6e-15b26c5b3e37,First Baptist Church | New Hope First Baptist Church
2831020,Hattiesburg,baptist,3,church_overture:6972c8e3-cf2c-4f8d-9132-b452e3e0fea6|church_overture:987f1f6c-0fd0-416e-9f86-019d86f4346b|church_overture:aeb56abb-4826-44d0-bbf1-af93aecadf6c,FIRST Trinity - FTBC | First Baptist Church
2831780,Hernando,baptist,3,church_overture:138334cc-546d-4eb8-b5c4-8220f83d44d1|church_overture:75221081-2da4-493d-87de-e4603573d08e|church_overture:c5b85472-1598-42c8-8e35-23945997e7e5,First Baptist Church | First Baptist Church of Nesbit
2849240,Moss Point,baptist,3,church_overture:16c124be-783c-4bac-81d1-c2450840248d|church_overture:3611f48f-fcd4-4896-babf-31a592243751|church_overture:e026b39d-0823-4ac3-887a-381772f06693,First Baptist Church Moss Pt | First Missionary Baptist Church
2855920,Pearlington,baptist,3,church_overture:5267b954-1016-4e37-a7aa-41de8eae6c85|church_overture:89c7e440-c7bd-4031-a999-230ff03563a7|church_overture:d3dc9285-f1c6-4b07-a769-b9e0a8df15b5,First Baptist Church | First Southern Baptist Church
2911242,Cape Girardeau,baptist,3,church_overture:371b0399-e411-4176-98ba-32fda787795e|church_overture:abf5993e-bc3d-4c08-9731-d570f30dfa13|church_overture:d8e40550-499a-4ef3-af2e-177fd48aa1ff,First Baptist Church | First General Baptist Church
2919252,De Soto,baptist,3,church_overture:69f459f8-3260-405a-8b2c-27fe5cf0f633|church_overture:9aeab9da-f062-43e8-9a8b-4234e32d8365|church_overture:a11aaa59-721b-4214-9f0e-2bdcf6413cc3,First Baptist Church | First Baptist Church Of Desoto | First Free Will Baptist Church
2938306,Kennett,baptist,3,church_overture:6aa72d7e-e513-4cf6-a472-1310f8299aa4|church_overture:a3274183-8f55-42f8-a1c2-707e6c108768|church_overture:a954dc25-e2de-4d3b-8868-027111af8cc2,"First Baptist Church - Kennett, MO | First Baptist Church Family Life Center | First General Baptist Church"
2940916,Laurie,baptist,3,church_overture:1c6ab272-2481-479c-8b48-ff77be5dc850|church_overture:94c15354-46fe-43f6-a082-1b6c431a2ed7|church_overture:edd3e903-ea89-4e33-8321-3acf7e4da3f3,1st Baptist Church of Gravois Mills | First Baptist Church | First Baptist Church of Laurie
2954074,O'Fallon,baptist,3,church_overture:a0490890-f65f-45ad-8156-feb8eacc6b2d|church_overture:a28cc990-0ed0-4de5-b6c7-d34adca6ca3c|church_overture:c72082ea-4723-4507-990f-8c61d2b0da03,First Baptist Christian Academy | First Baptist Church of O'fallon | First Free Will Baptist Church of O'fallon
3137000,Omaha,baptist,3,church_overture:0937d76f-32a4-404f-b55d-7f6aeccef200|church_overture:bed1adc4-956d-4629-b77b-7eef5457a602|church_overture:fbd1e819-5719-43e8-8a67-8685364c7a1c,First Baptist Church ABC | First Kachin Baptist Church Of America | First Southern Baptist Church
3651000,New York,seventh_day_adventist,3,church_overture:138e3247-a6d4-42ad-aa7e-21be93d8d30d|church_overture:d8213486-53f5-405b-b7dd-2e9ca51053c8|church_overture:ddce390a-0a14-4147-867a-dbef8ba35f5b,Calvary First Nigerian Seventh-Day Adventist Church | First Ghana SDA Church New Page | First Russian SDA Church
3714100,Concord,baptist,3,church_overture:9351fba1-e274-492e-a979-88e78a8ccc1d|church_overture:cb2d2a20-65ec-4398-91c2-8f2353018af7|church_overture:d8321b0b-1bac-4298-b346-a3002cdca2bd,First Baptist Church | First Missionary Baptist Church | First Primitive Baptist Church
3726880,Goldsboro,baptist,3,church_overture:6d2eb62d-e576-4273-a06a-f5f5b4e82822|church_overture:a74aa69e-3e5c-4e17-8334-7e65b1435b90|church_overture:b60a9c79-6e5b-4f97-9532-f02cdfab6662,First African Baptist Church | First Baptist Church | First Free Will Baptist Church
3731400,High Point,baptist,3,church_overture:006709e1-6903-4ebc-acec-f3d8cf3e9e1c|church_overture:5b546c9b-69f5-48a1-85c8-a49cd1e27bbc|church_overture:6576917d-c003-4fe2-994a-36ce6d4ddedd,First Baptist Church | First Baptist Church of Archdale | First Emmanuel Baptist Church
3731400,High Point,methodist,3,church_overture:308998f6-122e-42cc-bce5-d73b0a01d4a3|church_overture:88a88e11-8f0f-4f08-babf-012123618f80|church_overture:fc6befed-a9db-4dc7-ae60-980bcf8c2f4e,First Haitian Wesleyan Church | First United Methodist Church | First Wesleyan Church
3734200,Jacksonville,baptist,3,church_overture:908adde1-9ac6-4a0e-b588-b3b25cde8bf2|church_overture:d3838d0a-a78c-4b99-b90f-bc20c464646e|church_overture:f5b29067-5a9d-4e86-967f-131cfbe0f74b,First Baptist Church Gum Branch Rd | First Free Will Baptist Church | First Missionary Baptist Church
3736640,Lake Waccamaw,baptist,3,church_overture:3fd3d479-1e7d-45f8-9904-a959a70c3b96|church_overture:f6b09bae-a291-4660-94c5-cc0ddefcfdcd|church_overture:fcf43bd2-4ac1-4bec-84c3-13712a75caf3,First Baptist Church | First Baptist Church of Lake Waccamaw
3739700,Lumberton,baptist,3,church_overture:4679f0c5-6d75-42f2-9e2c-c22c1b401af3|church_overture:4f7bcce0-a40a-4d9a-83b3-733f258773ef|church_overture:7f694d10-4ee5-4990-a951-39a70f21e2f2,First Baptist Church | First Baptist Homes
3756900,Roanoke Rapids,baptist,3,church_overture:09f10352-75ed-4f7e-a9e7-8ae5b712f470|church_overture:718aee55-8e6d-42d0-bf7d-774e611ecd44|church_overture:e1559d58-4eca-46ac-a826-b24b103146eb,First Baptist | First Baptist Church | First Baptist Church Halifax North Carolina
3764740,Statesville,baptist,3,church_overture:19be1d72-4f1d-4263-9934-6444fd643809|church_overture:a57470c5-e57d-415c-887b-6505d191e1c9|church_overture:ba99ffd0-441e-44bd-a332-3fca986c575c,First Baptist Church | First Baptist Church of Statesville | First Greater Living Missionary Baptist Church
4000200,Ada,baptist,3,church_overture:8ee6ae33-6ae1-40fb-a0c6-4114c8b6f32c|church_overture:c4444d1a-ab8f-4692-9c87-24519d19fc89|church_overture:ced29491-ff47-4ac0-a9ea-56dfe90fa3bb,Ada First Baptist Church | Ada First Indian Baptist Church | First Free Will Baptist Church
4013650,Checotah,baptist,3,church_overture:3d1e6fc3-85f8-42e2-b2eb-bb7570e979c8|church_overture:6ca7245f-7dcc-49f5-9e39-150ab5da06cc|church_overture:a65427ee-5bf5-4ed5-b77c-bb0b22f4b3a8,First Baptist Church East Side | First Baptist Church Of Checotah | First Free Will Baptist Church
4018850,Cushing,baptist,3,church_overture:48d724bb-efa2-460e-8469-fe611f2d1ea4|church_overture:ab0d6845-7941-4cfc-bda0-6c30184d83a5|church_overture:fcf0a3a3-3a80-425a-80bf-a34205293930,First Baptist Church Cushing | First Baptist Church North | First Indian Baptist Church of Cushing
4032900,Haskell,baptist,3,church_overture:24c00a18-82b4-4472-aa30-d201ecf8f7d2|church_overture:863bd687-c457-48e1-9951-5f78a9aee1d0|church_overture:955f964a-f933-4861-81ec-30acaaacbe75,First Baptist Church | First Free Will Baptist Church
4049200,Moore,baptist,3,church_overture:4d9dc138-4ead-442f-85d0-52e0399ce1dd|church_overture:5a033c9d-ae0f-403d-9094-3fce675f54bb|church_overture:da667b62-75f3-4501-8564-08b8aad60cfc,First Indian Baptist Church of Moore | First Moore Baptist Church | First Moore en Español
4059850,Ponca City,methodist,3,church_overture:2a88b691-3ee2-46f3-b537-d976da864910|church_overture:9839386b-ba87-41ba-9776-1ca148b540d5|church_overture:fc1c682a-5b10-4aa6-972b-2eab813093b3,First United Methodist Church
4066350,Seminole,baptist,3,church_overture:0088cc9c-8e80-46ed-98ae-25963ab3b0d7|church_overture:51b77ae7-e81f-4217-8199-93fe2c8dd789|church_overture:a9b4bb35-aee5-421c-bdfe-99af77e44d83,First Baptist Church | First Missionary Baptist Church | Seminole First Free Will Baptist Church
4082950,Yukon,baptist,3,church_overture:30def989-4b22-46e1-8458-c1569d0586b1|church_overture:8f28142f-d086-4fc1-b483-292d295a310a|church_overture:a55f4a2c-8f22-42df-93ae-14ee408344fe,First Baptist Church of Yukon | First Free Will Baptist Church | Yukon First Free Will Baptist Church
4147000,Medford,baptist,3,church_overture:969c6837-9ccf-4ee2-9d5e-5b1a26d28ecb|church_overture:c535221e-d76d-4a9e-ab99-6f4529193dc5|church_overture:f34146d8-3cd0-4006-b1f8-cdbe2b12494b,First Baptist Church
4164900,Salem,baptist,3,church_overture:1963d8b7-3b85-4ed6-9cd0-ff8ae7fad5b0|church_overture:4f3d0794-2752-41e5-aac2-41882e6e9db6|church_overture:c4164c78-2d79-401b-b2aa-1a24d93284eb,First Free Will Baptist Church | First Slavic Baptist Church | Salem First Baptist Church
4262416,Pottstown,baptist,3,church_overture:48df7f54-7e7d-4eaf-94d5-c537b6fd5c7e|church_overture:b62c94e2-ba7b-4009-bc0a-5c2e5860da6c|church_overture:d44376e8-6ad0-4b91-badc-f6c90f4a3958,"First Baptist Church | First Baptist Church, Pottstown"
4570405,Sumter,baptist,3,church_overture:0205cad1-268b-4978-9da3-017bca601cd5|church_overture:99b08978-83af-4827-86e8-c794770813c7|church_overture:dadc32f6-69aa-4451-a05f-f438c228a666,First Baptist Church | First Baptist Missionary Church | Sumter First Baptist Church
4715160,Clarksville,baptist,3,church_overture:38aeadea-3183-4a0d-8818-a3c06cebcd97|church_overture:9ed21af6-8f1b-4f91-8a97-6e5b65ebea2a|church_overture:ff7e3d64-d01e-4004-a2b4-4920847f0ad3,First Baptist Church of St. Bethlehem | First Baptist Clarksville | First Missionary Baptist Church
4723500,Elizabethton,baptist,3,church_overture:2c6a06dc-df98-4c6c-84d4-1d87721a8d87|church_overture:bc8682c6-6a28-4825-bcef-abc354cd7b35|church_overture:d90c2543-8968-42f2-b675-d22fd80eac2f,First Baptist Church | First Baptist Church of Elizabethton | First Free Will Baptist Church
4728540,Gallatin,baptist,3,church_overture:7b8db86f-bb6b-4e7a-987f-f4d783ae6a9f|church_overture:b481910e-7dad-46fc-905d-51890d172862|church_overture:ccbafb76-d4e3-471a-967c-34b06b96a96a,First Baptist Church | First Baptist Gallatin on Main | First General Baptist Church
4737640,Jackson,baptist,3,church_overture:1b58757f-824a-4de1-a25b-fc9f122b7699|church_overture:71beda67-c6d8-4791-b1d6-9784ddf3537f|church_overture:78423832-c08b-4027-8af1-55d631486fee,First Baptist Church | First Baptist Church Of Bemis
4745100,McMinnville,baptist,3,church_overture:438231f8-e09c-48c9-9edf-c4722de0f040|church_overture:924a3994-1b54-4ed0-ab35-15806448b00d|church_overture:f8a8af8a-35db-49df-bb5e-4f914ad1f8a9,First Baptist Church | First Baptist Church of Smartt | First Hispanic Baptist Church
4748000,Memphis,pentecostal,3,church_overture:338cf47c-9a03-4b92-9884-16eedd91f56f|church_overture:38c922e4-43f9-4286-b2a0-ba8a040bff01|church_overture:50d0b916-a844-4b35-9807-f3d547627873,First Assembly Memphis | First Assembly of God Church Athletic Field | First Pentecostal Church
4752006,Nashville-Davidson metropolitan government (balance),pentecostal,3,church_overture:4af87fdd-b832-4988-a69c-52fbdfc2e00e|church_overture:b4f1142c-d4a6-4f6e-8636-8dc43d53fdd1|church_overture:d968832b-7ddb-4e7f-b34f-2ecf78db8605,First Assembly of God Church | First United Pentecostal Church
4803000,Amarillo,baptist,3,church_overture:47c77ec2-99d7-49c0-a29a-6cadcf531743|church_overture:54f3f941-6d21-46f1-9c9f-a3c63e52c32d|church_overture:bc8c3594-de38-4536-93f0-77ae70a442ac,First Baptist Church | First Baptist Church International Ministry Center
4803264,Angleton,baptist,3,church_overture:1b62aca8-b64c-4cbc-b8cc-1151e2824fc4|church_overture:93b8825f-5854-4cf6-bb11-3b5de08a9ee3|church_overture:c24dd208-4511-482f-8d66-58fb60a12ac3,First Baptist Church | First Missionary Baptist Church
4804516,Atlanta,baptist,3,church_overture:3c3a1c99-71d6-4c19-a37e-cee7795b98c5|church_overture:696f0042-fa5b-4d4f-b585-2775a23ce599|church_overture:7d220dcc-226d-4978-8967-1ebd5ba77b68,Enon First Missionary Baptist Church | First Baptist Church
4805000,Austin,baptist,3,church_overture:977e3ddd-d0ba-46ce-a263-29cd609bbf74|church_overture:b69a2fc5-b43e-4de3-ab6b-e9546f78a411|church_overture:cb969dd1-fe72-485a-b2fe-50e74451bf46,First Baptist Church | First Baptist Church of Austin
4810912,Bryan,baptist,3,church_overture:15f61847-946b-427a-a26c-89333dcee95e|church_overture:657ed8e8-555b-4c8c-8671-78c97d672788|church_overture:8f9dd87b-de52-4036-aab0-427cc2dccef4,First Baptist Bryan | First Baptist Bryan Church | First Baptist Church
4815364,Cleburne,baptist,3,church_overture:01fd8fea-a2d1-475b-9780-78405b8bf1a1|church_overture:89b14442-83fe-4d75-af49-cd04a8505103|church_overture:9e5ab4f3-6440-4c1f-9c8f-cb59c7b6afbd,First Baptist Church | First Missionary Baptist Church | First Mount Zion Baptist Church
4833212,Henderson,baptist,3,church_overture:448f6b8f-c253-4be1-875f-82949aed0b58|church_overture:5ea3f266-bc5a-4b6c-9087-5f4c5cf0a5c0|church_overture:e95b4949-ad48-4ae9-9b32-0483887e4c80,First Baptist Church | First Free Will Baptist Church
4835000,Houston,methodist,3,church_overture:94d4ecfd-b3f5-400f-b59b-24466e221d4c|church_overture:9fad6d4e-a124-4678-b631-15ef581f3e5b|church_overture:bf84f9ca-09dc-4759-a092-2111a27aee93,First Filipino American United Methodist Church | First Korean UMC of Houston 휴스턴제일연합감리교회 | First United Methodist Church
4835000,Houston,presbyterian,3,church_overture:7643cd59-700e-4488-8072-2019bcdfe8b4|church_overture:d9196cfd-c690-4e53-8c01-4eac0dc92d48|church_overture:f7099989-d6ec-4668-af55-3953aee6432f,First Cumberland Presbyterian Church | First Presbyterian Church
4835528,Huntsville,baptist,3,church_overture:1f3c87c1-6cbd-4dc8-a8be-9bedeb667f81|church_overture:359830dc-0d21-4d2b-89b9-f5898a03553f|church_overture:a2ca8d0b-672f-4224-befb-06315495d3d1,First Baptist Church Huntsville Texas | First Missionary Baptist Church | First New Friendship Missionary Baptist Church
4837000,Irving,baptist,3,church_overture:51b5f72c-7ec7-4b33-adec-db73ab0123ab|church_overture:7c83fb6e-ebf1-4995-8501-567ccc4a73bd|church_overture:dd7fb3ef-6808-4136-8cf6-8400b61afb30,First Baptist Church Las Colinas | First General Baptist Church | First Irving
4839148,Killeen,baptist,3,church_overture:1091ffae-6da6-4579-b7b9-ca25a02a9ecd|church_overture:13478b7b-320c-48d9-bc2c-ad233ceb39ea|church_overture:a86f2d93-9d03-44d0-af7d-d75ce66ac4da,First Baptist Church | First Baptist Church of Killeen | Magnolia First Baptist Church
4841440,La Porte,baptist,3,church_overture:6443df42-2c20-46ba-8a16-492599c265f2|church_overture:b4422eb1-1070-46bd-9658-1defd136a129|church_overture:be9241c4-f73f-4d18-ae22-34d19890885f,First Baptist Church Lomax | First Baptist Church of Laporte | First Baptist Church-laporte
4843888,Longview,baptist,3,church_overture:3c0fb8e2-ca6e-48d1-a724-139bb0e1bbaf|church_overture:92df75d4-02e8-4cee-9757-2e5f473cf606|church_overture:9f2e6f94-aca8-4713-9a25-3c9cf53a08ac,First Baptist Church | First Baptist Church Gladewater | Spring Hill First Baptist Church
4845000,Lubbock,baptist,3,church_overture:4d266f60-96ae-4806-a6e8-28f85cf31183|church_overture:ceeccc00-f009-4eaf-a8a7-415e84f8ba38|church_overture:d63be7e9-33b9-4143-ba38-cd9f7601dfa4,First Baptist Church | First Progressive Baptist Church
4861796,Richardson,methodist,3,church_overture:91633b7f-554f-4bfe-b0b9-0863600f321b|church_overture:c4b781e8-a89c-4c7a-821b-8dc96851abca|church_overture:dc65b3ec-4f59-4bcd-9dca-ec4bccdfa941,First Korean United Methodist Church | First United Methodist Church | First United Methodist Church of Richardson
4864472,San Angelo,methodist,3,church_overture:0ee39567-eb3d-40f1-9b80-0089369dec80|church_overture:b8172aea-d7ab-485f-9020-a8215cef91be|church_overture:eca6703b-1602-4180-b411-868d45f87321,First Methodist Church | First United Methodist Church
4872020,Teague,baptist,3,church_overture:2903803e-fc42-419e-9532-4d8bc2cfe5c1|church_overture:d4cf952e-84f7-4818-85cf-abef74eda7db|church_overture:e61967cd-7fa5-48de-acc2-a8c2d2f61fc9,First Baptist Church North | First Baptist Church Teague | First Baptist South Teague
4873724,Troup,baptist,3,church_overture:c9929698-7814-4d4b-8b05-1409d2330f88|church_overture:e5e1203a-51bd-4d39-8778-2b38b423f138|church_overture:f92ca520-ee0e-4cab-ab6f-1384c31f8a06,First Baptist Church | First Baptist Church Troup
5161832,Petersburg,baptist,3,church_overture:18079e6d-93a1-4ae0-a572-51a309f72605|church_overture:1b239496-caac-4f9b-b4cf-4644f4d24c5d|church_overture:2fc918e2-4811-40de-b28d-5a8a6ef5dc25,First Baptist Church | First Baptist Church West Washington Street | First Full Gospel Baptist Church
5182000,Virginia Beach,baptist,3,church_overture:6f068390-d88a-46bb-ac7e-e8d197931079|church_overture:90d48c2c-8457-47d8-bbdc-069a151e9b46|church_overture:bd4994af-1035-423f-b791-b94b0bdbdf85,First Baptist Church Of Virginia Beach | First Chinese Baptist Church | First Lynnhaven Baptist Church
5363000,Seattle,methodist,3,church_overture:a5ac467d-3cd2-4c8e-b900-eb6dbe9df90e|church_overture:c63dad2b-2916-4dde-8c01-49b607d027a8|church_overture:c8870026-fcaa-4cee-8b8e-53c05f272eb8,First Free Methodist Church | First United Methodist Church | Seattle First Tongan United Methodist Church
5439460,Huntington,baptist,3,church_overture:1d7048a9-9e19-4ff3-8b59-9b7474587414|church_overture:3f0eb445-4c45-451b-9559-cbd3f7bf3e8e|church_overture:f72576b6-40e0-4954-b53a-13d1bc0a3481,First Altizer Free Will Baptist Church | First Baptist Church of Guyandotte | First Baptist Church of Huntington
5502250,Antigo,baptist,3,church_overture:5801b4a7-adac-4882-99a2-d243bf5346d4|church_overture:7d419868-84c1-478c-87d4-6d360bdf1cd7|church_overture:f6e391c4-8973-4771-9800-d62c8fea206c,First Baptist Church
5515250,Clear Lake,lutheran,3,church_overture:177c5dff-b014-48f4-815d-361f6e47da9f|church_overture:418c5e4d-e098-4be5-9585-67e2f765cf01|church_overture:a032c4be-1785-4607-a67a-9e6b8cf94ff1,First Lutheran Church
5550425,Medford,baptist,3,church_overture:294af2df-16ee-4640-86c8-a87fabc07a8f|church_overture:380791b5-7d52-4ad7-a1fd-c83203af42bb|church_overture:7603a9b9-1fdf-42df-88c2-07567f793514,First Baptist Church
0101228,Aliceville,baptist,2,church_overture:31d9a2f5-d579-4a01-b9ab-41cefaf67024|church_overture:76d9079d-eeb6-4c64-bb69-9f37b483bcb3,Aliceville First Baptist Church | First Baptist Church
0101852,Anniston,presbyterian,2,church_overture:3993c0bb-2240-48f0-90b7-d3f155ba0fe3|church_overture:ad5c0273-711b-44bc-bf58-ba9b21ce2b5c,First Presbyterian | First United Presbyterian Church
0102956,Athens,baptist,2,church_overture:402071b6-60e6-414c-96d4-6b9f3ff34ac1|church_overture:80b943f3-a216-4d9c-8344-a77a0957cc9d,First Baptist Church Youth | First Union Baptist Church
0103004,Atmore,baptist,2,church_overture:60d51ff8-8f11-4973-abff-b9d96e417bf0|church_overture:7bcae42d-fcf6-4371-ade5-4e46b3aa3319,First Baptist Church Of Atmore | First Freewill Baptist Church
0103004,Atmore,pentecostal,2,church_overture:80fe1f17-e4e0-4876-86ad-700141b781d5|church_overture:ea403f68-0984-4552-9777-9f7577c49ed5,First Assembly Of God Church | First Pentecostal Holiness Church
0104660,Bay Minette,baptist,2,church_overture:4d9f448e-3255-4ca6-928a-573a6b550642|church_overture:83333c3a-35be-4be1-a7d5-f24a9047b06a,"First Baptist Church | First Baptist Church (Bay Minette, Alabama)"
0107000,Birmingham,methodist,2,church_overture:676ba468-bb57-4ea3-9052-2af50e1d9de3|church_overture:f3923d03-0a44-4fc6-b5b7-75743214721c,First United Methodist Church | Inglenook First United Methodist Church
0107000,Birmingham,presbyterian,2,church_overture:737ac489-2b1b-4976-9904-ab7d706f77a8|church_overture:97348d14-3d70-4835-aa40-3250c767fbed,First Presbyterian Church Of Birmingham | First United Cumberland Presbyterian Church
0109208,Brewton,baptist,2,church_overture:390532f4-7118-4a67-934b-eaf24414596e|church_overture:92112710-ed1d-4cba-a63e-e5005924ad01,First Baptist Church | First Saint Siloam Missionary Baptist Church
0109328,Bridgeport,baptist,2,church_overture:131413c5-4489-409b-90a9-927100e1b7cd|church_overture:e4a6f700-cb9c-4bcb-be37-3568a7aadffa,First Baptist Church | First Missionary Baptist Church -FMBC Bridgeport Alabama
0109400,Brighton,baptist,2,church_overture:4ae0e492-b38b-4e7a-9281-92053f98fcce|church_overture:87a758d4-8371-45ff-8dac-dc7022a835a7,First Baptist Church | First Baptist Church Woodward
0111416,Calera,methodist,2,church_overture:4fe5e8ba-14be-413f-9559-449f1de4f1ea|church_overture:cbaf726b-9e69-4445-aaa9-1acc2a901f32,Calera First United Methodist Church
0112016,Carbon Hill,baptist,2,church_overture:639e79b9-142d-4a46-9325-35d63994f20a|church_overture:8a1ca487-145e-40d0-81f0-eec88a1fbed9,Carbon Hill First Freewill Baptist Church | First Baptist Church of Carbon Hill
0115136,Clanton,baptist,2,church_overture:8ba4dcf3-cdc7-40f2-bf28-ec006ed367ca|church_overture:dd6938fc-c06c-45e1-a344-808e20c111c7,First Baptist Church | First Baptist Church of Lomax
0116744,Columbia,baptist,2,church_overture:1c4f4e20-543b-4437-9f06-a0e7fef18221|church_overture:ec7142a7-30b0-49d4-8b82-023540236695,First Baptist Church of Columbia | First Missionary Baptist Church of Columbia
0118976,Cullman,baptist,2,church_overture:3865e7cb-e0c9-49e5-b90e-cd381f32da59|church_overture:a71db5d0-7026-4faa-b28b-822e75be37b5,Cullman First Freewill Baptist Church | First Baptist Church
0118976,Cullman,methodist,2,church_overture:050c29d3-5b67-46c1-848b-fabf64e7942f|church_overture:1654433b-d214-40fe-9d15-e43de5326ada,Cullman First Congregational Methodist Church | First United Methodist School
0120104,Decatur,methodist,2,church_overture:60190134-ed21-4d2d-afd3-ab6e56c5c585|church_overture:c1276c98-b7d9-4a5c-be64-67fa8072e05a,First Independent Methodist Church | First United Methodist Church
0124568,Eufaula,baptist,2,church_overture:ae2cb56d-1b22-434c-89cc-65f3699d0089|church_overture:c54b9062-b504-442b-bdfd-d3467421f564,First African Baptist Church | First Baptist Church
0124568,Eufaula,pentecostal,2,church_overture:47357954-e626-4ff9-9276-f0085236d57e|church_overture:e9a1927d-d79c-4fd1-a755-f84a50b6208d,Eufaula First Born Church of the Living God | First Assembly of God
0126848,Florala,baptist,2,church_overture:3888ca52-3c52-48a2-8405-077e2350c91d|church_overture:8e40db76-e99e-4479-9c4c-8a8edb2a2a8c,First African Baptist Church | First Baptist Church
0126896,Florence,methodist,2,church_overture:44366b90-5d61-466c-afdc-e23c2414131c|church_overture:d99ceb14-7315-4e9d-bc40-fa9288218cb7,First Independent Methodist Church | First United Methodist Church
0126896,Florence,presbyterian,2,church_overture:2faa4fd5-5ccd-4168-adff-66a80f12a541|church_overture:67515835-91d0-4fef-a39c-3f3269fbc334,First Cumberland Presbyterian Church | First Presbyterian Church
0128312,Frisco City,baptist,2,church_overture:0589ccfd-97a6-48c4-88a3-50144f56bede|church_overture:22fd0cab-05cb-48f2-9db7-8ac1c986ad48,First Baptist Church | First Baptist Church of Goodway
0129560,Georgiana,baptist,2,church_overture:13fd3658-21e1-4916-a8d0-e448b290b49f|church_overture:a5573328-de13-46e7-ade3-14a5c16031e5,First Baptist Church | First Baptist Church Georgiana
0130736,Gordo,baptist,2,church_overture:320274ea-4857-4dbf-a165-df3255513055|church_overture:e055265e-4fe6-42bc-84a4-2cea8d69af6b,First Baptist Church
0131912,Greenville,baptist,2,church_overture:269c6c08-28cf-481a-9673-2b9d8be9496f|church_overture:89de1134-9bed-4b32-b56e-0b1073169666,First Baptist Church | First Missionary Baptist Church
0131912,Greenville,methodist,2,church_overture:1a1549e2-50a1-4496-af20-c1ddb185d335|church_overture:c3683a18-0042-4f0c-a79c-9ed4c56198f9,First United Methodist Chr-Grnvll | First United Methodist Church
0132224,Guin,baptist,2,church_overture:c22f0dc1-4c3f-4414-a0ed-32c20eb9622c|church_overture:d74bdcda-5826-4da9-ad98-2efb73242531,First Baptist Church | First Free Will Baptist Church
0133448,Hartselle,baptist,2,church_overture:4340d4bd-5096-4d7b-bd2c-c1a613e7a3c8|church_overture:809fc02a-d55e-4065-9238-3e9ba3575f4b,First Baptist Church Hartselle | First Missionary Baptist Church
0136448,Hueytown,baptist,2,church_overture:0ce35f2a-af07-4da8-89c8-d28c736c27d9|church_overture:b681a186-9487-47ab-ae89-6fc08cbe55d4,First Baptist Church of Hueytown
0137000,Huntsville,baptist,2,church_overture:3b807cb9-4621-4a0e-a507-70e209435243|church_overture:7f80c096-ab03-40d0-9b40-2dc8752fdcba,First Baptist Church | First Missionary Baptist Church
0137000,Huntsville,presbyterian,2,church_overture:9a543d57-01a9-4d0e-b9d4-f9bf344a9f81|church_overture:f7b04740-bea7-473d-b0f3-c790ffe8b977,First Cumberland Presbyterian Church | First Presbyterian Church
0138272,Jacksonville,presbyterian,2,church_overture:0522d576-3dea-427c-8486-ab1b78e618cd|church_overture:ecf610a5-f312-44be-895d-a837ede45c02,"First Presbyterian Church | First Presbyterian Church (Jacksonville, Alabama)"
0141968,Leeds,baptist,2,church_overture:2a0c9981-ce4c-44b1-85b3-e263e4af9a19|church_overture:f9043997-0911-4a2f-af8d-6b11b1ead0cb,First Baptist Church | First Baptist Partrick City
0143720,Livingston,baptist,2,church_overture:97be09a9-f829-4e1a-9259-6f56ce83e6ca|church_overture:98f7a70e-9e08-4fd1-a04e-4185502062b1,First Baptist Church of Livingston | Livingston First Baptist Church
0150000,Mobile,methodist,2,church_overture:11fc6f8c-0dee-491a-95eb-01c3df68e3d3|church_overture:390f3d76-ae13-4566-bb93-86a6a5905a82,First Independent Methodist Church | First United Methodist Church Theodore
0151000,Montgomery,methodist,2,church_overture:8138a616-fffb-46c8-9b9f-2ce9e20ebe11|church_overture:ad8902a8-fda7-4df9-8e2e-c25e02845a53,First Independent Methodist Church | First United Methodist Church
0151096,Moody,baptist,2,church_overture:7d1e4fd4-956f-4974-9b35-1845eda9f0cb|church_overture:e76f570c-7f86-43a6-b267-8afd78efed65,First Baptist Church of Moody | First Missionary Baptist Church
0153016,Muscle Shoals,baptist,2,church_overture:456f19cc-02b6-458a-8849-c3b56001d2f2|church_overture:d21ee3dc-7f11-4aaa-803b-cda9ae04a126,First Baptist of Shoal City | First Southern Baptist Church
0153784,Newbern,baptist,2,church_overture:966e8055-c670-44df-82db-4ea104c04381|church_overture:9a089f4d-5436-41b1-ae5d-94eeb7073391,First Baptist Church
0155752,Oak Grove,baptist,2,church_overture:a1407afe-c1a6-4bcf-a7de-9ccb84fad165|church_overture:cb2d57c0-f482-44d7-910d-ccba953eec37,First Baptist Church of Oak Grove - Sylacauga | First Free Will Baptist Church
0155992,Oakman,baptist,2,church_overture:6999f8ab-86d5-42ac-9104-d99dbda00388|church_overture:7ecbda88-875f-4943-ab7a-314c43f0ffc1,First Freewill Baptist Church | Oakman First Baptist Church
0157048,Opelika,baptist,2,church_overture:4997dc4a-0eb3-464d-be59-ebfb007eac3e|church_overture:64ec5d8b-677f-4719-9072-bd8fb7094e55,First Baptist Church Opelika | First Freewill Baptist Church
0157120,Opp,pentecostal,2,church_overture:133f9def-8823-46f4-9c99-d73c55c8a186|church_overture:4cd07a09-b306-4210-a661-0126fb5ff6c8,First Assembly of God | First United Pentecostal Church
0157576,Oxford,baptist,2,church_overture:142c5e1d-cef2-4d37-9c6f-0ef0206265e2|church_overture:45592f62-25aa-43ea-a584-f0b8ae99f8fd,First Baptist Church Of Oxford | First Baptist Church of Homewood Acres
0157648,Ozark,pentecostal,2,church_overture:7dfaa876-e5df-4a49-8d0a-8904225e184a|church_overture:bf42538e-13ea-428f-88f9-105721604c9c,First Assembly of God Church | Ozark First Assembly
0158848,Pelham,baptist,2,church_overture:491b28ff-fe93-4a37-88ed-2dd15e362494|church_overture:68ba7c18-c2c3-42d9-9de6-d2d6238affa2,First Baptist Church of Pelham | Pelham First Baptist Church
0159592,Pickensville,baptist,2,church_overture:9116b0ef-5f03-4ff1-8190-2a016634a195|church_overture:b9d0d88c-1636-41a2-87ee-8ffefd619d3b,First Baptist Church | First Canaaan Bapitist Church
0163216,Ragland,baptist,2,church_overture:a9be61f7-0878-4028-8d31-3849f28b4cb8|church_overture:bd859525-f39b-40cd-a22b-f72170988781,Ragland First Baptist Church | Ragland First Freewill Baptist Church
0163576,Red Bay,baptist,2,church_overture:b07fbf5d-c90c-4df3-ae56-0b5d25205f07|church_overture:e27af029-8110-4a32-8b85-37d6ff202b86,First Baptist Church | First Baptist Church Red Bay
0165040,Roanoke,baptist,2,church_overture:1409d02e-dbe0-4c19-acf0-862520215922|church_overture:f400b53a-4770-41e5-a31f-4008f1cd56c3,First Baptist Church
0169120,Selma,baptist,2,church_overture:1a64f300-8ebc-4f10-9989-7f2b0dc24a88|church_overture:d20fb589-5a1b-414d-a1d6-fc4f600fc700,"First Baptist Church | First Baptist Church of Selma, Alabama"
0169648,Sheffield,baptist,2,church_overture:0f1886ce-c2f1-4df9-af18-cc47571e8f9f|church_overture:3e4cf5c4-af65-4ed7-8899-98c12ab69f2b,First Baptist Church-Sheffield | First Missionary Baptist Church
0173728,Sulligent,baptist,2,church_overture:05535e24-b6f2-4954-956a-ea421057d558|church_overture:bb8919cb-d44a-4f31-8df1-467c68940293,First Baptist Church | First Free Will Baptist Church
0174976,Tarrant,baptist,2,church_overture:16de2604-456c-4d73-832e-586cf06777df|church_overture:fa436eae-ab11-4a7a-b9e9-04087b229477,First Baptist Church | First Missionary Baptist Church East
0176584,Town Creek,baptist,2,church_overture:3008882d-63ed-40cc-a13d-571b5a9ace8f|church_overture:8f505187-8a9f-451c-92ad-ef9d3f1aa7d2,First Baptist Church | First MB Church of Town Creek
0176920,Troy,baptist,2,church_overture:3c589070-414a-4834-a420-3c2db26a33a1|church_overture:8f4a63d0-6494-4ef1-9149-5e0fc6bcc0a3,First Baptist Church Troy | First Missionary Baptist Church
0177256,Tuscaloosa,methodist,2,church_overture:d8a35449-c138-428b-bb9b-50fdd875802a|church_overture:ef983020-baee-4345-87d6-8be8cfd0a7f3,First United Methodist Church | First Wesleyan Church
0177256,Tuscaloosa,pentecostal,2,church_overture:a2f176b4-f384-466f-9489-49e4c7121d6b|church_overture:b3a43200-ad35-47fa-8e72-e0a66e052bf8,First United Pentecostal Church | Tuscaloosa First Assembly
0177280,Tuscumbia,baptist,2,church_overture:885a03ec-2b64-4075-aede-07b634650883|church_overture:e3ebd834-6e19-43a7-84f8-27918fdaf8dd,First Baptist Church | First Missionary Baptist Church
0177880,Union Springs,baptist,2,church_overture:2363ef34-be36-4328-85d5-d1f3842fbd02|church_overture:d576a634-8aea-4510-8b3f-c156f1de0289,First Baptist Church | First Missionary Baptist Church
0178204,Valley,baptist,2,church_overture:d2077e1d-b8c8-41ec-8647-fd265d4cf611|church_overture:f874159b-ff28-49f7-9473-645de17ac19e,Fairfax First Baptist Church | First Baptist Church
0178480,Vernon,baptist,2,church_overture:51ad0b14-f035-44da-bacd-9713f957e9c2|church_overture:6f8e8d2e-7ed4-41b4-b879-6123c6dc98dd,First Baptist Church | First Free Will Baptist Church
0181084,West End-Cobb Town,methodist,2,church_overture:0c3141aa-31e1-41f1-8abe-06784fc3c60a|church_overture:3fe23f66-7c67-4204-ad82-ae03871da6b0,First Congregational Methodist Church | First Wesleyan Church of Anniston
0203000,Anchorage,presbyterian,2,church_overture:62cd68eb-81a8-42c2-9d40-c51214ee64a5|church_overture:9257dad4-f2f7-4e9c-a0e7-5551f5804db6,앵커리지 제일 한인 장로교회 First Korean Presbyterian Church | First Presbyterian Church
0238420,Kenai,baptist,2,church_overture:d1472fd8-e47c-4db6-a79b-00864abdd877|church_overture:ddee95b3-6de9-423e-91d8-5cd14b07a89d,First Baptist Church | First Baptist Church of Kenai
0404720,Avondale,baptist,2,church_overture:b49052c5-ff9b-43fe-ba81-e999bf833641|church_overture:dde24497-f92c-48b5-ae36-fdba493a2d53,First Baptist Church Garden Lakes | Litchfield Park First Baptist Church
0406260,Bisbee,baptist,2,church_overture:054748df-eeda-4210-9f9d-16e62a757f94|church_overture:c5bdf8eb-eff9-4077-8895-8b2379ffb8e3,First Baptist Church | First Southern Baptist Church of Warren
0410530,Casa Grande,baptist,2,church_overture:40c65862-554c-410b-b3e8-41781282f1eb|church_overture:95bc88bb-194e-408a-ba21-224e940b9bb2,First Baptist Church | First Shiloh Baptist Church
0412840,Chino Valley,baptist,2,church_overture:4dd9f50e-fee5-4618-b70e-98c6b9ffd352|church_overture:8e53f899-dd0b-42bf-ab48-e2bdddf01432,First Southern Baptist Church
0422360,Eloy,pentecostal,2,church_overture:7dbab505-afa0-497c-b713-e0c9c67697c2|church_overture:86e18d79-8394-47cc-b9f0-fd1d637795f0,First Assembly of God | First United Pentecostal Church
0423620,Flagstaff,baptist,2,church_overture:8cfa3cf0-7c14-4873-84c7-15bbef27d688|church_overture:916ba625-c3d6-489a-bef7-041331a43298,First Missionary Baptist Church | First Southern Baptist Church
0427820,Glendale,baptist,2,church_overture:c38ba528-90ef-4808-9efc-1ad2d317ce25|church_overture:ee3acc07-b876-4575-bf92-a22e4bfa1517,First Baptist Bible Church | First Southern Baptist Church at Sahuaro Ranch
0455000,Phoenix,methodist,2,church_overture:44a8e76f-9b33-48f0-b853-7e083c2b8e54|church_overture:a9c34b23-9e25-4451-882f-e3edba027478,First United Methodist Church | First Wesleyan Holiness Church
0455000,Phoenix,pentecostal,2,church_overture:7a5a48ec-873c-475b-9a82-31c0056f1061|church_overture:9cff5beb-8f5e-4154-b351-822c3e326e33,First Pentecostal Church | The First Samoan Assembly of God Church Phx Az
0462000,Safford,baptist,2,church_overture:267eda90-e6de-44fb-ba0f-310a890fdb6d|church_overture:3996f4c5-3f2a-4ec0-b070-46d481367730,First Baptist Church | First Southern Baptist Church of Safford
0466820,Sierra Vista,pentecostal,2,church_overture:06ce64cb-f718-48fa-8622-c078ec75ea31|church_overture:35d1b093-1630-4de8-bb97-4b09ae81b542,First Assembly of God | Sierra Vista First Church of God In Christ
0476010,Tuba City,baptist,2,church_overture:d9b0af83-37e7-4c1a-a7d1-eda159134e67|church_overture:e7a27748-b052-4dd8-afb6-5b7f6f63e374,First Baptist Church of Tuba | First Southern Baptist Church
0481480,Wellton,baptist,2,church_overture:48960034-66fe-45e8-8798-adba385a1e4c|church_overture:86a699f5-fb18-4b55-9866-c45fa149df7b,First Southern Baptist Church | First Southern Baptist Church Wellton
0483090,Willcox,baptist,2,church_overture:afd91def-6dad-49e4-a493-7ca26fed041b|church_overture:db878f8d-1715-43eb-b8f1-f20c19394220,First Baptist Church of Willcox | First Southern Baptist Church
0485540,Yuma,pentecostal,2,church_overture:23112280-9ec6-4742-ba41-21d8ed78c38b|church_overture:2c019d36-94c7-4f7d-9456-98b2b95291f2,First Assembly of God | First Pentecostal Church
0501870,Arkadelphia,pentecostal,2,church_overture:0ebf3908-f605-441f-bcd6-c6e1c5bd03f0|church_overture:b5968bee-5280-4704-b668-fc4b231bc136,First Assembly of God | First United Pentecostal Church
0502740,Augusta,baptist,2,church_overture:3d30b552-ccf5-48e5-84c5-d6dfab19c75d|church_overture:fdc8e955-0a9a-4cc6-9550-ab3718bbb673,First Baptist Church | First Baptist Church of Gregory
0504420,Bearden,baptist,2,church_overture:debed30d-daac-4f5f-818f-36b3f269203b|church_overture:df9f4245-0183-46dd-b5fa-a37965cda3c4,First Baptist Church | First Southern Baptist Church Pastor's Study
0505560,Berryville,baptist,2,church_overture:1bb5d20c-ce33-4ca1-8203-47735654dca3|church_overture:d67b8ae3-88c8-4025-ad1c-41193b5e6c79,First Baptist Church | First Free Will Baptist Church
0507330,Blytheville,pentecostal,2,church_overture:2409fe63-52fb-456b-9194-1f0a631f4ded|church_overture:b224e06e-2d6b-4465-9479-123d38daaece,First United Pentecostal Church | First United Pentecostal Church of Blytheville
0507720,Booneville,baptist,2,church_overture:1242a8c0-e7e9-4aaf-8d76-4bcfaa8c6990|church_overture:77900098-09ab-49c0-bfa9-82ee0ded0454,First Baptist Church | First Free Will Baptist Church
0508950,Brinkley,baptist,2,church_overture:18a8145e-78a6-46b4-a3ac-10270fac6a98|church_overture:738c6548-060a-45b1-92e8-a8941af24b11,First Baptist Church | First Missionary Baptist Church
0509460,Bryant,baptist,2,church_overture:c4d84cd4-ed65-472c-8f2e-bd79830121a7|church_overture:ee58c680-f989-4ce1-9c0f-657cccde13ff,First Baptist Church of Bryant | First Southern Baptist Church
0510720,Camden,baptist,2,church_overture:1c43e7ae-c79b-4850-a562-7764b284f3da|church_overture:c89c4d6c-0f16-44e9-8737-96ab338dbe87,First Baptist Church of Camden | First Landmark Missionary Baptist Church
0513300,Charleston,baptist,2,church_overture:403df172-9c5f-4344-8c77-98090752cd06|church_overture:62ba55c9-414a-41de-bb9f-0e93058cdf8b,Charleston First Free Will Baptist Church | First Baptist Charleston Family Life Center
0513990,Clarendon,pentecostal,2,church_overture:196261c5-4cd6-4f41-8b8e-2f6248838ec0|church_overture:cc10ee21-03a5-4e15-a1a3-9f0383bfd27b,Clarendon First Assembly of God | First Assembly of God Church
0514140,Clarksville,baptist,2,church_overture:00a258c0-bf28-4421-87e3-a786138e52b5|church_overture:ddbcff10-2a1b-4c16-a115-bb0fbae0a704,First Baptist Church | First Landmark Missionary Baptist Church
0514140,Clarksville,presbyterian,2,church_overture:159b7d02-277b-4c31-bd63-e96570392faa|church_overture:602602ae-b13b-4bb5-896f-e3d660825a38,First Presbyterian Church
0514260,Clinton,baptist,2,church_overture:45de266f-6321-42cb-bdf1-b2a828a16f11|church_overture:695448b2-e11c-4aa3-af6f-4f6d88ed626f,First Baptist Church | First General Baptist
0515190,Conway,baptist,2,church_overture:104c7070-06fa-4707-9198-57388e148800|church_overture:6170fb77-805d-45a8-abd7-7f1081431369,Conway First Baptist Church | First Free Will Baptist Church
0517380,Dardanelle,baptist,2,church_overture:75f40031-7266-4e91-8f07-0da0656f3920|church_overture:d641effc-2887-4e05-ab7c-1a5c1d8f67ec,First Baptist Church | First Free Will Baptist Church
0518790,DeWitt,baptist,2,church_overture:0348727f-258e-45ec-8909-9201bceab57d|church_overture:920af549-7745-4769-a44d-bf632a2e235e,First Baptist Church | First Missionary Baptist Church
0518970,Dierks,pentecostal,2,church_overture:13528a7a-d323-434b-b60f-7d46a591bfd2|church_overture:558c2375-f00e-4db0-92f3-ddbe50581f89,Dierks First Assembly of God | Dierks First Assembly of God Parsonage
0519600,Dover,baptist,2,church_overture:399a8380-4da5-44e2-bdb2-549551ec6135|church_overture:d62d56a9-dcae-4e80-9367-81a0206672ff,Dover 1st Freewill Baptist | First Baptist Church of Dover
0520320,Earle,pentecostal,2,church_overture:1ba12d1a-221c-4f39-a558-cd62f45996d0|church_overture:4bef06ec-e7d0-46b4-9c17-8cdafccfb14f,Earle First Assembly of God
0521070,El Dorado,baptist,2,church_overture:59e36933-7faf-4bb8-9087-6500e72a4ac3|church_overture:eb94d295-9777-44c7-8765-c1a9e33a004a,First Baptist Church
0521730,England,baptist,2,church_overture:31727fad-e94c-4060-8d98-c48b11bc8904|church_overture:3c6e15e4-20fd-42f5-9aa8-cccc7b542f6b,First Baptist Church
0522240,Eureka Springs,methodist,2,church_overture:86a36060-6055-4be2-91dd-9b0deba26318|church_overture:9788db2b-e5f0-4b9d-b48a-7a3034ef547b,First United Methodist Church | First United Methodist Church Preschool
0523290,Fayetteville,baptist,2,church_overture:9001b90a-d068-4550-9c00-c17b2c940073|church_overture:bf3070b9-5565-4fd6-9a7d-a99169724e36,"First Baptist Church Fayetteville | First Freewill Baptist Church of Fayetteville, AR."
0524220,Fordyce,baptist,2,church_overture:3b769af7-c81c-4dcd-bb4d-3d7e75285ebf|church_overture:3dc6847d-b0de-460a-bce7-a111346fc6c2,First Baptist Church | Greenville First Baptist Church
0524220,Fordyce,methodist,2,church_overture:18ec038e-31dd-40f6-b078-02271b79efcd|church_overture:549120c6-3229-4117-b741-e133f96b9533,First Methodist Church | First United Methodist Church Parsonage
0524220,Fordyce,pentecostal,2,church_overture:639ab1ab-94db-4673-a92e-235527370e46|church_overture:854faf72-bf2e-4d34-9d56-8601ed8160eb,First Assembly of God Church | First Pentecostal Church
0524430,Forrest City,baptist,2,church_overture:200d654e-8727-4f04-a20e-196e25563b14|church_overture:87d3817d-8b28-45d2-b4fe-253d8a73338f,First Baptist Church
0524550,Fort Smith,presbyterian,2,church_overture:21973d13-a202-4fa5-b129-f51fbcef24b2|church_overture:357b90d5-c0c5-4210-ba05-00eeb88feaa3,First Cumberland Presbyterian Church | First Presbyterian Church
0527730,Gould,baptist,2,church_overture:07fa7a40-0d47-42ee-8c13-1d65824569db|church_overture:5c33c89e-3af7-4866-868f-8f62368dc856,"First Baptist Church | First Baptist M. B. Church, Gould, Ark"
0528600,Green Forest,baptist,2,church_overture:845f5437-c220-49dd-95dc-edb03361912e|church_overture:8a50a74d-d3ae-4a5f-90a1-1e5f8e97834f,First Baptist Church
0528780,Greenwood,baptist,2,church_overture:2eb6391f-45c5-4b10-9f12-339f89ed2820|church_overture:a70aee7a-67d4-42f4-a3e4-e637db50e527,First Baptist Church | Greenwood First Free Will Baptist Church
0529200,Gurdon,baptist,2,church_overture:c7167851-543f-47ad-b093-6ebc42769aed|church_overture:d5aa9c2f-db1b-4ffd-a954-ccd50f447a73,1st Baptist Church | First Baptist Church BMA
0529650,Hampton,baptist,2,church_overture:6cb7106b-db72-42c8-a687-7ba23d4c961c|church_overture:dd065e25-67ea-4dce-8840-e15304721835,First Baptist Church | Hampton First Baptist Church
0530460,Harrison,lutheran,2,church_overture:3c1840a3-f882-48ec-97ef-657e56c99226|church_overture:a181bc61-e20a-4997-860f-6675e7cf9d64,First Lutheran Church
0533370,Horseshoe Bend,baptist,2,church_overture:68299e5f-e543-4b4b-be73-b99861b51088|church_overture:dc93506c-6464-4dcc-8706-febcf3f63452,First Baptist Church | First Baptist Church of Horseshoe Bend
0534090,Huttig,baptist,2,church_overture:0bd68751-a207-45b2-b605-9b12bb453808|church_overture:45c091a5-19a5-4f06-9dfe-4de141c552da,First Baptist Church | First Baptist Church- Huttig
0534750,Jacksonville,baptist,2,church_overture:2be15bc2-8258-4248-bf51-348cf35781a6|church_overture:d67cb995-752e-4dd8-9e0f-ca3754bf5917,First Baptist Church | First Freewill Baptist Church
0535710,Jonesboro,methodist,2,church_overture:6a708b18-65c5-4496-a740-0380e628a673|church_overture:ea57ffb7-3acb-4a1e-9209-915eac68c382,First Methodist Church | First United Methodist Church
0536880,Kingsland,baptist,2,church_overture:35174d83-fafc-4f1f-8fda-c018beb903e1|church_overture:43578dd9-22e6-4be8-b4d2-5549da4eddc0,First Baptist Church | First Baptist Kingsland
0538890,Lavaca,baptist,2,church_overture:3c1c5e97-d62f-4f44-a232-140bf7d8af2a|church_overture:9bd4f7fc-b569-42e3-bfb1-2fd7fc9f5bfb,First Baptist Church Fellowsh | First Baptist Lavaca
0539370,Lepanto,pentecostal,2,church_overture:1789549b-dc2b-4070-8e87-f8bc0a47aace|church_overture:a0a71741-5254-41b7-a01e-719a40799cf1,First Pentecostal Church | Lepanto First Assembly of God
0539640,Lewisville,baptist,2,church_overture:5356cb70-acf5-4d15-9327-2a409564d11d|church_overture:d61d91d4-a769-4d0e-9a15-ddef410396be,First Baptist Church
0541000,Little Rock,presbyterian,2,church_overture:b2d8a406-5659-442e-a9f9-7bf13830dcc7|church_overture:c5993d2f-49de-46fc-b906-94702b1593fd,First Korean Presbyterian Church | First Presbyterian Church
0542770,McGehee,pentecostal,2,church_overture:670e159a-9e21-4ab5-851c-9278e9d43609|church_overture:ca68ba21-2ced-4454-aef7-f07d85209017,First Assembly of God Church | First Church of God In Christ
0543460,Magnolia,baptist,2,church_overture:8d305cef-5432-4175-91ca-9771ebeb5feb|church_overture:e874b316-318a-449b-8b21-ee0d9c87f1a3,First Baptist Church | First Baptist Church Study
0543610,Malvern,pentecostal,2,church_overture:9cf76bb0-b036-47df-8f85-db7ebc0974ec|church_overture:fbaf7ea7-61b1-4389-b03d-348d0414cc7b,First Assembly of God Church | First United Pentecostal Church
0544600,Maumelle,baptist,2,church_overture:1f49f4ad-3fdd-4f0d-b9b0-a4c8f0866d40|church_overture:35f3fe27-3219-41fa-999d-88d8e6d373fb,First Baptist Church | First Baptist Church Maumelle
0545170,Mena,baptist,2,church_overture:2da559fa-8ced-41f0-b444-65f1b0b76fc3|church_overture:64ff04a0-2604-4653-9e5a-ae4eee08b801,First Baptist Church of Mena | First Freewill Baptist Church
0546970,Morrilton,baptist,2,church_overture:220d0df5-c000-4341-93a7-a612825a5a7c|church_overture:34a7d859-cd61-4d01-ad27-c2c6a2a1fac3,First Baptist Church-Morrilton | Morrilton First Freewill Baptist Church
0546970,Morrilton,pentecostal,2,church_overture:f044534c-4cdd-4ef7-9537-8d603b21983d|church_overture:f614e879-b152-4016-84dd-27ff01ae29ed,First Pentecostal Church of God | Morrilton First Assembly of God
0547390,Mountain Home,baptist,2,church_overture:0145d6d0-a02c-4fad-8588-e5a2189eb90d|church_overture:cc7ada43-af88-46d3-b8fe-99fd55822225,First Baptist Church | First Free Will Baptist Church
0549580,Newport,baptist,2,church_overture:1802370f-9544-4e57-abfe-3dea042e0609|church_overture:cc123555-2b1e-4d57-ba16-5eab68383b7a,First Baptist Church | First Freewill Baptist Church
0549580,Newport,pentecostal,2,church_overture:b4a0aa51-a0a9-4c15-b4fb-e8c702a1afbd|church_overture:fd448a1f-665d-40fa-b83a-b3cfdfaa51f3,First Assembly of God | First United Pentecostal Church
0550240,North Crossett,baptist,2,church_overture:32f807b9-07d1-490b-8b7b-c9aac952c4c8|church_overture:3f07fd2e-cc85-4e88-80d4-f4f46f6d4ec8,First Free Will Baptist Church | North Crossett First Baptist Church
0550240,North Crossett,pentecostal,2,church_overture:2308ea7c-252d-4e06-bef3-b8b5671d4430|church_overture:383b368d-3527-40d8-a985-a65a642f9e2d,First Pentecostal Church of Crossett | First United-Pentecostal Church
0550450,North Little Rock,pentecostal,2,church_overture:253e2d48-f53d-45b7-a231-049a92d367c8|church_overture:588632d9-d745-4571-af17-5aea8c098846,First Pentecostal Church of North Little Rock | Vilonia First Assembly of God
0555130,Piggott,baptist,2,church_overture:7bc1ce37-a2b1-4ac3-b428-357de4514333|church_overture:8ceb650a-f01d-4987-aa2d-773dcad77fd6,First Baptist Church | First General Baptist Church
0555310,Pine Bluff,pentecostal,2,church_overture:45f769d4-47b7-4aa8-ad71-e11c4130dca7|church_overture:66fbfa0c-6b0e-4652-a253-10d533f08c77,First Trinity Church of God in Christ | Pine Bluff First Assembly of God
0556540,Pocahontas,baptist,2,church_overture:532b8f1d-664f-45d1-93ad-48e98bef1133|church_overture:cf72f27b-d872-4323-af1a-a2e631ba0760,First Baptist Church | First Free Will Baptist Church
0558490,Rector,baptist,2,church_overture:6a5ad413-0db1-4d74-ad4b-56ac8f3d0dd3|church_overture:ffcc7912-1bce-44fa-a1f2-5533f77281c0,Rector First Baptist Church | Rector First General Baptist Church
0560410,Rogers,baptist,2,church_overture:8fcb3dc8-8e69-4f94-ac83-62fd198efcfc|church_overture:bd40d3bd-f00c-4c13-9b9b-dc07986182a1,First Baptist Olive Street | First Baptist Rogers
0563020,Searcy,methodist,2,church_overture:75c921ac-6d54-4227-8dff-25b47d8151c9|church_overture:d8718df6-9d13-41c1-b2be-c4d4d2c773ed,First Methodist Church Preschool | First United Methodist Church
0563710,Sheridan,baptist,2,church_overture:15b9b7e1-cbd3-4cae-bc89-d564a515611f|church_overture:e46ac0ae-c0a3-4846-97af-870da8614e4d,First Baptist Church | First Landmark Baptist Church
0563800,Sherwood,baptist,2,church_overture:c2c48e95-8c48-4a59-88df-855eef69615c|church_overture:cf77af2d-3a02-4733-b2a7-5fb0e1687eed,First Baptist Church of Sherwood | Sylvan Hills First Baptist Church
0564730,Smackover,baptist,2,church_overture:1fee8ff5-cfb9-4f41-8514-430c77d6f372|church_overture:c8047821-2adc-4db6-a685-bbbd512fc30e,First Baptist Church
0565900,Sparkman,baptist,2,church_overture:6b3ebfbc-a404-4a2b-b532-3b11fa742e67|church_overture:b00ac481-64ab-4e8b-af54-55c870fbf398,First Baptist Church | First Missionary Baptist Church
0566440,Star City,baptist,2,church_overture:55a6f545-80e9-4dd9-9b05-43921e169dfc|church_overture:643bb07e-5dd5-419d-9251-6cc2ef91c47e,First Baptist Church | First Free Will Baptist Church of Star City
0567490,Stuttgart,baptist,2,church_overture:1948e2c9-460e-4382-b00b-39cb8a37ee89|church_overture:4b65d551-bad4-4fe4-bda6-5964a53b8fec,First Baptist Church Activity Center | First Missionary Baptist Church
0567490,Stuttgart,methodist,2,church_overture:7e8ed15c-2ea0-4424-a539-7d01c68ddb99|church_overture:d68809b7-f123-4cfb-9667-7a8c5af59521,First Methodist Church | First United Methodist Church
0567490,Stuttgart,pentecostal,2,church_overture:101d8cba-4082-4305-b4ab-2b7dd9b9bf0a|church_overture:1379ac41-4228-4dc1-aec6-036f1e29a6f1,First Assembly of God Church | First pentecoastal church of God stuttgart
0568330,Sweet Home,baptist,2,church_overture:6fa48818-8373-4a7a-a959-0dc5844f3777|church_overture:d7bb59d6-b35e-47d5-a9be-8143bdaefb2c,First Baptist Church Higgins | First Baptist Church Sweet Home
0568810,Texarkana,methodist,2,church_overture:0ed3a0f2-bd7c-4482-a5ca-9f3764dc5783|church_overture:c740d0c7-6e57-4413-8033-72e0eb98c56c,First Congregational Methodist Church | First United Methodist Church
0570100,Tuckerman,baptist,2,church_overture:203fd1a0-1075-4649-b14f-33f12983f2b7|church_overture:68224e34-d0ab-4422-ab96-c2195e1c7925,First Baptist Church | First Free Will Baptist Church of Tuckerman
0571960,Vilonia,pentecostal,2,church_overture:5c9e72ff-8903-4943-9588-dc3b53990e29|church_overture:990c95c4-f2dc-40f5-b1c7-e357edfcff51,1st Assembly of God | First Vilonia
0573310,Warren,baptist,2,church_overture:f034f79f-72c2-4322-9798-9c3a584fd799|church_overture:f5492b67-d68a-4bad-b898-c169a4761e88,First Baptist Church | First Free Will Baptist Church
0574540,West Memphis,baptist,2,church_overture:4e961276-2011-4d6b-abac-abf7fca1afea|church_overture:58fc9bcd-0c1d-4718-9061-863be94d5439,First Baptist Church | First Missionary Baptist
0577090,Wynne,methodist,2,church_overture:69124da8-e26f-45b2-8784-e3399880fcbd|church_overture:ccf2ea4c-bb68-4503-b212-5f74c3f62b6c,First United Methodist Church
0604758,Beaumont,baptist,2,church_overture:01a63514-775e-4027-92c5-91eb6fbe7007|church_overture:5e7a6a5e-4261-44f6-b16a-c2f419d878fc,First Baptist Church | First Southern Baptist Church
0605290,Benicia,baptist,2,church_overture:652c5b03-6697-449a-a42a-9fa0546014d5|church_overture:8944a56a-16b2-4a56-9cec-cebd916f5aee,First Baptist Church | First Baptist Church of Benicia
0611390,Carmichael,baptist,2,church_overture:0db564ef-f4c0-4dee-aa48-fced0e88c00b|church_overture:ea7e1309-c511-4498-846c-6ecb0496b1a8,Fair Oaks First Baptist | First Baptist Church Of Carmichael California
0612524,Ceres,baptist,2,church_overture:21d6b769-1ff0-438d-bd4a-5214d0d09273|church_overture:b6fdfff4-3b30-4125-b035-bc0e665c585f,First Baptist Church of Ceres | First Southern Baptist Church of Ceres
0613392,Chula Vista,methodist,2,church_overture:97855da5-3cc8-4d66-a20e-fe1df4c92e93|church_overture:d23a5e32-b3ac-4958-80dd-6f3cdfc6b6e0,First Methodist Church | First United Methodist Church
0614218,Clovis,baptist,2,church_overture:26e1c0aa-745d-4ad6-82d9-8e475aaa9a3b|church_overture:f11b6814-54d8-4573-acd7-1f95ecc51ce8,First Baptist Church of Clovis | First Free Will Baptist Church
0615044,Compton,baptist,2,church_overture:3b1888c4-554b-4072-9a30-da61292e1956|church_overture:d9490501-ea98-4288-8885-bff097423ec0,First Charity Baptist Church | First Evergreen Missionary Baptist Church
0616000,Concord,baptist,2,church_overture:d0b73d83-f1dc-4142-b20c-5f9758faf390|church_overture:f672a28b-ab91-41dd-885f-f142fc7c71aa,1st Brazilian Baptist Church Of Sf | First Baptist Church-concord
0619318,Dinuba,baptist,2,church_overture:e6baf0fe-805c-4d8f-8865-a60c420938fa|church_overture:ff446c66-e75f-46c6-8510-d962cb2dae44,First Baptist Church | First Southern Baptist Church
0619766,Downey,baptist,2,church_overture:65833be1-c596-4dd6-8ed8-a0016769ec94|church_overture:892c940d-f102-4ee6-89d8-d053eaf225e5,First Baptist Church of Downey | First Southern Baptist Church
0621712,El Cajon,baptist,2,church_overture:68133386-b6e6-47b0-9f66-0f6af64b17b0|church_overture:a665035e-06b6-469b-811c-4c10dc934dc9,First Baptist Church El Cajon | First Baptist Church of Bostonia
0622230,El Monte,baptist,2,church_overture:8558239b-be95-42a1-ba38-82031d720be1|church_overture:d5c27333-63bf-416e-aa39-2e85365475c0,First Baptist Church-el Monte | First Works Baptist Church
0622300,El Paso de Robles (Paso Robles),baptist,2,church_overture:5531f7f1-7aac-4d53-b6b6-537d5873f210|church_overture:63295c23-0417-4cf0-981e-73a61ff0f3c6,First Baptist Church | First Missionary Baptist Church
0622790,Escalon,baptist,2,church_overture:8863f58b-46b7-4165-88b5-1ef3c640b4a8|church_overture:f5798a3d-c857-4434-8ffe-2ffb50c4041a,First Baptist Church | First Missionary Baptist Church
0623042,Eureka,baptist,2,church_overture:c1908972-f31e-482d-b535-00496292329b|church_overture:f70d0e26-fc32-4f91-983a-f233f90a3147,First Baptist Church | First Landmark Missionary Baptist Church
0625380,Fountain Valley,baptist,2,church_overture:2a1f146d-e488-4d59-9336-d9ff7767b44a|church_overture:3f3e444a-9782-46c0-a913-40ca1192ed6e,First Baptist Church Valley Day Pre-School | First Chinese Baptist Church
0626000,Fremont,methodist,2,church_overture:36fbfea7-57a6-48df-8020-21e45c8b22a3|church_overture:456b1eab-2a2f-408b-bb4b-6633adca0ce1,1st Korean United Methodist Church | First United Methodist Church
0628168,Gardena,baptist,2,church_overture:25d71062-efb1-4f58-a0a2-487d0fb7d1fb|church_overture:f66ef344-c807-4062-829a-699060d7fbf3,1st Southern Baptist Church  | First Missionary Baptist Church
0630000,Glendale,baptist,2,church_overture:634a05fa-353b-420f-881b-7ea405166e32|church_overture:f3656c46-15eb-450b-9c88-82d15d399fb8,First Baptist Church | First Baptist Church of Glendale
0630000,Glendale,methodist,2,church_overture:11a7a531-9d0e-4996-85a6-44fed13b1af0|church_overture:37da4eea-85f4-4eb2-9b0c-3cedefb1366b,First German United Methodist | First United Methodist Church of Glendale
0636056,Huntington Park,baptist,2,church_overture:42c650cd-3c46-4dbc-9202-4aad11307646|church_overture:6df78650-1996-4a54-ac9f-c13f333a1e1a,First Baptist Church | First Southern Baptist Church
0641124,Lemon Grove,baptist,2,church_overture:8c2d37ca-4c60-4842-b849-6e66e3c1b64e|church_overture:d76c02fe-473c-4e8b-8dce-fa0b6fac582b,First Baptist Church | First Samoan Baptist Community Church
0643000,Long Beach,pentecostal,2,church_overture:00584b6d-e41c-41dd-9039-7af1793aacdc|church_overture:6be7ef6f-558f-4894-ade9-43930a1c765b,First Pentecostal Church Of God | First Samoan Assembly Of God
0644000,Los Angeles,lutheran,2,church_overture:5510c7ba-c199-4c2d-9b34-bf0bcf4ae36e|church_overture:ef60b843-b52b-411f-b383-883feee210e3,First Lutheran Church
0644000,Los Angeles,nazarene,2,church_overture:99011293-f5f3-4d5f-87a0-8970ebf2dacd|church_overture:dbdaea3e-c809-4dc0-b08f-3364aef3ccc7,First Samoa Church of the Nazarene | LA First Church of the Nazarene
0644574,Lynwood,baptist,2,church_overture:1e350abb-850f-41da-b7fb-fdf0b2abd3b3|church_overture:e80a989d-f130-432e-9649-1a7a9470ea4c,First Baptist Church-Lynwood | First Landmark Missionary Baptist Church of Lynwood
0645022,Madera,baptist,2,church_overture:4743e153-6b89-4dd4-bdcd-b59bbc4d1a95|church_overture:d793e289-9e99-4936-a4e4-b027140ccf97,First Baptist Church | First Southern Baptist Church
0645484,Manteca,baptist,2,church_overture:9160d2f4-0059-4526-b22b-4b1b9e3619f4|church_overture:c1da1ed7-bddf-496e-a252-577571b639ae,First Baptist Church | First Missionary Baptist Church
0648354,Modesto,methodist,2,church_overture:3853434d-1604-4a8b-856f-05f5d91231e2|church_overture:ad81b8c8-fc42-47fe-b642-960e9ad5ad89,First Christian Methodist Church | First United Methodist Church
0648648,Monrovia,baptist,2,church_overture:77e83dae-7120-4c2c-96a5-8c600b8fd1f2|church_overture:f9ed6a95-3c2a-4c43-a52f-424c9c1bc268,First Baptist Church | First Indonesian Baptist Church
0653322,Oceanside,baptist,2,church_overture:5ed0388e-3e57-4096-87cd-38b48264e4a9|church_overture:f7682439-772a-4c0e-8c63-9fd532e2a9db,First Baptist Church of Oceanside | First Baptist Church of San Luis Rey
0659892,Red Bluff,baptist,2,church_overture:1a9815ca-c576-41f6-bfe6-5363eb21bdb9|church_overture:d77fc6c6-6ffc-433e-ab3c-2b99c3322d2e,First Baptist Church | First Southern Baptist Church
0659962,Redlands,baptist,2,church_overture:20c04efc-4c7e-42d2-b7a0-dd8e1cef78d9|church_overture:50e379c4-7bea-4e3f-831a-05dd9a6d87ac,First Baptist Church of Redlands | First Missionary Baptist Church
0660242,Reedley,baptist,2,church_overture:4576eabb-4db0-42d7-a7a2-b36a29836927|church_overture:5848b368-ef9d-4690-ad0d-12da23d4392f,First Baptist Church | First Southern Baptist Church
0660620,Richmond,methodist,2,church_overture:4f5b9330-2a6d-43c6-bc20-a80a48a25a20|church_overture:9c684ec6-1861-4187-8018-d0c18253b28c,First African Methodist Episcopal Church | First United Methodist Church
0664000,Sacramento,methodist,2,church_overture:8e878057-4724-46f3-921c-6f56fefa0175|church_overture:c20aa528-35ed-4920-a5f1-9347d3e772ef,First Taulangau Tongan United Methodist Church | First United Methodist Church
0664224,Salinas,baptist,2,church_overture:400c61b4-4581-46a5-8a1a-39498b63ae9a|church_overture:e72c1bcf-c0e5-40c5-89fd-4d559c9099bc,First Baptist Church | Salinas First Free Will Baptist Church
0664224,Salinas,methodist,2,church_overture:5dec0b90-c411-4d49-882c-75a26979a612|church_overture:8ffad524-71a7-43b3-8319-fc2527e94d45,First United Methodist Church
0666000,San Diego,pentecostal,2,church_overture:b5b950c2-bc5f-4fe4-8cd2-f80302221e74|church_overture:e0fa466b-98f1-4348-adb4-05a4e5eb4e74,First Samoan Assembly of God | San Diego First Assembly of God
0667000,San Francisco,presbyterian,2,church_overture:03d7f398-db06-45a1-b5cb-f6fa6f520b9f|church_overture:bb6a46bb-482f-4f3e-8f04-c9f8304869aa,First Presbyterian Church of San Francisco | First United Presbyterian Church
0668000,San Jose,methodist,2,church_overture:88d16b5f-6eb3-4da9-a013-cb396e4e8273|church_overture:eb70a9e5-dc83-4861-99d5-895b9519cfef,First United Methodist Church San Jose | San Jose First United Methodist Church
0668000,San Jose,presbyterian,2,church_overture:231820c5-3895-4e2f-b73c-09951de86b08|church_overture:b5d03622-b4d6-4da4-9aa8-95cd452a9523,First Presbyterian Church | First Thai Presbyterian Church
0668084,San Leandro,presbyterian,2,church_overture:6cd111b9-7915-4c13-8a4b-2a4f7701ca4f|church_overture:98ba807e-5c6d-4667-9485-4ce9b0bc72c9,First Presbyterian Church of Newark | First Presbyterian Church of San Leandro
0669000,Santa Ana,baptist,2,church_overture:e9026f47-4afd-4462-b702-c70a6eed11a9|church_overture:ffa3d284-6a0f-429a-95ca-062bd3614711,First Baptist Church Of Santa Ana | First Korean Baptist Church
0669196,Santa Maria,baptist,2,church_overture:2bc0ec2c-4d81-49b2-a6e5-5f98d0722236|church_overture:82e6ed34-e4a8-4185-aecf-15b5cac2d6da,First Baptist Church | First Mexican Baptist Church
0670098,Santa Rosa,methodist,2,church_overture:b448b0d2-86df-4641-8221-b55249975f5e|church_overture:c1c2145d-eb3c-4988-bb53-2a454b324c0b,First United Methodist Church | First United Methodist Church - Stony Point Campus
0670882,Selma,baptist,2,church_overture:3271bc25-cba2-440c-9eab-5f6dc6c9109d|church_overture:6120593a-212a-4075-93ba-17667ba6129f,1st Friendship Baptist Church | First Southern Baptist Church
0678148,Temple City,baptist,2,church_overture:450ca111-e06c-4f60-b496-21e310ca9780|church_overture:67f233c3-1387-4bd0-9c88-0ac1a2929df5,First Chinese Baptist Church San Gabriel Valley | First Kachin Baptist Church - Los Angeles 
0680000,Torrance,baptist,2,church_overture:33851d00-eae4-4bda-9c27-992f8e2d7e0e|church_overture:c7189bdc-5e14-4f19-a1d0-88046fdf9f08,First Baptist Church of Walteria | Torrance First Baptist Church
0680812,Turlock,baptist,2,church_overture:40fd4923-d9ce-45f4-81a9-a88befb31182|church_overture:6e852fbd-f8c2-4aa2-9d99-db9f09a10dad,First Baptist Church Of Turlock | First Freewill Baptist Church
0681666,Vallejo,baptist,2,church_overture:6c47cfe4-aad9-449c-adac-6948f560412d|church_overture:bcf5f29a-7171-4387-a4f2-d60e20f3c5b9,First Baptist Church Vallejo | First Filipino Baptist Church
0682590,Victorville,baptist,2,church_overture:6c39955e-f77e-45b9-a1a0-022869837c5d|church_overture:ef6e706f-1426-4da8-99aa-4a88b1da857b,First Missionary Baptist Church | First Southern Baptist Church
0682954,Visalia,baptist,2,church_overture:780b89fb-c341-4c75-9038-8fc405ec9cb1|church_overture:d533f97b-41ba-4486-8f74-e37ce87c2a9b,First Landmark Missionary Baptist Church | First Southern Baptist Church
0683668,Watsonville,baptist,2,church_overture:32691ae3-bdb7-4c15-a5e0-22161197d014|church_overture:71485532-0027-4696-ac1e-309e9328cf60,First Baptist Church | First Baptist Church of Freedom
0684550,Westminster,presbyterian,2,church_overture:8042f546-22b9-4752-afaa-70fb61969e1b|church_overture:fef2689e-dae8-4d56-8d3e-8a257a5ac53e,First Presbyterian Church Of Westminster | The First Presbyterian Church Of O.C.
0685684,Willows,baptist,2,church_overture:d4b7f52b-705a-4b3f-b42b-eb7c8202b86f|church_overture:df34ba93-5164-4d16-ab3e-298e2048817e,First Baptist Church | First Southern Baptist Church
0816000,Colorado Springs,baptist,2,church_overture:0109d168-d753-4e25-89af-7adbdd6b600b|church_overture:0f63dbab-89ed-4aef-9337-269c5da3e0ee,First Baptist Church | First Southern Baptist Church
0820000,Denver,unitarian_universalist,2,church_overture:711c428d-e4de-470e-89d4-04106e79a851|church_overture:d434a241-9935-41be-ac30-1dcd0bd2b817,First Unitarian Society of Denver | First Universalist Church of Denver
0821265,Dove Creek,baptist,2,church_overture:5c6642ba-39e7-4652-afe4-e6d1fc4e26df|church_overture:f6dfd934-62a1-4659-8df2-6773eefe9984,First Baptist Church | First Southern Baptist Church
0827700,Fort Lupton,methodist,2,church_overture:8cad7653-b396-4d78-a0ed-4dea6cadb98d|church_overture:c4651841-0b7a-4cd4-a7ae-471365f158b4,First United Methodist Church
0827810,Fort Morgan,baptist,2,church_overture:6a8dc103-24e0-4ca8-960a-09a16c6803c6|church_overture:9ead95b7-1b26-4edc-87fc-7df957bd1632,First Baptist Church
0830835,Golden,presbyterian,2,church_overture:a9b16d7d-c0f5-403e-bd24-245fdba99776|church_overture:d2f64583-f507-4ef1-9436-493d47833dd4,First Presbyterian Church of Golden | First Presbyterian Church of Golden and Unger House
0842110,La Junta,baptist,2,church_overture:19b29efd-8fb0-4b27-a36d-490ab1a6db58|church_overture:29307603-b1f9-4600-a6ae-8b687afa3f38,First Baptist Church | First Southern
0883835,Westminster,baptist,2,church_overture:0f5d8cc4-ffd6-4130-bee0-520c0988df07|church_overture:9968e404-4e84-4afa-8ca9-795783057e98,First Baptist Church of Westminster | First Southern Baptist Church
0947290,Middletown,baptist,2,church_overture:28d38adb-3e7f-4482-a7df-5da906a20337|church_overture:f2ea23eb-09a3-43c4-a37a-b7d5a4e7279e,First Baptist Church | Zion First Baptist Church
0952000,New Haven,baptist,2,church_overture:460a722b-129e-420a-90d3-62774cccf5e2|church_overture:e24365a8-e507-48a5-8281-e35ded88a802,First Baptist Church | First Calvary Baptist Church
0956200,Norwich,baptist,2,church_overture:6da1067c-084d-414b-836e-c078a2676d8a|church_overture:70a828dd-c0cd-4591-b97c-43293d707bdd,First Baptist Church Of Norwich | First Haitian Baptist Church
0976500,Torrington,pentecostal,2,church_overture:36452ac5-1192-46ea-95cf-00eac5344136|church_overture:8ecd7d1c-75c8-4a95-916b-7600f20dba6e,First Pentecostal Church | Torrington First Assembly of God
0978880,Wallingford Center,methodist,2,church_overture:6ba24bab-7134-47e2-af8b-9574f73a1dbe|church_overture:e4d07297-ae62-45c2-af55-e803c01b2211,First United Methodist Church Of Wallingford | First United Methodist Church of Wallingford
1201700,Apopka,baptist,2,church_overture:0fc582f2-cc74-48d4-bfb9-c910b234e18a|church_overture:ed2c450d-0686-4a44-97bf-54bad30b0f06,First Baptist Apopka | First Baptist Church
1202400,Atlantic Beach,baptist,2,church_overture:b13d09bd-98cc-410c-bb9f-ab369b2faa92|church_overture:f2f314b8-d091-4534-a6e3-ad6e9d9a9bff,First Baptist Church Atlantic Beach | First Baptist Church of Oakland
1202750,Avon Park,baptist,2,church_overture:01576e5a-4585-40cc-ba80-1607983c6343|church_overture:ece83c61-7b64-4f80-9999-2aa4d0d5ff13,First Baptist Church Avon Park | First Haitian Baptist Church
1202750,Avon Park,methodist,2,church_overture:369e8cfa-a512-4548-ba12-04af33b58e62|church_overture:566e3456-1b24-4fa7-8b47-e1ecf8a7edd7,Avon Park First United Methodist Church | First United Methodist Church of Avon Park
1202925,Bagdad,pentecostal,2,church_overture:88db6cf1-6ecd-4192-b9eb-5b21462ca2f1|church_overture:b88993fa-d192-4b82-9420-f896c6c508e2,Bagdad First Assembly of God | First Pentecostal Church
1209625,Bushnell,baptist,2,church_overture:9080d3ca-f65e-4014-9033-cc36af3e421d|church_overture:c4733058-4e29-42e9-b845-22935051b4d6,First Baptist Church of Bushnell | First Baptist Church of Center Hill
1209700,Callahan,baptist,2,church_overture:2fdacb35-e70c-498f-be60-6c008cff10a7|church_overture:6f5293c9-ef11-4e7c-8ca9-97ffbec24d60,Callahan First Baptist Church | First Baptist Church of Boulogne
1210725,Carrabelle,baptist,2,church_overture:8222f890-5d4a-453d-9652-ba8ea0730421|church_overture:e479bf25-82e2-4817-bea7-0651bbecc2ad,First Baptist Church | First Baptist Church of Carrabelle
1211800,Chattahoochee,baptist,2,church_overture:5137210c-6a30-4d4d-baab-7d8d2e0e36d5|church_overture:e06a4e6a-e8fc-4a56-928c-49a7f07bb026,"First Baptist Church | First Baptist Church of Chattahoochee, FL"
1211975,Chipley,baptist,2,church_overture:94154354-e282-4d5d-a0bd-450a1e21cc4d|church_overture:d0779ef2-d20d-417d-bcef-442a65a80940,First Baptist Chipley | First Free Will Baptist Church
1212925,Clermont,baptist,2,church_overture:e6da1a66-48d6-4cad-9d39-fbe2b4fb1252|church_overture:ed9a4d17-2fa2-46a1-9d02-99c5d5a06ad6,First Baptist Church of Clermont | First Baptist Clermont
1214250,Coral Gables,methodist,2,church_overture:7eba9269-ffae-4dd6-9d20-526dadb9cd2f|church_overture:ff19021e-89d2-4e40-9488-46ae488136ad,First United Methodist Church Of South Miami | First United Methodist Church of Coral Gables
1214400,Coral Springs,presbyterian,2,church_overture:1b5bd4e7-5d70-4a51-baa2-1abb1ef9934c|church_overture:c70694ed-25c5-47f9-a6ab-9fb4be2d10f6,First Presbyterian Church Of Coral Springs | First Presbyterian Church of Coral Springs PCA
1215375,Crescent City,baptist,2,church_overture:b2e8be26-b103-424e-beb7-80d06e97ae1c|church_overture:c3c714f6-d750-4d35-ae51-db317aec4efa,First Baptist Church | Mt. Tabor First Baptist Church of Crescent City
1215475,Crestview,pentecostal,2,church_overture:1e8f6f52-b850-4408-95e1-d9caeac33ac4|church_overture:4ab24370-b06e-4bb2-a02f-94be2ec1bda2,First Church of God In Christ | First Pentcoastal Church
1215968,Cutler Bay,baptist,2,church_overture:3da97ed4-e966-47b7-80f9-989f1afbac74|church_overture:6963be59-d832-44c2-b62a-f272b353fe24,First Baptist Church of Cutler Ridge | First Missionary Baptist Church
1216125,Dade City,baptist,2,church_overture:8e21860f-c0f6-4d01-ae88-a9b3495ee780|church_overture:a626e553-03cd-4894-bfbc-77e410d6a3d5,First Baptist Church | First Community Church
1224300,Fort Pierce,baptist,2,church_overture:ad9e47ac-bb07-48f6-9b1d-f27ac664f8f1|church_overture:e87905f8-fc27-44e2-9627-79b0b9d36cc8,First Bethel Baptist Church | First Haitian Baptist Church
1224300,Fort Pierce,nazarene,2,church_overture:17669546-e1e8-4ea4-8298-388765c27a2c|church_overture:d9c546b0-b3de-4beb-bfe2-ca8d42e69237,First Church of the Nazarene | First Haitian Church of the Nazarene
1225175,Gainesville,baptist,2,church_overture:203d1268-b29e-42fb-851a-cf23171ed4b2|church_overture:37e2e6d7-2649-4aa6-91ea-6069afe76b9a,First Missionary Baptist Church | First Morning Star Baptist Church
1227400,Green Cove Springs,baptist,2,church_overture:7f4fa9ad-ea24-4817-8e05-523315cb770d|church_overture:9ba3e5ea-3ebd-4c98-9bde-fee9e29b065c,First African Missionary Baptist Church | First Baptist Church
1229150,Havana,baptist,2,church_overture:0b701a1e-1217-4f3f-9e8e-c7c391968a5d|church_overture:281a7ea2-2408-4f3c-9c62-144b46f0d685,First Baptist Church of Havana | New Jerusalem First Baptist Church
1232825,Hudson,baptist,2,church_overture:c62f45fe-2ad1-495c-9a93-0b824a1290c4|church_overture:d7537676-f3e5-48c8-976b-4cf46f5c1833,First Baptist Church Hudson | First Baptist Church Of Hudson Ministry Center West Campus Agape 5-2 Food Pantry
1233250,Immokalee,baptist,2,church_overture:803d41db-ffdf-4bdb-be24-bf9e62202dd9|church_overture:ebbb069e-7263-40fe-87d9-56d5ef681369,First Missionary Baptist Church | Immokalee First Seminole Baptist Church
1233950,Inverness,baptist,2,church_overture:0359060d-3b1c-4946-9466-e14f61d76f95|church_overture:547ce1f2-58e2-4816-980f-8617df69d6e8,First Baptist Church Inverness | First Baptist Church of Inverness
1235000,Jacksonville,pentecostal,2,church_overture:a2b5ee91-46c1-440c-b440-34e581d93714|church_overture:f74e4dd7-73cf-4112-9ffd-ecd91dd6e5e6,Baldwin First Assembly of God | First United Pentecostal Church of Jacksonville
1235000,Jacksonville,seventh_day_adventist,2,church_overture:30e1e91c-32e4-4113-af8b-3731c104b90b|church_overture:7b92ceb0-5115-4841-af85-b82c08c995de,First Coast International SDA | Jacksonville First Seventh-Day Adventist Church
1235050,Jacksonville Beach,baptist,2,church_overture:34151ec3-f550-4789-b034-4a6cd7caec67|church_overture:5662bd65-681f-48f2-91aa-d761a233a72d,First Baptist Church Jacksonville Beach | First Missionary Baptist Church
1236950,Kissimmee,baptist,2,church_overture:0adbc27a-6d22-4afa-92cc-2e9c6737db96|church_overture:9012e3b5-459d-4b9d-8023-35691333b3e4,First Baptist Church of Kissimmee | First Haitian Baptist Church
1237375,Lady Lake,baptist,2,church_overture:2dda5962-583a-4d90-b2e6-845276cf9171|church_overture:84bcd130-c9ea-4358-9368-d9bf20b19fdf,First Baptist Church Of Lady Lake | First Baptist Church of Lady Lake
1237525,Lake Alfred,methodist,2,church_overture:c300de4d-7892-4f8b-ab3c-b5523b9c2f84|church_overture:c602e7db-9474-4ca5-abec-0afbc2468670,First United Methodist Church | First United Methodist Church of Lake Alfred
1237775,Lake City,baptist,2,church_overture:bcb45fc9-975d-45c6-b256-1bb806646cf9|church_overture:cfa55b34-fb53-438a-9a60-52e1a6d2618b,1st Haitian American Baptist Church Of Lake City | First Baptist Church
1238025,Lake Helen,united_church_of_christ,2,church_overture:859d566c-9e7a-477f-a4e6-69fac1461e27|church_overture:8799c7d2-35bd-40fb-86d7-d2f3f05efa79,First Congregational United Church of Christ | Lake Helen First Congregational UCC
1239875,Leesburg,baptist,2,church_overture:c6a9cf61-47de-44e9-a03a-ed8202665f45|church_overture:de61d339-8803-4beb-b2c8-72923b02b889,First Baptist Church of Leesburg | First Baptist Church of Leesburg South Campus
1239925,Lehigh Acres,baptist,2,church_overture:4641d382-46be-4b07-a352-006cf32ef138|church_overture:8f149965-408d-49e5-93cd-ee020864795a,First Baptist Church of Lehigh
1242650,Malone,baptist,2,church_overture:31e17fc8-d05d-412c-a1bb-c7b00299a99b|church_overture:f3f85948-56e6-4979-9bcc-1b0e7c7c646f,1st Free Will Baptist Church of Malone | First Baptist Church of Malone
1245000,Miami,methodist,2,church_overture:a10ee6b5-bce5-404f-bed6-8bfd17faadae|church_overture:fc981ecb-ded1-4cc5-8cad-b9a6b3e604bc,First United Methodist Church of Miami | Miami First Haitian Free Methodist
1245000,Miami,presbyterian,2,church_overture:9760fd1e-62a8-436b-9a1c-b12c9f621d60|church_overture:aaef0ca9-4237-40c3-8026-89e455e6f199,First Miami Presbyterian Church | First Spanish Presbyterian Church
1245775,Mims,baptist,2,church_overture:4e2beb11-ae6c-4fd8-90f4-eca2790dfb88|church_overture:51cbac33-a22e-482a-8d6b-9361997ff840,First Baptist Church of Aurantia | Mims First Baptist Church
1247200,Mulberry,pentecostal,2,church_overture:72efe08c-2e6f-4877-aea9-c3cbda4b3b92|church_overture:b3cac612-9556-435a-8f4e-7eb0bf4f26d9,First United Pentecostal Church | Mulberry First Assembly of God
1248500,New Port Richey,baptist,2,church_overture:580e3c59-b5df-499e-8bed-f1577b0d03f0|church_overture:a5383453-af89-43a8-9464-12842746cccd,First Baptist Church | First Baptist Church of New Port Richey
1249350,North Fort Myers,baptist,2,church_overture:dab7aa3e-91c7-4fff-94bc-9a55c5d2349d|church_overture:f3c51b4b-2521-43ea-ba13-2cc6d5767468,First Baptist Church of North Fort Myers | North Fort Myers First Baptist Church
1253875,Palatka,baptist,2,church_overture:dd1a01d9-10f2-4d96-ad0f-43f03efc3d58|church_overture:fbefe174-8139-4993-8010-b7b36779d855,First Baptist Church | Mt Tabor First Baptist
1254700,Panama City,baptist,2,church_overture:a97a9485-1c9a-4af5-b0b6-2d01e4f6d3d6|church_overture:b42ba831-47e3-4a2f-aa86-8d5b09604d32,First Baptist Church Panama City | First Free Will Baptist Church
1255925,Pensacola,pentecostal,2,church_overture:99bcb939-25ea-4d41-9eaf-d89b3577b4a7|church_overture:afd44574-05a0-40ad-8552-d626c009b81c,First Pentecostal Church | Pensacola First Assembly Of God
1257550,Plant City,baptist,2,church_overture:cbc40b8e-34c8-4ddf-87e1-f4ab64d4b510|church_overture:e8e36c31-b1ac-4b9f-b9b0-8655fb65ca53,First Baptist Church Plant City | First Baptist Church of Plant City
1258575,Port Orange,baptist,2,church_overture:b4ad08ea-2e21-4919-92d5-924629568bf4|church_overture:dfe4bfa4-6a80-4fd1-a222-e6af936a79af,First Baptist Church of Harbor Oaks | First Baptist Church of Port Orange
1259200,Punta Gorda,baptist,2,church_overture:0193a55c-835c-4d05-967a-16db872be688|church_overture:284ba29e-7b9a-44d6-aa74-aa0b793034b4,First Baptist Church Punta Gorda | First Macedonia MB Church
1259325,Quincy,baptist,2,church_overture:84e93126-dba7-4ad3-82da-1a5419ef3a7f|church_overture:d80c46d7-a4f3-4769-9dfe-ca1fba16056e,First Baptist Church | Mount Moriah First Missionary Baptist Church
1260950,Riverview,baptist,2,church_overture:add7c242-19d1-45c7-aae6-a5a08bff189d|church_overture:f958a2af-07ff-450b-8c0c-87f3ae1fe792,First Baptist Church | First Baptist Church of Riverview
1263225,Samoset,baptist,2,church_overture:9ca38ce4-3cbd-402a-8191-8eb77f07b7e2|church_overture:bdf97a34-4847-4551-85f0-2bce372036a9,First Haitian Baptist Church of Bradenton | Samoset First Baptist Church
1263650,Sanford,baptist,2,church_overture:32d4d990-2ca2-41ce-aa8a-7d6cec4df40e|church_overture:c456f5de-7416-43f8-b88d-89e2bd04c2ab,First Baptist Church Of Sanford | First Shiloh Missionary Baptist Church
1264175,Sarasota,baptist,2,church_overture:d4673d8e-b3bf-4647-8965-78162056fa99|church_overture:ee7e9d4f-b960-4608-9831-f61bba350d26,First Baptist Church of Sarasota | First Haitian Baptist Church of Sarasota
1264875,Sebring,baptist,2,church_overture:244b3572-c4c4-47c8-a5b6-041b272d1eab|church_overture:9d1490b3-74dc-4a9d-87c7-73899acd1dfd,First Baptist Church of Sebring | First Baptist Missionary Church
1266725,Sneads,baptist,2,church_overture:846866ca-3336-47ad-847b-6cf468333118|church_overture:aa4ef766-a915-4459-87c2-ed8068fa1e63,First Baptist Church of Sneads | First Free Will Baptist Church Of Sneads
1268275,Springfield,baptist,2,church_overture:53aba37e-fe8a-4bce-9700-88e9dd8193fd|church_overture:5a48c18e-4ac2-4897-9f10-f8ae7f732416,1st Providence Community Missionary Baptist Church | First Mount Moriah Baptist Church
1268350,Spring Hill,baptist,2,church_overture:1896daa0-85ba-46b5-9276-1f3043dd9d2b|church_overture:7a39b99a-0625-4842-94bd-58d3e2b066cf,First Baptist Church Of Weeki Wachee Acres | First Baptist Church of Spring Hill
1271000,Tampa,methodist,2,church_overture:3fd5e175-b0fe-44dc-9af8-85bf31a2b51e|church_overture:dd6cc006-3fd8-410d-bb94-2412a5c0ee77,First United Methodist Church-Downtown Tampa
1271000,Tampa,seventh_day_adventist,2,church_overture:7db92a62-924a-4c2d-a40d-c0eebfcfbaed|church_overture:bca0a472-ea2c-4c47-9588-f735360d3bea,First Seventh Day Adventist | First University SDA Church
1271725,Thonotosassa,baptist,2,church_overture:0509bbe1-dbdf-4351-af98-1d298ec27d24|church_overture:b6fb9410-29a6-470f-834d-dfa80fedbd4e,First Missionary Baptist Church | First Thonotosassa Missionary
1271900,Titusville,baptist,2,church_overture:09c45f7f-29ce-4ae2-9d35-b20131fe5639|church_overture:f1036b1f-a36f-461e-9849-e1c15a68a7b7,First Baptist Church of Indian River City | First Baptist Church of Titusville
1276600,West Palm Beach,lutheran,2,church_overture:2a7ceb2d-131b-42ff-a978-630e6951bb16|church_overture:3e92d8ba-ea0c-4ec2-be33-c18fbeeb251a,First Evangelical Lutheran Church
1276675,West Pensacola,baptist,2,church_overture:48c4548c-955a-49a5-827a-400ab3a9b0f2|church_overture:d2561f8a-376d-427e-a417-7bec303aecf7,First Free Will Baptist Church | First Slavic Baptist Church
1277275,White City,baptist,2,church_overture:18c0dbd6-4940-402d-8a3d-639bf754679d|church_overture:9448ceff-71fd-4083-ae2d-c7ccb40eaefe,First Baptist Church | First Baptist Church Of White City
1278025,Wimauma,baptist,2,church_overture:b23b0d7c-70d3-4d4a-9da9-23ca06e8f292|church_overture:d8f4df6a-a2c6-4423-a4e8-feebbbe11e8b,First Baptist Church Wimauma | First Prospect Missionary Baptist Church
1278250,Winter Garden,baptist,2,church_overture:4a621ace-cb5e-47ae-9b1e-215f7c5e90cb|church_overture:99a58d78-3f70-4d9e-abfa-30e847745b6a,First Baptist Church of Winter Garden | First Baptist Horizon West
1278300,Winter Park,baptist,2,church_overture:0eade3e8-1b63-4709-872b-528a1cabac89|church_overture:68903fcb-ec23-44ac-a5a0-2cac986de9f8,First Baptist Church of Winter Park | First Baptist of Winter Park
1301052,Albany,methodist,2,church_overture:7ced7069-47aa-41e3-a9be-fe12bb29268f|church_overture:9d416b24-1694-4d12-b20a-301f873338f5,First Methodist Albany | First Southern Methodist Church
1301612,Alma,baptist,2,church_overture:359f5192-f3fa-41e2-bc5f-0585e01b009c|church_overture:b419f2aa-8c44-4652-bab2-88ecff575cde,First African Baptist Church | First Baptist Alma
1303440,Athens-Clarke County unified government (balance),baptist,2,church_overture:1ba38974-c54f-4d17-a378-e9bff2a1457a|church_overture:67252c32-dac3-42b3-842b-cb7be53f9500,First Baptist Church | Hill First Baptist Church
1304000,Atlanta,methodist,2,church_overture:9eb22b2d-7cac-4677-8329-81ce454f6065|church_overture:c9f9cd18-8241-41df-9dd0-5f8cb2dc8253,Atlanta First United Methodist Church | First Saint Mark African Methodist Episcopal Church
1304204,Augusta-Richmond County consolidated government (balance),pentecostal,2,church_overture:904ace52-f291-41f2-958d-13382c85904f|church_overture:c5e8d775-ec9c-4135-9628-a32befd717b2,Augusta First Assembly of God | First United Pentecostal Church
1304896,Bainbridge,baptist,2,church_overture:e597b1af-838c-4150-9c0c-982707d8a2ea|church_overture:f58218d4-d5fe-4907-8127-d068edc81bb4,First African Missionary Baptist Church | First Baptist Church
1306016,Baxley,methodist,2,church_overture:52b6c133-4345-47c0-a09a-84b94b843581|church_overture:96f2c9af-377a-43fc-8a3b-d441080db140,Baxley First United Methodist | First United Methodist Church
1308284,Blackshear,baptist,2,church_overture:91767ccb-51cb-4ec7-8aeb-4ff636aa9296|church_overture:d9be17ff-22ae-4be3-b1af-18f6a47be792,First Baptist Church | First Baptist Church of Blackshear
1308536,Blakely,baptist,2,church_overture:03704b7f-d60e-43e5-b36c-dbe4117dfcd8|church_overture:60938452-d266-4e32-97c1-dc1221917631,First Baptist Church | First Free Will Baptist Church
1311784,Buford,methodist,2,church_overture:35a7181d-d756-4bf1-9406-48bf32f6181a|church_overture:8b989a41-f3c3-47d2-8906-606867a27b6c,Buford First United Methodist Church
1312400,Cairo,baptist,2,church_overture:2554152e-061b-4048-a197-f54ea70721ba|church_overture:f9d68e57-7d4b-4252-84de-c49acf594c35,First Baptist Church | First Free Will Baptist Church
1312834,Candler-McAfee,baptist,2,church_overture:2a3ed708-aa6f-4d12-bff8-c71eefb3c652|church_overture:5331f7e9-e464-4985-bc4b-1288ef0f3083,First Baptist Church Family Life Center | First Comfort Missionary Baptist Church
1312988,Canton,baptist,2,church_overture:4068f928-d264-45cd-b69d-669b408fd44a|church_overture:a4f553d3-df1f-4c14-abed-d8e694d5ee43,Canton First Baptist | First Baptist Woodstock
1316600,Claxton,methodist,2,church_overture:a40c526d-eedc-4613-a835-ea56aad9528f|church_overture:becef7db-21fd-44e3-b6eb-1eb49c2dcbbd,First United Methodist Church
1319616,Cordele,baptist,2,church_overture:bb7a8b38-e18b-4bc6-92da-af199b9b6d34|church_overture:bc84f43b-8335-4eef-b70e-214665bc5e9b,First Baptist Church
1321912,Dawson,baptist,2,church_overture:057bda9e-0931-489a-8f3b-fe2e1573301e|church_overture:a6d70fa3-6216-436e-a85a-8340f42687f4,First Baptist Church | First Shiloh Baptist Church
1322052,Decatur,methodist,2,church_overture:1c0b220a-96a9-412e-a78e-b6af964fe967|church_overture:d6f05582-cd14-461f-8137-a625f200aa2f,Decatur First United Methodist Chapel | Decatur First United Methodist Church
1324376,Dublin,baptist,2,church_overture:36a6ccbe-4a45-41ee-91d5-2ebf996a6a56|church_overture:758262e1-af1b-4ed6-b07a-a773b30067b1,First African Baptist Church | First Baptist Church
1324376,Dublin,methodist,2,church_overture:49b5d3d1-6bf5-48a3-a9ef-4603ebba7c7b|church_overture:9aaf04c7-16e9-4773-b12a-ab44bc2151ad,First Independent Methodist Church | First United Methodist Church
1325552,Eastman,baptist,2,church_overture:6dc2ddf0-2821-4e7b-b76e-231a11e36f5f|church_overture:d91129cd-152a-4294-b448-ea102cfb9efd,First Baptist Church | First freewill baptist church
1326084,Eatonton,methodist,2,church_overture:990dca66-2dd6-478a-9b61-d5132941eda7|church_overture:ab380576-4b33-4848-b973-e3f4254dddbe,Eatonton First Methodist Church | First Independent Methodist Church
1328968,Fayetteville,methodist,2,church_overture:834c8673-a1cc-45dc-bb93-7bdab5928d4d|church_overture:bf21d8dd-6446-481c-ab94-16dd10ee2326,Fayetteville First United Methodist Preschool | First United Methodist Church Scout Hut
1329528,Fitzgerald,baptist,2,church_overture:408a33e0-bdd0-4c94-adf4-e3e8cca326f2|church_overture:992626fa-d00d-4b8c-96d9-b6845a2bf942,First Baptist Church | First Fellowship Full Gospel Baptist Church
1332048,Garden City,baptist,2,church_overture:1abb323f-c5e6-41a2-8a14-0671683a24a9|church_overture:85863907-850a-49a6-bcde-d66fa81afcb1,"First Baptist Church of Garden City | First Vision Baptist Church, Inc"
1332528,Georgetown-Quitman County,baptist,2,church_overture:06d8a239-311a-4a31-905b-8ac2d63beaf9|church_overture:0b887504-148e-472a-8161-d31684d6b33b,First Baptist Church | First Missionary Baptist Church
1333336,Glennville,baptist,2,church_overture:0b7dc944-b5db-45d6-b37d-1d1ed51488ed|church_overture:d6d8cd43-3aa4-4ac4-9e06-f9e8fd1f3032,First African Mssnry Baptist CH of | First Baptist Church
1334512,Gray,baptist,2,church_overture:d8910f5e-9b5e-4b8d-b081-857575b74b4d|church_overture:db2ea4a7-aebf-4219-b62e-35801634a360,First Baptist Church of Gray | First Baptist Preschool Gray Ga
1336052,Hahira,baptist,2,church_overture:a8d38cdc-6794-46ea-b5e6-eaca6b085c27|church_overture:dc69d91d-ad7e-4bfd-876b-75b7d9f51feb,Hahira First Baptist Church | Hahira First Free Will Baptist Church
1337144,Hartwell,baptist,2,church_overture:749d016c-fdf0-46ea-8b64-833f22157ca1|church_overture:a5648194-ae24-4062-9bc9-dfcd0005c3f3,First Baptist Church of Hartwell | Hartwell First Baptist
1339244,Hogansville,baptist,2,church_overture:4b12d0f2-f767-4c40-be33-c1fdb89b9e08|church_overture:95f2cace-4040-4545-9bb2-98a54c5d2303,First Baptist Church | First Baptist Church-Pastor
1342100,Jeffersonville,baptist,2,church_overture:8bcd6a96-137d-434c-9dc2-6120f0fe6a17|church_overture:d6bf0ad6-b137-445b-88ff-978c2a9b42ee,First Baptist Church | First Baptist Church - Jeffersonville
1342268,Jesup,baptist,2,church_overture:c6f31721-e034-434a-b925-25a66ea4b6d3|church_overture:f2fc6e54-702e-4cd2-ae6e-0e6c6e61d432,First Baptist of Jesup | First Free Will Baptist Church
1343640,Kingsland,baptist,2,church_overture:10458a8f-7a2b-468f-af62-f113acd48d64|church_overture:e21899d9-05a0-4d9a-8445-3768d088a618,First African Missionary Baptist Church | Kingsland First Baptist Church
1344340,LaGrange,baptist,2,church_overture:0bf9ebda-3dfb-4649-9e62-19d67abcb5cc|church_overture:42a1fca1-87c6-4626-ba65-48ffc2512d6b,First Baptist Church | First Baptist Church On The Square
1347140,Locust Grove,baptist,2,church_overture:a7fa7a90-5280-49b0-9a77-2e15cee48443|church_overture:d8680bd7-c702-4714-bb49-537b5f7f7707,First Baptist Church Locust Grove | First Baptist Locust Grove
1348288,Mableton,baptist,2,church_overture:409c41de-b269-4150-9bc8-608e0ef69d6d|church_overture:78bc6c72-4759-4320-8611-6d70f4d62b55,First Baptist Church of Mableton | First Missionary Baptist Church
1349008,Macon-Bibb County,baptist,2,church_overture:55dafc6a-fd58-4102-933d-da9beaade561|church_overture:d4923573-ed17-4470-86a3-99b6d2cee13e,First Baptist Church of Christ Macon Food Distribution Center | First Baptist Church of Macon
1351072,Metter,baptist,2,church_overture:7d9dcfcb-7ad1-4ea9-a0b7-8056e0a9e6eb|church_overture:9319c14f-7cc9-4527-a7c8-3b62ee0dd6c3,First Baptist Church
1352192,Monroe,baptist,2,church_overture:52f978ce-1fcf-4958-812f-0e74da63517b|church_overture:643a4fa4-3448-40e2-b1be-5665c8e377f9,First African Baptist Church | First Baptist Church
1353508,Mount Vernon,baptist,2,church_overture:1caad4fa-4cb1-44eb-8c51-83a5e0d9bac7|church_overture:293a5966-ed69-40c8-8092-58b9a1689368,First African Baptist Church | First Baptist Church
1355020,Newnan,baptist,2,church_overture:4d4625d2-158f-4730-833e-8126e981032f|church_overture:914594d2-75e6-48e3-9f9b-75c3765ad777,First Baptist Church of Newnan | Mount Vernon First Baptist Church
1355776,Norcross,methodist,2,church_overture:852f621b-996f-45e2-97ef-bf37c17813f7|church_overture:a719d896-0bbd-4763-af00-bdf2e2bf049f,Norcross First Methodist Church | Tucker First United Methodist Church Wesley Center
1363084,Putney,baptist,2,church_overture:4b09f719-1795-4f0f-bf58-7c27c0121995|church_overture:a58972a6-a429-4175-b5a4-fd23da6854c8,First Baptist Church of Putney | First Mount Moriah Baptist Church
1364876,Reynolds,baptist,2,church_overture:a2ca964e-7886-4426-8609-a73d24375e35|church_overture:ab71cf24-961f-4d61-a0da-eab69a543b9f,First Baptist Church | First Baptist Church Reynolds
1366276,Rockmart,baptist,2,church_overture:0a483ea8-90e0-4c61-bcb6-00c096860420|church_overture:c92db300-0d08-4d5c-afc0-b8cb16776707,First Baptist Church of Rockmart | First Zion Missionary Baptist Church
1367984,St. Marys,baptist,2,church_overture:00b2fd22-0685-41f6-ac24-870a2a6b40db|church_overture:62322ebe-b32e-4f8e-bfba-5487defeba25,First African Baptist Church | First Baptist Church
1369448,Screven,baptist,2,church_overture:3e3b8e86-a10b-46c4-9519-e3d7b0839803|church_overture:bbc23019-21b5-48e9-a995-95b1c5893a8d,First African Baptist Church | First Baptist Church
1371492,Smyrna,baptist,2,church_overture:adbcfb04-8388-47f7-9bed-8e18cc004594|church_overture:d39e5cd4-9985-41d2-8eb3-a486b6209997,Smyrna First Baptist Church | Vinings First Baptist Church
1373256,Statesboro,baptist,2,church_overture:6b3389bc-42af-4236-85d3-33cf5bb6130a|church_overture:b5f30838-668b-464b-b666-c0fe453226f6,First Baptist Church
1373704,Stockbridge,baptist,2,church_overture:649d9b46-1df0-452e-8b94-ce0d57072dfb|church_overture:a449bf80-1abb-4895-bf24-67cd4eb95c9f,Clarkston First Baptist Church | First Baptist Church
1374964,Swainsboro,baptist,2,church_overture:54efc9f5-8eda-408c-af04-bbf2fb808729|church_overture:b6d06c1f-ebdb-43c1-a2a3-c5a7c2c37077,First Baptist Church | First New Life Baptist Church
1375188,Sylvester,baptist,2,church_overture:08992dad-2047-4e86-b6f7-ca140c5cfa94|church_overture:e9a35f2b-c36a-49fd-97a2-75c1708e1001,First African Baptist Church | First Baptist Church of Sylvester
1376224,Thomasville,methodist,2,church_overture:0e2003cc-ab73-4d5f-99ea-d88fd645e353|church_overture:f24bc237-807d-42b5-bc7e-7e92c2be89f8,First Methodist Church | Thomasville First Methodist Church
1377652,Tucker,baptist,2,church_overture:1732c1b8-6c84-4636-b1c5-feb05a95bc8f|church_overture:aa388d17-0b6f-485c-8fb6-2ca30a169f39,First Agape Baptist Church | First Baptist Church of Tucker
1377652,Tucker,methodist,2,church_overture:2eecdd39-14ec-4e3d-b2da-e3660074f118|church_overture:cf790e9f-af1d-49d3-942f-dac1321d373b,First United Methodist Church | First United Methodist Church of Tucker
1378800,Valdosta,methodist,2,church_overture:774cfa42-8da4-4445-9318-49d03dc10f7b|church_overture:aff0a244-0e46-461e-afd9-dee3a8f7f653,First United Methodist Church | Valdosta First Methodist Church
1379528,Villa Rica,methodist,2,church_overture:1eeed094-a59c-49e2-b09b-cfafc13f6ba5|church_overture:ab33b4a5-4859-49c0-a5d9-16ce70c19342,First United Methodist Church | Villa Rica First United Methodist Church
1380956,Waycross,baptist,2,church_overture:1dd3f915-ce6e-4d45-ad78-e3e01491ae82|church_overture:2b99c482-3943-4a45-9b5d-88c4a905bc68,"First African Baptist Church and Parsonage (Waycross, Georgia) | First Baptist Church"
1380956,Waycross,methodist,2,church_overture:3730d989-f052-4ddd-a11c-35b17cf2a073|church_overture:f1d86d21-7dae-422a-855e-b93c80b75f0b,First United Methodist Church Parsonage | Waycross First Methodist Church
1383420,Winder,baptist,2,church_overture:a43ab9f1-fcaa-4059-a2ca-da56a1b53370|church_overture:e90d5582-7fad-41d9-b988-efbedaaf126d,First Cambodian Baptist Church of Winder Youth Group | Winder First Baptist Church
1384176,Woodstock,baptist,2,church_overture:6681a1f0-0734-4f9a-8180-c26a2b7e385a|church_overture:d7de13b0-e52f-4e58-8c23-d79f067a522a,"First Baptist Church Woodstock | First Baptist Church of Woodstock,Ga."
1571550,Urban Honolulu,baptist,2,church_overture:1b98a092-ee8f-4e05-a36a-9eae0444907f|church_overture:9becd784-6c9a-42d7-bb31-c15aea46bd2a,First Baptist Church of Honolulu | First Southern Baptist Church of Pearl Harbor
1632140,Gooding,baptist,2,church_overture:d925ec39-7e11-4d13-81b5-87acc274dcb5|church_overture:da6faffe-4ffa-4f7f-a7ad-a74a500423a9,First Baptist Church | First Southern Baptist Church
1656260,Nampa,baptist,2,church_overture:35a33752-bb64-4f50-a6a6-2a61af81533f|church_overture:5acd9a8a-d2fe-49f6-8e16-565ffb78c678,First Baptist Church | First Southern Baptist Nampa
1682810,Twin Falls,baptist,2,church_overture:520559a7-7cd6-428d-a2a8-a058bf65b93b|church_overture:e91bf2bc-cfb6-4c95-afc5-7ddeaf25172a,First Baptist Church | First Southern Baptist Church
1702505,Ashland,baptist,2,church_overture:782830c6-5b44-4def-adf9-49c2a3b6604b|church_overture:a496ce0e-a50c-4ac1-97db-eaeb50ce321f,First Baptist Church
1703012,Aurora,presbyterian,2,church_overture:00c8189d-02d7-4248-aab9-50826e9d67cf|church_overture:9735add5-b39e-45af-902e-734f6f7af10b,First Presbyterian Church | First United Presbyterian Church
1705300,Benton,baptist,2,church_overture:cd527c50-0da2-4943-8a27-9b3ef9835982|church_overture:fda01bb6-13bf-4308-813a-7bd2515c3f27,First Baptist Church | First Free Will Baptist Church
1707133,Bolingbrook,baptist,2,church_overture:84196006-8f8c-4e9b-bfa1-d26f88188f24|church_overture:a3131a57-58ef-4267-860d-d39d646f289b,First Baptist Church of Bolingbrook | First Baptist Church of Woodridge
1711527,Carthage,disciples_of_christ,2,church_overture:0f3e2a8a-31fb-478d-b9a1-e71dd820bec3|church_overture:8cdc2e12-3e4b-4787-b5fd-73b86657bcf5,First Christian Church Disciples of Christ | First Christian Church-Disciples of Christ
1712476,Channahon,baptist,2,church_overture:981f055e-6b5d-4b14-80d9-cbcaf753d440|church_overture:9d9ff422-91be-466b-8594-b2b995286917,First Baptist Church United | First Baptist Church of Channahon
1714000,Chicago,methodist,2,church_overture:18852345-0c28-48f4-b3ab-47e19342c8fc|church_overture:bae3aed9-ef5c-4edf-94cc-117ff6676101,First Korean United Methodist Church | First Vietnamese United Methodist Church
1714000,Chicago,presbyterian,2,church_overture:a7180272-909a-4792-a87a-8dfd8d6cf9b6|church_overture:ac9e0bf9-13e9-4687-8857-94a1f471c581,First Cumberland Presbyterian Church | First Presbyterian Church of Chicago
1715664,Colona,baptist,2,church_overture:4be41bd2-c3a3-4ae2-9eae-082fb7d7bc16|church_overture:5047db62-241b-41be-8698-118abd4b5ebc,First Freewill Baptist Church | First Southern Baptist Church
1718823,Decatur,baptist,2,church_overture:55d375d3-ae45-4629-a96b-f82d03fe6bdd|church_overture:e4db98e4-7cdf-4ce0-a4bb-c4b32e9b420e,First Baptist Church | First Free Will Baptist Church
1722073,East Moline,baptist,2,church_overture:00c5f72d-9dae-47fa-9d5d-d36b2b5d49d7|church_overture:27370582-872c-4944-b82e-6efe8ca35aac,First Baptist Church
1722697,Edwardsville,baptist,2,church_overture:7ce91fa0-738a-4906-8f1d-b8ff62759807|church_overture:dbfa1a8e-9e9f-4266-946b-8c22bf919e78,First Baptist Church
1724764,Fairbury,baptist,2,church_overture:92d5dec5-e01b-49f3-b60c-b10d4fc5b19d|church_overture:bb332009-5fcf-40d9-9998-b11cf34fc0c1,First Baptist Church | First Baptist Church of Fairbury
1728144,Fulton,reformed,2,church_overture:182960c8-2db5-42c5-8652-1e04bd8c0df6|church_overture:45e6a2c7-9a06-440c-9234-5ff6df81689d,First Christian Reformed Church | First Reformed Church
1731524,Greenup,baptist,2,church_overture:0346bb30-84e9-40b4-b47c-4dbba0889191|church_overture:fb6c8971-d8b5-4592-97c7-869e21486669,First Southern Baptist Church of Greenup | Greenup First Southern Baptist Church
1733136,Harrisburg,baptist,2,church_overture:17c33c03-b06d-4d57-aaad-35d5c07e2d55|church_overture:9d82a5c4-8f47-44b8-a106-90dd2430da70,First Baptist Church | First General Baptist Church
1733513,Havana,pentecostal,2,church_overture:09970fdb-f517-481e-a5d6-1d0dc3b28980|church_overture:cb781f26-9619-4d20-b8cd-05cdebbf4b1e,First Assembly Of God | First Assembly of God
1736061,Hoopeston,baptist,2,church_overture:59ad35e5-9234-4e7d-8ee2-b4553a6ec3da|church_overture:6c0bacc9-d74f-4941-8815-7d8df30335a3,First Baptist Church | First Free Will Baptist Church
1737907,Itasca,presbyterian,2,church_overture:e5ab0669-14e4-4fea-b7f0-16a19deff8ed|church_overture:f32bd3a0-24c1-402a-811b-054303bf9424,First Presbyterian Church | First Presbyterian Church of Itasca
1745824,McLeansboro,methodist,2,church_overture:b2248d01-8a3b-4198-affa-4e3c6ec7c3ca|church_overture:c0b5eefa-dbe1-431d-89fa-8219e2ad1685,First United Methodist Church
1746916,Marion,baptist,2,church_overture:3a474c49-2037-42a7-bae5-f8ecaab8500c|church_overture:41e9bcc7-7d12-49dc-a841-2a1e19011601,First Baptist Church | First Freewill Baptist Church
1747553,Mattoon,baptist,2,church_overture:24b0dc25-9f18-4f5b-969f-a47296556989|church_overture:4b1fa734-222f-4bc0-8bcb-dd0be863a01d,First Baptist Church | First Southern Baptist Church
1748645,Metropolis,baptist,2,church_overture:9ae8cf83-16f1-4a8d-9878-075fd2de0fb4|church_overture:ad5edf36-cecf-46f5-9c67-63521c422a78,First Baptist Church Metropolis | First Missionary Baptist Church
1750751,Mound City,baptist,2,church_overture:d363c891-9690-4333-a7bc-c80921d60510|church_overture:f217e95a-9a5e-4e92-9113-a56fbcd8e971,First Baptist Church | First Missionary Baptist Church
1750868,Mount Carmel,baptist,2,church_overture:d2194ac4-68ec-4058-a647-c72379df8c35|church_overture:ef63ab9f-24fb-437d-a386-ad834ad35863,First Baptist Church | First General Baptist Church
1751154,Mount Sterling,methodist,2,church_overture:67867b60-3459-4b69-81d7-9297b7759aa0|church_overture:6e089361-696c-4d0c-b268-34ccda035348,Mount Sterling First United Methodist Church | Mt Sterling First United Methodist
1751180,Mount Vernon,presbyterian,2,church_overture:d4cf2452-8f30-442b-a96c-e0d1d931211d|church_overture:f060a0b8-fd07-44c4-bdc5-75c8c14bc9c6,First Presbyterian Church
1751232,Moweaqua,baptist,2,church_overture:52b3f18e-c8ca-46fa-a51c-0b4fbae391a7|church_overture:e3de13d9-728d-4456-b1b7-9178d003f55a,First Baptist Church
1753559,North Chicago,baptist,2,church_overture:3356c6d8-752d-4fcd-a853-804fc2588ee5|church_overture:dcc44498-5992-496e-8e96-d0307cafaa8c,First Baptist Church | First Corinthian Missionary Baptist Church
1757472,Pana,baptist,2,church_overture:6faf4477-751c-46b2-99e5-4f84e048e1ca|church_overture:898f76d9-cdbe-4bae-b527-a2cb5598ed56,First Baptist Church | First General Baptist Church
1757875,Park Ridge,methodist,2,church_overture:d365e661-4919-47be-bc32-34afd74c2a86|church_overture:efa1ad04-c4b6-4a03-9201-148c48fcf56f,First UMC Park Ridge | First United Methodist Church - Park Ridge
1759000,Peoria,methodist,2,church_overture:2f699ab2-b1d8-412b-a640-d24a433437c0|church_overture:84faa9da-2db0-4b9c-852b-2d58280699c9,First Free Methodist Church | First United Methodist Church
1762367,Quincy,baptist,2,church_overture:8523a7d3-532e-4d7e-a451-587dab6a32ce|church_overture:9bb72ab0-ef5c-4a24-a6cd-1ff28e9337b2,First Baptist Church | First Southern Baptist Church
1771448,Sparta,baptist,2,church_overture:3bde3fd0-69cf-426f-b96b-9ddfe72b808d|church_overture:94043105-624f-4396-9634-cd36d5711444,First Baptist Church | First Freewill Baptist Church
1772000,Springfield,methodist,2,church_overture:7b9936de-4f16-455d-8429-eb9d07a428d3|church_overture:e8145e67-4472-4153-b4cf-2b33c7e672a7,First United Methodist Church
1774574,Taylorville,presbyterian,2,church_overture:8a003c13-1e50-4bdd-80de-7617fc7e5d33|church_overture:a135e64d-d894-4e8d-acdc-04e58791143d,First Presbyterian Church
1777005,Urbana,methodist,2,church_overture:5fe54647-48b6-4f3e-b816-bdbcc889d695|church_overture:e63fc638-4625-48c5-8c92-db59b3adec69,FIrst Wesleyan Church of Urbana | First United Methodist Church of Urbana
1780333,West Frankfort,baptist,2,church_overture:2a349b50-26cf-49dc-922f-896bc78575e6|church_overture:e23ccbf9-3521-4228-adb9-53666c96a5d0,First Baptist Church | West Frankfort First Baptist
1782491,Winnebago,presbyterian,2,church_overture:119e5183-d96a-428d-aace-64a5b3438540|church_overture:3fbb0177-0860-4d73-9a3e-2801acb725cf,First Presbyterian Church | First Presbyterian Church of Winnebago
1783271,Wood River,baptist,2,church_overture:ce697e47-370a-4df6-bae9-3d1ff3f69439|church_overture:e9e3c14a-a12a-4398-b1de-a41a0b866575,First Baptist Church of Wood River | First General Baptist of Woodriver
1821070,Elwood,nazarene,2,church_overture:5cdea8ac-a0c7-4abc-a60a-7ab35a0bd128|church_overture:d4539b78-6766-4c3c-9e30-91d883505e64,1st Church Nazarene Elwood | First Church of the Nazarene
1825000,Fort Wayne,baptist,2,church_overture:42dc1776-e704-4093-8929-ba41b8d88290|church_overture:7a53606e-438f-47c0-b3d7-973604464f68,First Baptist Church | First National Baptist Church
1825450,Franklin,baptist,2,church_overture:3644ebe5-921e-4323-a0b1-f507ac8907ea|church_overture:ed578b35-d86f-4507-9dee-20472a2d3f54,First Baptist Church of Franklin Indiana | First Separate Baptist Church of Franklin
1826242,Galveston,baptist,2,church_overture:3ca0483d-197c-473f-99cc-acf66ad716fc|church_overture:f2e5d096-51c3-4e29-a1d6-89b07e80c63b,First Baptist Curch | Galveston First Baptist Church
1827000,Gary,baptist,2,church_overture:4e80b000-0ba4-4f08-a7e1-7a821b8c11cb|church_overture:a3083604-6f9d-41d4-a926-9a6051928d96,First Tabernacle Baptist Church | Gary First Baptist Church
1834114,Hobart,nazarene,2,church_overture:da9f8572-13c8-4d4a-9138-49a5ce307b4e|church_overture:ef25a145-4b1b-4983-8a5f-fb39d01e134b,First Church of the Nazarene | Hobart First Church of the Nazarene
1836003,Indianapolis city (balance),lutheran,2,church_overture:3d667007-e5a2-403c-b5f5-9ca278323e05|church_overture:8f02e78b-2e99-4c42-a176-8909a0a67e4f,First Timothy Lutheran Church | First Trinity Lutheran Church
1836003,Indianapolis city (balance),methodist,2,church_overture:33b458ed-b8ee-4a29-883d-b17088f4f89c|church_overture:cda652af-f7a2-4e64-9a67-6b0fd27c98c8,First Free Methodist Church | First Korean United Methodist
1838358,Jeffersonville,baptist,2,church_overture:7cc531fb-946d-4976-861b-a1434fd68b57|church_overture:d91337ce-8d9a-4652-af19-d9390524cf82,First Baptist Church | First Trinity Missionary Baptist Church
1840392,Kokomo,baptist,2,church_overture:0f0a1ee2-2d95-447e-b885-da1adb8d48d3|church_overture:32073172-adab-4761-8a78-9e4654555bbe,First Baptist Church | First Landmark Baptist Church Kokomo
1844190,Linton,methodist,2,church_overture:74f6bde4-f521-46b9-b5d7-43ab331292fb|church_overture:d029537f-6898-4a02-9764-b972d115aa95,Linton First United Methodist Church
1846908,Marion,baptist,2,church_overture:cb56b80c-d384-401b-b47f-2d5990de13fd|church_overture:d6e309dd-75ff-4e9e-833c-1be9512777fe,First Baptist Church | First General Baptist Church
1848924,Middlebury,methodist,2,church_overture:42f1d4da-6248-4711-a0d8-76132d8becd3|church_overture:8faf64e9-302d-4909-9346-d5581f3e249e,First United Methodist Church Of Middlebury | First United Methodist Church of Middlebury
1852740,New Castle,baptist,2,church_overture:e9d56de3-c1ab-45f3-a3a2-b42f7b26e9f3|church_overture:f9b5f06e-795e-4f33-b267-f1e540226daa,First Baptist Church Family Life Center | First Bible Free Will Baptist Church
1862046,Princeton,baptist,2,church_overture:6504a5e9-0242-423f-b9aa-1f9ab69f4649|church_overture:f37fda82-8c7e-4d60-ae64-706189d39ebd,First Baptist Church | First General Baptist Church
1871000,South Bend,baptist,2,church_overture:33fc6aa5-71d3-4084-82a8-d4986a8ea1d3|church_overture:fdf5851d-5088-4080-9938-949ca15d95c7,First Baptist Church | First Baptist Church Of South Bend
1882376,West Baden Springs,baptist,2,church_overture:5c3232c3-2253-4759-9313-4bd8573ba946|church_overture:9f1c213c-5925-4a3e-8abb-b19a4e33f5db,First Baptist Church of West Baden | First Baptist Colored Church
1902305,Ankeny,methodist,2,church_overture:683913f0-bbea-42f9-9fb9-dc64c0cf9b73|church_overture:9eeaa370-f74d-4a0f-ba30-f1626033cd44,Ankeny First United Methodist Church
1903655,Audubon,presbyterian,2,church_overture:ce4deb87-3b9b-4e49-ae60-1b03fcb209ad|church_overture:e84f07bf-866d-49e8-9e4c-ac8ecae1b82b,First Presbyterian Church
1906355,Bettendorf,baptist,2,church_overture:a35b208e-4266-4964-8ff2-fad14dd89de1|church_overture:dcc72c13-3226-4017-84fc-d2686e1b4849,First Baptist Church
1919000,Davenport,nazarene,2,church_overture:1b81b378-21c8-4182-90b7-8312583dda25|church_overture:c0a07fdc-4960-4f68-9aa9-96a8951377a6,Davenport First Church of the Nazarene | First Church of the Nazarene
1919405,Decorah,lutheran,2,church_overture:01ffb19a-f1c7-4760-aaa7-35cd123d4fd9|church_overture:6f6fc149-4e9f-4ade-82f9-8c57603062f3,First Lutheran Church | First Lutheran Church/Church Office
1921000,Des Moines,baptist,2,church_overture:33926f8e-9688-45f9-a883-4eef1c27700e|church_overture:701b0928-7dde-45aa-8b0d-ddbee313700e,First Baptist Church
1924645,Elgin,baptist,2,church_overture:ae7ccf4f-5131-4b53-aa27-2de7cd8de7c5|church_overture:b1604d95-6357-4bfb-91db-8964dcaacbce,First Baptist Church | First Baptist Church Elgin IA
1935265,Hawarden,baptist,2,church_overture:ac10dc0e-731f-4589-8649-e257c6d69486|church_overture:ca05500d-ef94-4543-a1fe-4eeb8ec71301,First Baptist Church
1937515,Hull,reformed,2,church_overture:62a6a42f-5ae6-43ee-9eef-238c1e4ec979|church_overture:afad04c2-6000-4fe3-a79d-9e52b7df3b34,First Christian Reformed Church | First Reformed Church
1938280,Indianola,baptist,2,church_overture:f8eab55c-6314-4d4f-ab73-d21e4dc0d7ce|church_overture:fa80b74a-65b8-40d2-86f3-63e5b2a1be60,"First American Baptist Church | First Baptist Church - Indianola, Iowa"
1938280,Indianola,pentecostal,2,church_overture:aa617bf1-37cf-41be-98b1-d457ae378f5d|church_overture:af962542-6d93-4a4a-a763-e07573ce8911,First Apostolic Church | First Assembly of God Church
1942960,Lamoni,baptist,2,church_overture:790f2dc8-b46b-4f68-b906-0bbf421f7386|church_overture:f428d887-f66d-4720-a6f1-3ab84300e7e7,First Baptist Church | First Family Church Lamoni
1949485,Marion,methodist,2,church_overture:c626f0d3-e8bd-4187-810c-f1ffb8e36b0b|church_overture:f92e00e8-b01a-4ede-b854-2927a1314bce,1st United Methodist Church | First United Methodist Church Marion
1957630,Northwood,lutheran,2,church_overture:2cc2b770-9da9-4425-aae5-eed1d8242b72|church_overture:70aa705d-d18b-44d7-ab97-2dc9e48faa18,First Lutheran Church | First Shell Rock Lutheran Church
1959475,Orange City,reformed,2,church_overture:8f4cecc3-ca9f-4986-925f-ac89a41258bf|church_overture:b69f869a-91d9-429f-85ed-d99e6d4c6519,First Christian Reformed Church | First Reformed Church
1960465,Ottumwa,pentecostal,2,church_overture:a9ae69de-3d4b-4058-81c2-f49df1b5b0eb|church_overture:f2b64ea7-46f1-4865-bd89-6caab89d3f60,First Pentecostal Assembly of God
1972390,Sheldon,reformed,2,church_overture:8bf92606-0406-475a-8ab0-10a07beebbe3|church_overture:fc3c0ef5-95f6-4edc-bb26-a7c9bfa3ce85,First Christian Reformed Church | First Reformed Church of Sheldon
1973290,Sioux Center,reformed,2,church_overture:71102760-9499-444f-87e3-8ef42f7b5db9|church_overture:c07aa81e-02d2-414d-a2e5-374a582b359c,First Christian Reformed Church | First Reformed Church
1982335,Washington,baptist,2,church_overture:471a688f-42d4-4c07-91c9-ba4eac4dab93|church_overture:9f460bc7-db60-4def-9a24-97c48a0e74e3,First Baptist Church
1982740,Waukon,baptist,2,church_overture:51920433-5925-4d19-9601-ee515a179d9c|church_overture:8c5f03b8-e29b-4fed-b4a5-44cd33d985d5,First Baptist Church
2003300,Augusta,baptist,2,church_overture:ea4d946e-5a64-437c-83f8-93925dba6de0|church_overture:f67846f9-ecd7-468b-8b4d-ac5a3aed4d2c,First Baptist Church Augusta | First Southern Baptist Church
2005500,Belle Plaine,baptist,2,church_overture:68b89751-37fe-4f32-97d0-f9e739e16b01|church_overture:e1fe5904-0fa0-4701-8775-2f27805d9319,First Baptist Church | First Baptist Church Annex
2012925,Cherryvale,baptist,2,church_overture:d05b7e7e-e793-4209-b83b-d8f1494dcf8f|church_overture:fd5dfcd5-0233-4bce-be3a-9afa5b1640c7,First Baptist Church | First Southern Baptist Church of Cherryvale Ks
2014600,Coffeyville,baptist,2,church_overture:2fe046ea-c00d-4bf2-a49d-de72a8c7452e|church_overture:b7bb55a9-9c52-42fa-926e-398cd2874e07,First Baptist Church | First Southern Baptist Church
2014600,Coffeyville,nazarene,2,church_overture:4598e9a5-11d1-4296-b832-b338ecb0c303|church_overture:cdaf8c86-1fd2-475a-91c0-9c5572ca2e2e,Coffeyville First Nazarene Church | First Church of The Nazarene Parsonage
2014650,Colby,baptist,2,church_overture:73b20b65-bc9b-4fb5-9f02-58c42712dbc8|church_overture:8c37f941-fd24-4113-af3d-dc5b6a9a52ea,First Baptist Church of Colby
2020950,Elwood,baptist,2,church_overture:176d1a54-1dba-4ca8-86bf-9d1a7474ee87|church_overture:546f9919-60d6-457d-a7f2-f760c6cc9967,First Baptist Church
2024000,Fort Scott,baptist,2,church_overture:7daa5658-1620-418a-b9cb-9f6b6524e09f|church_overture:d7b16c57-e64e-4e94-805f-64f1eb4d1f8f,First Baptist Church | First Southern Baptist Church
2025100,Galena,baptist,2,church_overture:ccd5b955-5ecb-4128-8c39-84b8a7b64696|church_overture:dd8c915d-3b8e-4287-b905-7c6467383ec8,First Baptist Church
2025325,Garden City,baptist,2,church_overture:eb7dda5a-87ee-46d8-b8ec-117183b337f9|church_overture:ff1788c0-53e0-4e72-84aa-f2f6b86c56df,First Baptist Church | First Southern Baptist Church
2028300,Great Bend,baptist,2,church_overture:8a56b532-abe3-43c7-b329-bad102e06e16|church_overture:ae84cb47-ef32-4a18-b8d6-0dbfc5cacc33,First Baptist Church | First Southern Baptist Church
2031400,Herington,baptist,2,church_overture:94d736b3-60f1-42fd-8571-5d5561672277|church_overture:dcf4b9ad-277c-41a0-8b2b-d9c43a56491e,First Baptist Church
2033625,Hutchinson,baptist,2,church_overture:1e8e73b2-163e-4b39-9c72-e5d39ad442c1|church_overture:ce16d966-8dec-49cf-9e9b-20627ed894f5,First Baptist Church | First Southern Baptist Church
2033875,Independence,baptist,2,church_overture:5520e9de-234a-4633-9dc9-11a655dc5380|church_overture:f868b1cb-29b3-4096-8e27-5cd8c89d870a,First Baptist Church | First Southern Baptist Church
2035750,Junction City,methodist,2,church_overture:20607a79-4964-4506-b1a0-da6d6b1db2c3|church_overture:cc0689b0-7d38-4c6b-af78-54f7f15a5506,First United Methodist Church | First United Methodist Church Jefferson
2039000,Leavenworth,baptist,2,church_overture:8777acb2-b18e-432d-a32a-5be460af68e8|church_overture:8d9e5b39-8524-47e1-908a-8767085ebc19,First Baptist Church | First Missionary Baptist Church
2039825,Liberal,baptist,2,church_overture:9441f0ad-358d-431c-9933-0c82fcdb29b5|church_overture:abd26169-8af3-410c-b5b3-ccd4d1b11d67,First Baptist Church | First Southern Baptist Church
2043525,Lyons,baptist,2,church_overture:2044e851-fcaa-46de-8ed8-ddf5bfc23580|church_overture:b5486d80-5eee-475a-96e6-107b493ec451,First Baptist Church
2053450,Oswego,baptist,2,church_overture:311e05c0-8779-4fba-b3f8-726d41b3b7c1|church_overture:6be94a7e-2c50-45a0-a03e-288e16da2a99,First Baptist Church | First Southern Baptist Church
2053550,Ottawa,baptist,2,church_overture:dc375d05-e7f8-43c8-acdb-4e0c62005201|church_overture:e3eb8a5e-fc94-48b6-99ce-009b0fa0111d,First Baptist Church | First Southern Baptist Church
2053775,Overland Park,baptist,2,church_overture:a0a215d4-7809-4a41-a1a0-2ff615bf5c4b|church_overture:fad63bc7-cfcc-4004-bcd3-8a1b89c59dc3,"First Baptist Church of Overland Park | First Southern Baptist Church of Overland Park, KS"
2053775,Overland Park,pentecostal,2,church_overture:5d4d739d-70f1-4c97-89b9-82c277e595aa|church_overture:9c2c6a15-7f15-468e-acb4-9107726d0968,First Faith Church a United Pentecostal Church | Overland Park First Assembly of God
2062700,Salina,baptist,2,church_overture:8271ac9d-5555-4c9e-90ae-498992290b57|church_overture:bf3622b9-7962-4c7b-acda-4a9cfc33e5ce,First Baptist Church | First Southern Baptist Church
2071000,Topeka,baptist,2,church_overture:23a1b3e6-043c-447d-9098-9728093c25ed|church_overture:39ff3680-4f0b-4e99-95d3-e87b88221c51,First Baptist Church | First Southern Baptist Church
2071000,Topeka,methodist,2,church_overture:1071ef31-d1d9-4bcd-ad44-d178ea76bac1|church_overture:8974eec1-ae65-4f6f-a065-86491f9bd3a8,First Free Methodist Church | Topeka First United Methodist Church
2071000,Topeka,pentecostal,2,church_overture:d790d199-9cd6-4476-a056-79161110d629|church_overture:e5551ee1-6960-4813-9159-64df1cba0f55,First Assembly of God | First Church of God In Christ
2076475,Wellington,baptist,2,church_overture:1c06aa9f-76da-4492-82db-2c9c80ac5db4|church_overture:f944f8f3-06f9-4fd0-8085-803892f44aba,First Baptist Church | First Free Will Baptist
2079000,Wichita,methodist,2,church_overture:541f5dde-bc32-475e-9689-bc6797fcb803|church_overture:5a1fc800-3930-447e-ba55-7e19592f12b6,First United Methodist Church
2079000,Wichita,pentecostal,2,church_overture:15630647-5ca4-4885-93f0-b5c36c7e01bd|church_overture:cd90a28c-3732-4bdb-a489-1416a413911d,First Church of God In Christ | First Pentecostal Church
2105824,Benton,baptist,2,church_overture:93c3a571-24e3-4189-b307-f9f596734f47|church_overture:c146a52b-78ba-4f13-9bb9-89b82e736889,First Baptist Church Benton | First Missionary Baptist Church
2108902,Bowling Green,baptist,2,church_overture:0a91d681-1883-42e5-9e8d-0ce5aa3d8461|church_overture:2819e6f5-370a-4df6-9102-2c408b84372d,First Baptist Church
2112160,Campbellsville,presbyterian,2,church_overture:0905cdfc-5bea-40c8-86fd-eaaad4077dbd|church_overture:ca825df2-2623-403d-b056-186617b34f35,Bethel First Presbyterian Church | First Cumberland Presbyterian Church
2117362,Corbin,pentecostal,2,church_overture:2d2f3e75-5a98-45f2-a9d8-80c63571e7eb|church_overture:c3b74cd8-43e0-4687-b270-7e5385927305,First Assembly of God | First Pentecostal Church
2117848,Covington,baptist,2,church_overture:47924605-69cc-4357-9221-c9ef531c49e7|church_overture:616955e6-8e3c-43d8-a95f-43d6bead7cd2,First Baptist Church
2117848,Covington,methodist,2,church_overture:1d59a2d6-d380-466e-9b8b-8f2e7e025bdd|church_overture:a42b58a8-d201-4896-8bef-88a427b5877a,First Evangelical Methodist | First United Methodist Church
2119882,Danville,baptist,2,church_overture:6a25036a-21b3-41c6-9f3f-46efb6f2fb85|church_overture:9a43f49f-ed7d-492d-b577-438322938e70,First Baptist Church | First Baptist Church Sbc
2120224,Dawson Springs,baptist,2,church_overture:492503e7-4f01-428a-9d0e-e47d54e8332a|church_overture:aa5ec76c-e8ae-4f16-8a6d-96b999012778,First Baptist Church
2124274,Elizabethtown,baptist,2,church_overture:039806e2-7d7c-4f3b-a19b-516e2c769690|church_overture:499fb705-bfbb-4c36-8299-71d41874c7bf,"First Baptist Church | First Baptist Church (Elizabethtown, Kentucky)"
2129080,Fredonia,baptist,2,church_overture:d99476ae-d8b3-4a7a-918b-4a64a98b886f|church_overture:f0c00d52-f24c-4002-8a52-507abb6ac0e4,First Baptist Church | First Baptist Church Parsonage
2131114,Glasgow,baptist,2,church_overture:79bf291f-c63e-4ea5-bfcc-bd09cc2723cb|church_overture:7c95d693-1b91-47d9-b814-0fffef80075b,First Baptist Church | First Free Will Baptist Church
2135866,Henderson,baptist,2,church_overture:69d03cfa-0d1a-4367-b15c-c689a55267e6|church_overture:74cb1058-cf59-4e02-856f-0e2dd227669d,First Baptist Church | First Free Will Baptist Church Henderson
2135866,Henderson,pentecostal,2,church_overture:27c8c338-1589-47d1-a743-875f08854b9d|church_overture:8c37b54f-97d9-4512-b238-d1eb66b4bb29,First Assembly of God
2139664,Irvington,baptist,2,church_overture:0dfb43bf-1ff0-4ab5-970d-2e4f963751c6|church_overture:56231d65-0971-448f-b4a3-47b8e88e11b9,First Baptist Church
2143336,La Center,baptist,2,church_overture:126acaff-c3bb-4d8f-a26c-04c809b473fe|church_overture:51017b4f-5298-416b-b17b-33c46a211fce,First Baptist Church | First Baptist Church of La Center
2144686,Leitchfield,baptist,2,church_overture:4e3bb99c-2211-468b-bc5b-9de631a6c186|church_overture:9ce63da5-f16d-4676-b74c-6945e10d6cfa,First Baptist Church | Leitchfield | First General Baptist Church Leitchfield
2146027,Lexington-Fayette,methodist,2,church_overture:10be7de6-266e-4d96-9103-9795b979cf51|church_overture:a8fa95eb-637d-4f89-8d23-d803471102f0,First United Methodist Church | First Wesleyan Church
2149368,Madisonville,baptist,2,church_overture:12dfce7b-bcba-43c0-ae93-904366909e12|church_overture:ab48789d-be1b-4479-9f5e-690a2ad40823,First Baptist Church | Madisonville First General Baptist Church
2149368,Madisonville,presbyterian,2,church_overture:866ea8aa-2180-4882-b1df-1990b0a4a731|church_overture:c3e4342e-9bcb-4258-b6b3-230b4639c348,First Presbyterian Church | Madisonville First Cumberland Presbyterian Church
2150898,Mayfield,baptist,2,church_overture:498d6854-7694-41b7-a93b-169e3a84bfe1|church_overture:e471a6a9-fadb-4648-b658-8201ec7a7cdb,First Baptist Mayfield
2153418,Morehead,baptist,2,church_overture:1c00444a-11d3-48c2-a476-a8aa2b445c76|church_overture:c96355dc-31d7-468a-a82e-a2098bc0277c,First Baptist Church | First Free Will Baptist Church
2158620,Owensboro,baptist,2,church_overture:165b7e1a-9f8e-4349-b338-0d2b9d92ade9|church_overture:9a0ae87c-92fe-4a00-bbe2-f060d6cfff61,First Baptist Church | First General Baptist Church
2158836,Paducah,baptist,2,church_overture:ca9884fa-f185-4214-8716-318c54a3d944|church_overture:f71eec10-fec3-4427-8466-300b532f9e69,First Baptist Paducah | First Liberty Baptist Church
2158962,Paintsville,baptist,2,church_overture:130730db-e0d4-492c-b5d3-d5c26ec29a90|church_overture:37c249ea-1787-425b-84c0-31962c62fab8,First Baptist Church Paintsville | First Free Will Baptist Church Paintsville KY
2162940,Prestonsburg,baptist,2,church_overture:43de8d46-ea7d-43fe-8623-cdd83ba8ca69|church_overture:684212f4-401c-4187-a4f2-869849794ad9,First Baptist Church | Fitzpatrick First Baptist Church
2162940,Prestonsburg,presbyterian,2,church_overture:a04dba7a-d16b-4255-93a6-613c542f1006|church_overture:f303f07b-3d95-44c6-b110-1e5997c80c67,First Presbyterian Church
2166162,Rockholds,baptist,2,church_overture:a650c096-99c8-411e-9a63-e22dd46ef50a|church_overture:c7ec19c2-925c-4aca-bcbe-3bd331dcfbab,First Baptist Church of Rockhold | Rockholds First Baptist Church
2167512,Russellville,baptist,2,church_overture:64cf2b4e-54ac-42d3-8ab9-d7f31359d48e|church_overture:e9aa2d7f-bcb1-4219-9469-6e06a6992ad5,First Baptist Church
2170086,Shepherdsville,baptist,2,church_overture:09cbceea-c4ea-47a6-964a-43c98aec327f|church_overture:878ce78c-5f46-4f69-992b-b2a0ba1a8bec,1st General Baptist Church of Shepherdsville | First Baptist Church of Shepherdsville
2172660,Springfield,baptist,2,church_overture:8c6afaa6-99a7-4187-a05e-4a1dd5583120|church_overture:e811f58e-358b-4216-ae84-f52d8b736193,First Baptist Church | First Baptist Church Springfield
2183676,Winchester,baptist,2,church_overture:36e6b90b-b4b0-41b0-a761-fe2b6c18645e|church_overture:abc09468-7d04-46f8-80e8-db8f6c1cb7fa,First Baptist Church
2201885,Amite City,methodist,2,church_overture:582a3adf-7f3d-4936-a324-9517788f02f6|church_overture:e2844e60-3a42-4338-8be5-1d487863ab18,First Southern Methodist Church | First United Methodist Church
2205000,Baton Rouge,methodist,2,church_overture:0b043683-627c-40b3-aa73-2abe86adaafd|church_overture:3a4365ed-ba5d-46b5-b903-3d530c7cb00a,First Southern Methodist Church | First United Methodist Church
2205000,Baton Rouge,presbyterian,2,church_overture:716d3220-f2aa-44f4-8e1d-d1ba4da279c0|church_overture:dbb52522-5b1f-4bab-b7af-41abef116c9a,First Presbyterian Church | First Presbyterian Church of Scotlandville
2208150,Bogalusa,baptist,2,church_overture:be4a7a82-5f61-4e25-9439-e6a580d54a7d|church_overture:c233e09b-655f-4b04-b523-69614d2c79c0,First Baptist Church | First Thessalonians Baptist Church
2209340,Breaux Bridge,baptist,2,church_overture:6c1f121b-2ef0-4b1a-a02a-c2432d270cf3|church_overture:cc36ff31-2373-412b-84f9-93307ef03497,Cecilia First Baptist | First Baptist Church
2214450,Chataignier,baptist,2,church_overture:03fe957a-f14c-406a-bd4f-c5ba015ec961|church_overture:6f2ceb7f-92e1-4f14-8d13-9807583b12bc,First Baptist Church | First Baptist Church Chataignier 
2220435,Denham Springs,baptist,2,church_overture:2e4adeb8-8d15-4bc3-a443-29276947c72b|church_overture:83b05569-d1fb-40a5-a568-2a646d87c2f7,First Baptist Church | First Baptist Church Denham Springs
2220435,Denham Springs,pentecostal,2,church_overture:17114e88-3d5f-4563-9336-7a9524b25c3d|church_overture:1f0eb8c0-501f-41b8-b7cd-dffd8d474e42,First Church of God In Christ | First Pentecostal Church of Denham Springs
2220575,DeQuincy,pentecostal,2,church_overture:00055805-bb95-418a-a2a1-10b717062160|church_overture:d9261709-4ecb-4880-8a0a-2b229fd3975b,First Church of God In Christ | First United Pentecostal Church
2220610,DeRidder,baptist,2,church_overture:30b573f5-eb78-48a0-b42f-8af3860ff222|church_overture:6ed4fe42-dbc7-44b4-bcc3-283f8db40dfc,First Baptist Church
2228835,Gibsland,baptist,2,church_overture:5f0bad8a-7f80-4db7-977c-9ab946718b3d|church_overture:bc30a0fc-8219-44ea-83fa-16d29745fcb5,First Baptist Church
2236255,Houma,baptist,2,church_overture:e1ad9f9d-d4c5-4c54-b421-e3cfd682bb58|church_overture:ff8f04f5-2205-4ee5-b796-bd90ef246082,First Baptist Church of Houma | First Corinthian Baptist Church
2237025,Independence,baptist,2,church_overture:586ca3dd-94b2-4465-802c-812a0c550955|church_overture:ffaab389-0ed1-480c-a105-6ccd5225975c,First Baptist Church
2238075,Jeanerette,baptist,2,church_overture:2e767068-d0ea-4384-89e7-02f8b9981015|church_overture:47f0ea5d-bd56-47a0-ba62-521faa079986,First Baptist Church | First Jerusalem Baptist Church
2238145,Jefferson,baptist,2,church_overture:98826664-da1e-4ce8-b054-4f0b04e1db3e|church_overture:c14dd1d4-f632-4bf5-83ad-96f0df0bd021,First Mission Baptist Church | First Zion Baptist Church
2238670,Jonesboro,pentecostal,2,church_overture:1d61571e-1288-4faa-be50-8a3ab2d698f8|church_overture:9941dcb0-fef7-404d-8d55-aa7bd0c7a284,First Assembly of God
2239685,Killian,baptist,2,church_overture:0a39e1a9-bbef-4930-b75f-d85ed02f11bb|church_overture:5b022e75-233b-4b22-865e-e6ff750aac70,First Baptist Church | Killian First Baptist Church
2241400,Lake Providence,baptist,2,church_overture:3123f0ca-63c0-424c-9354-dec032376b2d|church_overture:86977b8f-2906-4f19-8237-63816ba68b7b,First Baptist Church | First Missionary Baptist Church
2244655,Livingston,baptist,2,church_overture:a9f5b1fe-0c98-4db2-903d-639bdbc62536|church_overture:db927dac-4c52-497c-ad0a-5c723f8373f4,First Baptist Church | First Baptist Church of Livingston
2248365,Mansfield,methodist,2,church_overture:3dffe742-1d96-435d-93e6-fe3b9c804d3d|church_overture:5b9aa4fb-c567-46f6-acd7-53b68e0a6a15,First United Methodist Church
2248785,Marrero,baptist,2,church_overture:149032d3-c7bc-4fd9-83a3-df3e9285755c|church_overture:f332e576-7ea5-4732-a300-d9dfd05cfb06,First Baptist Church Marrero | First New Teatament Missionary & Educational Baptist Church
2250885,Minden,baptist,2,church_overture:6e68053f-d451-4085-8ef6-fa68cfd4889e|church_overture:79b4a8ed-8605-4fd1-a1fc-a3f852f68300,First Baptist Church Of Sibley | First Baptist Church of Minden
2250885,Minden,pentecostal,2,church_overture:de0bf37b-cd7d-40a3-af73-c4c2196b25d2|church_overture:ee1c18bf-1e80-45ad-9c1e-1c890e082ffb,Minden First Assembly of God | Minden First United Pentecostal Church
2256540,Oakdale,pentecostal,2,church_overture:3ab714b3-17d5-4adc-a0f7-5e663efcee05|church_overture:bb9c9ab3-0547-490d-9747-136779750edf,First Church of God In Christ | First United Pentecostal Church
2257590,Oil City,baptist,2,church_overture:35f7be8c-8ae2-467b-a816-33b4ae877a1f|church_overture:782b4243-8da8-4a89-a31f-97fe97cd3073,First Baptist Church
2260530,Pineville,baptist,2,church_overture:22de3675-8f57-4165-86f5-eb1271571e1f|church_overture:bf61f5bb-b25c-4522-9a4a-b0a195d218ec,First Baptist Church
2263680,Rayville,baptist,2,church_overture:17c963b5-f083-4aee-966d-455de105010c|church_overture:e6cf21c0-46fd-4f6c-8b9c-93dfcb850ad9,First Baptist Church | First Calvary Baptist Church 
2266655,Ruston,pentecostal,2,church_overture:650e4fd3-3504-44e9-9ae2-c4eca2fc872a|church_overture:f59e46b1-9f34-4153-bb46-4fe3734908b7,First United Pentecostal Church | Ruston First Assembly of God
2267495,St. Joseph,methodist,2,church_overture:0f627d1c-e86c-44b8-b2b5-3e13be03a1db|church_overture:75f64013-1b7c-45e0-918e-f3bb26c0b7b9,First United Methodist Church | First United Methodist Church Parsonage
2268475,Scott,pentecostal,2,church_overture:8b00eb3e-da4c-481c-bbbb-b5abbf882abc|church_overture:d2b45ede-86ff-4eeb-926e-9c4792d0552b,First Pentecostal Church Of Scott | First Pentecostal Church of Scott
2270000,Shreveport,methodist,2,church_overture:cb2a090d-e074-4061-a87f-f744053709ec|church_overture:d5d208bc-04ca-4a20-8688-7f062d99e146,First Methodist Church Shreveport | First United Methodist Church
2270805,Slidell,baptist,2,church_overture:3f01d447-9004-432b-b561-5009f15a70aa|church_overture:c473e1d5-a03a-4ddf-b0d7-68c11e2a60d9,First Baptist Church | First Baptist Slidell Ladies Ministry
2270805,Slidell,methodist,2,church_overture:645b8ce5-a73e-4994-87fc-ddedbc90ceec|church_overture:9dba4566-6b00-408f-a04f-2a0281af8b51,First United Methodist Church of Slidell | First United Methodist Life Center
2273640,Sulphur,baptist,2,church_overture:53eef095-9497-4e32-8fc7-472ad60183f1|church_overture:df4f1e3d-3132-41a0-9287-32578c0e972a,First Baptist Church | First Baptist Church-maplewood
2280430,Welsh,baptist,2,church_overture:9b0df229-b57d-4ccb-92ca-72fd83bb0288|church_overture:e52176e9-8058-47e6-b143-ee5a6e791ce9,First Baptist Church
2282495,Winnsboro,baptist,2,church_overture:f2e0eb0d-72f9-4feb-83c6-3536f97430ef|church_overture:fa420209-97e4-418f-a493-f456a4642bed,First Baptist Church | First Zion Baptist Church
2338740,Lewiston,pentecostal,2,church_overture:d49083fc-6b8f-4fca-a151-755c7c80f244|church_overture:f64f0d4f-b0e6-4745-9787-c70736a7f97d,First Assembly Lewiston Church | First United Pentecostal Church
2401600,Annapolis,baptist,2,church_overture:8be82c40-b11f-402c-a898-4d763bafbfed|church_overture:d18e5405-e89c-440a-b8f4-8b4620e397b9,First Baptist Church of Annapolis | First Baptist Church-eastport
2412600,Camp Springs,baptist,2,church_overture:28998dd1-a766-4475-8754-9e1845a45105|church_overture:d34dc2a3-4b48-4add-8ed8-ff06c29d1814,First Angelic Missionary Baptist Church | First Baptist Church of Camp Springs
2426600,Essex,baptist,2,church_overture:6cd52b88-3ef1-4001-8365-e8445bfc03c7|church_overture:f717ac7a-e441-4472-9814-4b539bfdb78e,First Baptist Church of Back River | First Baptist Church of Essex
2475725,Suitland,baptist,2,church_overture:35e4ce90-65fd-4525-980a-1da60f56c5e9|church_overture:bc42ccae-fa8c-4821-af60-fa597be1aef9,First Baptist Church of Suitland | First New Hope Baptist Church
2475810,Summerfield,baptist,2,church_overture:734c22f7-b37b-456f-894f-b829133ebae3|church_overture:cda373bc-3355-43d8-a25a-b62237baf165,First Baptist Church | First Baptist Church of Highland Park
2503690,Barnstable Town,baptist,2,church_overture:23f7d9b7-342e-4b26-9819-00a63d1bf9b2|church_overture:e181a83c-042d-42bd-a16f-e3a0172804ec,First Baptist Church | Hyannis First Brazilian Baptist Church
2504965,Bellingham,baptist,2,church_overture:62f982d6-824e-48bc-9c6e-37d9fe747190|church_overture:7a606d55-ff7c-4b97-b0c3-fe770e24484a,First Baptist Church
2534550,Lawrence,baptist,2,church_overture:9821e110-1fc1-4798-b13a-b063101bf495|church_overture:cae41afc-438a-46c2-85eb-95e97c3ee118,First Baptist Chrurch | First Haitian Baptist Church Of Lawrence
2538715,Marlborough,baptist,2,church_overture:302da48d-814c-4d53-a87c-4a1e57f6b436|church_overture:c121d46e-705c-4613-8c73-a8ac2177ec2d,First Baptist Brazilian Church of Marlboro | First Baptist Church
2545000,New Bedford,baptist,2,church_overture:60b1552f-6469-4010-a7aa-eb212d374130|church_overture:e88de6c3-5828-4533-854a-f8e22371b683,First Baptist Church | First Portuguese Baptist Church
2580195,Wilmington,baptist,2,church_overture:5aed2223-7b8f-4e12-a228-f9435f91c12c|church_overture:f5dca9ec-eee1-4c1c-b9f1-9e5eabfbcbe0,First Baptist Church of Boston | First Baptist Church of Wilmington
2582000,Worcester,baptist,2,church_overture:145c9231-4691-411d-8966-10d54615188d|church_overture:6308de4b-1c39-4f2d-9ead-ebebcbf5ab84,First Baptist Church | First Baptist Church of Worcester
2601540,Alma,baptist,2,church_overture:2eaf2bee-c460-481a-adc1-3eef25a72eac|church_overture:6d91111c-3054-4156-abe2-06dbcd9e9b64,Alma First Light | First Baptist Church
2605920,Battle Creek,baptist,2,church_overture:1d4f27ba-527f-46ca-bfda-5f5a740bfaf2|church_overture:c1b731cc-d592-4925-86e9-834c83d7457c,First Baptist Church | First Salem Baptist Church
2605920,Battle Creek,methodist,2,church_overture:5267d6ab-ba1b-4900-879b-dd28230c7a49|church_overture:9e0c61d4-5a78-419f-9305-f78339866b5e,First United Methodist Church | First Wesleyan Church
2605920,Battle Creek,pentecostal,2,church_overture:d146bdd9-b723-49d5-9ef0-7d858eb21111|church_overture:fbb8618f-8f54-4725-ae6c-6f4a69496a59,Battle Creek First Assembly Of God | First Pentecostal Family Worship Center
2622000,Detroit,pentecostal,2,church_overture:01548e7e-2844-4680-b1dc-37701c611e27|church_overture:cbf04735-2c65-400d-9ec3-18450f5f27fa,First Praise Pentecostal Church | First Tabernacle Detroit Church of God in Christ
2630700,Fremont,reformed,2,church_overture:952bb3be-e2de-4cf7-afee-bb206e5487ad|church_overture:ebc158b3-7b9f-4ae4-be96-2d6ef45fbf91,First Christian Reformed Church | First Reformed Church
2633440,Grand Marais,lutheran,2,church_overture:5441f1a8-71d0-473e-8186-7fd129c5837c|church_overture:94886d67-d21e-4650-82a0-e98bf3dda6f4,First Lutheran Church
2637420,Hazel Park,baptist,2,church_overture:756aebce-2331-43b2-ae77-b5caf20e9a0f|church_overture:f2afbd28-cbe8-4574-81aa-8c749eb8ed13,First Baptist Church of Hazel Park | First Free Will Baptist Church
2641420,Jackson,baptist,2,church_overture:40e9c458-f877-4998-9fed-521dc8c90e56|church_overture:fb4e7b2d-7d1e-43b9-a192-399cdd29de8b,First Baptist Church Jackson | First Baptist Church of Jackson
2642160,Kalamazoo,baptist,2,church_overture:813172ff-8d8a-4e63-8102-0963795ab822|church_overture:d28b0057-cd1f-496f-aa18-d2347ad97e1a,First Baptist Church | First United Baptist Church
2644200,Laingsburg,baptist,2,church_overture:4a4e4040-07d9-4733-b3cf-1e3fe846079f|church_overture:d9320f10-c792-4604-9e9d-77fc0346d53d,First Baptist Church
2647800,Lincoln Park,baptist,2,church_overture:9c21e431-10ea-4b0a-9ae8-e6bf8eed6e09|church_overture:a0abbd60-241c-416e-8053-09049428d264,First Baptist Church of Lincoln Park | First Hungarian Baptist Church
2652180,Mason,nazarene,2,church_overture:8e34d81c-2e55-4c2c-b450-1c754cad70f1|church_overture:bba52518-002c-451a-b3a7-bf8630fc11a1,Mason First Church of The Nazarene | Mason First Church of the Nazarene
2665440,Pontiac,baptist,2,church_overture:b17c20fe-2c86-4ead-b7d6-1e3e3c82bcf9|church_overture:fb90baef-0650-4798-bc7a-76ec7c90f28e,First Free Will Baptist Church | First Spanish American Baptist Church
2680700,Troy,baptist,2,church_overture:a8f713ba-9235-4150-92ea-96908e98e9e7|church_overture:c2189358-d70c-45cb-b577-0416738c9924,First Baptist Church of Troy | First Romanian Baptist Church
2681840,Vassar,methodist,2,church_overture:34c23901-e577-4ddc-a94e-60d047aa521e|church_overture:6d7a7be7-d220-44dd-bc64-4077f14e2129,First United Methodist Church of Vassar | Vassar First United Methodist Church
2684940,Wayne,methodist,2,church_overture:71440498-6337-4b52-879c-75eb58d22f4e|church_overture:83ab59aa-f67a-48a1-ac31-b77103794558,First United Methodist Church | First United Methodist Church of Sterling Heights
2688900,Wyandotte,methodist,2,church_overture:7a199017-2cd2-4641-8962-0ae8172d539b|church_overture:d8f40396-2a27-43f9-9eff-26d4785613bd,1st United Methodist | First United Methodist Church
2689260,Zeeland,reformed,2,church_overture:901ebc5a-0707-4e73-9ae0-37efbe30648c|church_overture:94a47bfd-c60a-45e6-a180-5879dc9517e8,First Christian Reformed Church | First Reformed Church
2700262,Adrian,baptist,2,church_overture:07956156-83be-4173-a7d0-a1b197707ce1|church_overture:bd369813-c046-4fb8-85d9-3c080c2b4190,First Baptist Church | First Baptist Parsonage
2702908,Austin,methodist,2,church_overture:f458f5fe-530a-4134-bd6b-bbd4d1913f72|church_overture:f8c8353e-8d53-4e63-99ec-4b67ae4c5a4f,First United Methodist Church
2709730,Cannon Falls,baptist,2,church_overture:e29729af-541c-462a-9335-46bac5c11beb|church_overture:f1f5136c-d109-4edf-ba19-506f430af1a7,First Baptist Church
2713006,Cook,baptist,2,church_overture:09b3ed88-4715-441d-9acc-42e86287a7c1|church_overture:7694e290-cf99-4adc-b785-c155a1217b1e,First Baptist Church | First Baptist Church Parsonage
2713114,Coon Rapids,baptist,2,church_overture:499ccd80-3b88-4a52-a5a8-bf9d56859238|church_overture:c193d9eb-8f86-4a70-a2e4-3cdb70fcfa02,First Baptist Church of Coon Rapids | First Hmong Baptist Church
2717612,East Grand Forks,lutheran,2,church_overture:2ed2fded-bc06-48ed-af56-e73136295c95|church_overture:b977c322-b92d-409c-b7db-587d85305537,1st Lutheran Church | First Lutheran Church
2718152,Edgerton,reformed,2,church_overture:1917fdcd-aa55-4e56-ae30-8dcd00107dfe|church_overture:d7adf61e-38a2-43e6-b542-5b6844fe1193,First Christian Reformed Church | First Reformed Church
2726126,Grove City,baptist,2,church_overture:c2cad479-4b73-4077-82bc-9e3ee0ad19cb|church_overture:c5182d25-ddea-436f-b682-cdab93dac6f9,First Baptist Church | First Baptist Church of Grove City
2730284,Howard Lake,presbyterian,2,church_overture:4f4e1640-76a3-4186-9404-14720e6b2cf0|church_overture:813dcdff-267a-4501-ac9a-c7504c841199,"First Presbyterian Church | First Presbyterian Church in Howard Lake, MN"
2734100,Lake Benton,baptist,2,church_overture:07a624da-6096-4e9b-aab4-62b993dcc970|church_overture:e8439fbb-3cdd-4029-a8b8-b1405dafd6b4,First Baptist Church | First Baptist Church Lake Benton Minnesota
2743000,Minneapolis,pentecostal,2,church_overture:44a7fe77-3349-49af-83cb-c5be22c5a33f|church_overture:b05596bb-52f6-4c3b-8ec9-ac0f4facfa60,First Church of God In Christ
2743000,Minneapolis,unitarian_universalist,2,church_overture:6a5a42a6-7fad-40d9-bf0b-fba22ddbdf3d|church_overture:6eff666d-b074-4d6e-8b18-ee479b351908,First Unitarian Society of Minneapolis | First Universalist Church of Minneapolis
2747680,Oakdale,baptist,2,church_overture:5f8a574f-8bb0-44c6-b34d-517072fe8ca5|church_overture:99154f37-86e3-4670-8ccf-49173b0b2281,First Karen Baptist Church | Oakdale First Baptist Church
2754880,Rochester,unitarian_universalist,2,church_overture:a2df5450-48f2-49e4-bef4-039040495931|church_overture:bcaf5140-3c4a-462e-a37c-abeee91f4895,First Unitarian Universalist Church
2758612,Sartell,methodist,2,church_overture:153889c8-97dd-4b70-b10f-59c7d9bc1005|church_overture:62b1e71a-8da6-4882-8559-3fa652120f42,First United Methodist Church | First United Methodist Church of the Saint Cloud Region
2762104,Spring Valley,baptist,2,church_overture:12c4bfd8-01a5-434e-90de-0c474265a1e0|church_overture:f142a1c8-d334-4b08-9d91-441dd506fede,First Baptist Church
2767504,Wadena,baptist,2,church_overture:b109e6df-fc7a-48ff-8fc0-dbda9de6fa63|church_overture:fbd29147-896a-431f-8bfe-80ea41a9e12b,First Missionary Baptist Church
2768584,Waterville,baptist,2,church_overture:20993446-6bb2-4887-8976-e4e84ff9bc03|church_overture:d530ee87-4949-4bdb-9927-d7fc9dd943eb,First Baptist Church
2770924,Winnebago,presbyterian,2,church_overture:494b8d1e-119e-427a-a37f-a84c6e4510cb|church_overture:cfa86634-3933-4c4d-8bf0-42c1c8869f21,First Presbyterian Church | First Presbyterian Manse
2800180,Aberdeen,baptist,2,church_overture:ea03ced3-3c40-48c3-8507-09b4ad0d1553|church_overture:fa00552c-a272-4b3b-a6cb-ca45e9338680,First Baptist Church | First Missionary Baptist Church
2803980,Bay St. Louis,baptist,2,church_overture:d80242f0-66f3-4193-bb68-851a3ce2c56e|church_overture:f32cdd41-a5c7-432b-80b0-35abad26cbd7,First Baptist Church of Bay St Louis | First Missionary Baptist Church
2804060,Bay Springs,pentecostal,2,church_overture:13e19976-2955-4c24-bc18-4053abd4f296|church_overture:70dc9b6d-3bd2-47d2-9481-9698c1f2c608,First Pentecostal Church
2804705,Beechwood,pentecostal,2,church_overture:8cc816d1-f889-48a3-9167-9eb45e307576|church_overture:e5cb11e6-0716-4738-90d0-28e7de54b058,First Pentecostal Church of Vicksburg   | First United Pentecostal Church
2805140,Belzoni,baptist,2,church_overture:6e77d305-66d7-432e-bad2-d118bd77be4c|church_overture:a35ae1db-4a16-4149-82bc-224742e952ae,First Baptist Church | First Baptist Church Belzoni
2806220,Biloxi,baptist,2,church_overture:5fcab0bb-7860-42d8-ab00-b8e81d3cbc85|church_overture:d541994d-2ad7-45a7-9247-59500803094e,First Baptist Church of Biloxi | First Missionary Baptist Church Biloxi
2806220,Biloxi,methodist,2,church_overture:1eae1819-35a7-437f-80a6-6b62742bfc10|church_overture:30e741e9-b40b-4e54-88ac-bf616835aea5,Biloxi First United Methodist Church | First United Methodist Church
2807780,Booneville,baptist,2,church_overture:0d35dd18-b9e5-4831-8350-e5d2c93025d5|church_overture:1c42bbbd-135a-4529-89b1-43a401c79f81,First Baptist Church | First Free Will Baptist Church
2813820,Clarksdale,pentecostal,2,church_overture:3fdec615-43c6-4fdf-8f75-cd1942ffe4a1|church_overture:7401187d-2d4e-4b7a-a6e5-dd0198d43cde,First Assembly of God | First United Pentecostal Church
2815380,Columbus,methodist,2,church_overture:8000ca5a-78d5-4f4b-8c7a-65a66e0937b7|church_overture:a479cca3-82cd-41da-89d4-cf7d9a28c51e,Columbus First Methodist | First Independent Methodist Church
2815700,Corinth,methodist,2,church_overture:69ebde22-584b-46ca-b86e-c2d23ce201de|church_overture:c36b7944-4237-4c27-bd44-526c6469435c,First Methodist Church | First United Methodist Church
2818420,DeLisle,baptist,2,church_overture:223963b6-ad11-4aae-91c9-af8733c4c27f|church_overture:e729660c-c168-4897-9e19-ac949b8761e7,First Baptist Church of Delisle | First Missionary Baptist Church
2822580,Enterprise,baptist,2,church_overture:4985ccb2-233f-4c59-8b21-a1efa08f7be9|church_overture:71a4ed40-fffa-488d-8a06-110ea1ca9187,First Baptist Church | First Enterprise Missionary Baptist Church
2829340,Greenwood,methodist,2,church_overture:012ee2bd-5e7c-435a-8c22-bfc30cb2e1c0|church_overture:ef6a1b28-be15-4222-83c4-7d5866d3e450,First United Methodist Church
2829460,Grenada,baptist,2,church_overture:2e0b34c5-afca-4526-abb9-4007c11f6a5f|church_overture:a6b11831-0015-48ac-b5d0-fcf12b846c42,First Baptist Church | First New Hope Missionary Baptist Church
2829700,Gulfport,pentecostal,2,church_overture:0e30ff51-54bd-45c0-aefd-213aa2d683e5|church_overture:8e479715-4352-4f5e-8ea3-29a0f05ad47a,First Pentecostal Church of Orange Grove | First United Pentecostal Church
2834740,Indianola,baptist,2,church_overture:22db9734-ea06-439f-9dbb-eca699dd2968|church_overture:35016fb5-b30b-41cb-a3a2-fd543d1c2342,First Baptist Church Indianola | First United Baptist Church
2835020,Inverness,baptist,2,church_overture:3c57b24d-f2f0-4879-b3a5-efb92ee90cd7|church_overture:fa309424-854c-4cdc-8d86-e3a538886aed,First Baptist Church of Inverness | Pleasant Valley First Baptist Church
2835300,Iuka,baptist,2,church_overture:2eff4aa2-12d4-4347-8773-fc18bf474ed8|church_overture:861b33fa-89de-41fd-b820-ccc83e1556f0,First Free Will Baptist Church | First Missionary Baptist Church
2836000,Jackson,baptist,2,church_overture:0bd1ad71-67ea-487a-9d62-b17a46edc96c|church_overture:62f9fe4c-0a63-48bf-a8b7-73fc7c5e3b5f,"Calvary First, Baptist Church | First Baptist Church of Jackson"
2839640,Laurel,baptist,2,church_overture:22af130a-e307-4eed-87da-3acfa59b0626|church_overture:49caeb20-1f77-4745-8a59-921ade16570d,First Baptist Church
2839840,Leakesville,baptist,2,church_overture:bba4d33a-c784-49ba-9cf6-4872d328a2e6|church_overture:ed43eaa4-5053-47ad-a63f-24af7dbdb826,First Baptist Church | First Baptist Church Parsonage
2839840,Leakesville,pentecostal,2,church_overture:0b407599-f2b2-4b95-b2fd-fea69f99a312|church_overture:bf647402-ba06-4764-93d6-c1e68ad21f31,First Assembly of God Church | First United Pentecostal Church
2841680,Long Beach,baptist,2,church_overture:05fa7d14-e694-4151-8c3b-61ae8d505cc2|church_overture:370075bd-2ecf-475f-bc8c-7af96028a067,First Baptist Church | First Baptist Church Long Beach
2843280,McComb,baptist,2,church_overture:034ec689-33c4-4156-8faf-2dc1a60e0135|church_overture:b4dcf061-df6f-4801-b10d-e4b1cffc18c6,First Baptist Church | First John the Baptist Church
2843840,McLain,pentecostal,2,church_overture:6f703e67-9310-43a3-92ce-f712378672fa|church_overture:901e3830-7e5a-4dda-bf50-c263249b5e96,First Pentecostal Church of Mclain | First United Pentecostal Church
2844240,Macon,baptist,2,church_overture:5d2f2bce-715f-4379-a36b-121f4d5a4c14|church_overture:90340cb0-ce7b-4c2a-9b60-45516d7c4c58,"First Baptist Church (Macon) | First Baptist Church Macon, MS"
2844600,Magee,baptist,2,church_overture:0a5d5ef4-4111-4962-807d-71e2eb9885c6|church_overture:777a92d3-f400-4a85-8e51-1ab2547f1de0,First Baptist Church | Magee First Baptist Church
2846640,Meridian,baptist,2,church_overture:280988ed-61fa-4168-ac20-0e8ad1302288|church_overture:adc5cf17-b354-4c8b-b23d-8a690b7936f5,First Baptist Church Of Meridian | First Union Missionary Baptist Church
2846720,Merigold,baptist,2,church_overture:77f9cf7f-7c88-42b3-8e1f-11a7d292f5b3|church_overture:78e3f886-77d1-469f-8f53-41104a06b7bd,1st Baptist Church of Merigold | First Baptist Church
2855400,Pass Christian,baptist,2,church_overture:2d9974b6-f7f4-43ea-b097-c2b72281666b|church_overture:72054455-3aaf-4401-b1d4-5ee3a0b871f1,First Baptist Church of Pass Christian | First Missionary Baptist Church
2855760,Pearl,baptist,2,church_overture:23bbf724-e2c1-4e79-8862-7a58c31a743e|church_overture:3f3e7d9a-539c-4230-acf4-425916189569,First Baptist Church of Pearl | First Free Will Baptist Church
2857160,Picayune,baptist,2,church_overture:4c8e3cd9-7144-44cc-a89c-500b1f4c701b|church_overture:ee1d9aa4-aa85-4d29-8242-22a15c3cf838,First Baptist Church | First Baptist Church of Picayune
2862400,Richland,baptist,2,church_overture:0ae3928d-2558-4045-81b4-e0660587f129|church_overture:3b012092-75c6-4c55-b029-4d350f107f91,First Baptist Church of Richland
2862520,Ridgeland,baptist,2,church_overture:71e95b26-aa7b-4587-bd2c-d7c4d3f10cca|church_overture:845f5c8f-979c-4de4-9f08-45b19b63f55c,First Baptist Church Ridgeland | First Ridgeland KIDZ
2862600,Ripley,baptist,2,church_overture:66242d9b-c557-4f1b-a1ad-81d7b61e7d83|church_overture:c1b1f2a5-c9b7-4b9b-9dea-335eb1510e62,First Baptist Church Complex | First Evangelical Baptist Church
2870240,Starkville,baptist,2,church_overture:59f9d0de-dd65-480b-aa5c-88612c61dc55|church_overture:78d25998-1aa5-47af-89d0-2a965b164bf9,First Baptist Starkville Warehouse | First John Missionary Baptist Church
2870760,Stonewall,baptist,2,church_overture:3d927c64-85c3-4e45-8a2d-c3d9555cea43|church_overture:dd348f83-af41-4ff9-bf50-263d5e915f7e,First Baptist Church | First United Baptist Church
2871560,Sumrall,baptist,2,church_overture:7c67f30b-26d0-4b1d-a2cb-d24a02596b68|church_overture:8c826ef8-5518-4dd4-af67-5548b99964c5,First Baptist Church | First Baptist Church Oloh
2874840,Tupelo,baptist,2,church_overture:71c6c81e-1072-4a8c-a249-3b41fb1391bf|church_overture:839981ee-ac64-45c8-bcf1-4d613ef05e7c,First Baptist Church | First Baptist Church Tupelo
2875160,Tylertown,baptist,2,church_overture:0e655f04-0dca-4997-a9e7-08f85f6c7493|church_overture:41369bee-702c-4858-aed7-b096152bf249,Tylertown First Baptist Church
2875360,Union,baptist,2,church_overture:7897fbd7-7b21-4bd3-a386-5c22162b0860|church_overture:97506328-d1eb-4795-9f4d-14aeb5f00696,First Baptist Church
2876720,Vicksburg,baptist,2,church_overture:d9472028-2e93-4375-ac9e-880d48395dd5|church_overture:ea2110dd-7abb-4597-9a2f-acbe4142f570,First Baptist Church
2876760,Victoria,baptist,2,church_overture:548046ce-befc-43da-bf01-6a1d07d7d32f|church_overture:7ba4029c-04c5-4f0a-bff5-39d9232623aa,First Southern Baptist Church
2878200,Waveland,pentecostal,2,church_overture:65ed6ff1-2496-451f-ab0d-2e08d1e82638|church_overture:f9e397a0-ab95-4ef9-a9f3-01dcb56e5209,First Assembly of God Church | First United Pentecostal Church
2878360,Waynesboro,methodist,2,church_overture:45970eed-0469-41be-b264-c860402f3924|church_overture:b8e2f730-1160-472b-916e-f19d73e359f5,First United Methodist Church | Waynesboro First Methodist Church
2878360,Waynesboro,pentecostal,2,church_overture:2cf5c934-86b6-4adc-ae4d-7458a09b2f5f|church_overture:bce9c05f-025d-474e-afaa-9465509f289f,First Pentecostal Church | Waynesboro First Assembly of God
2879120,West Point,presbyterian,2,church_overture:20897900-34c1-48d2-8e1c-b869c1c330c7|church_overture:b0318944-728b-4dd3-b1d7-6926416b839d,First Presbyterian Church EPC | First Presbyterian Church USA
2900514,Albany,baptist,2,church_overture:a2170ea4-13b0-46c0-8d22-b0942ff34c1f|church_overture:b23c39e6-165f-4793-a978-49be057d4d7a,First Baptist Church
2906382,Bloomfield,baptist,2,church_overture:89374244-1e43-4a94-961d-0e0008f72da1|church_overture:acaa67fe-2e58-4ed9-a6a0-1c3a35516fc3,First Baptist Church | First General Baptist Church
2906652,Blue Springs,baptist,2,church_overture:5a8e787d-5914-4d04-8ded-4fbde68eed62|church_overture:5fca23c9-023a-4093-9334-11dbdf573181,First Bible Baptist Church
2906976,Bolivar,baptist,2,church_overture:ab14b895-2dd7-409f-beca-31bcc5695f17|church_overture:b928fcfe-81e3-4427-8678-9e46ed457dfb,First Baptist Church of Bolivar | First Southern Baptist Church
2907966,Branson,baptist,2,church_overture:187f0f3a-119b-46b3-898e-d781ed007f84|church_overture:ab68ca0f-6c39-4c75-ae88-6059a42bfca5,First Baptist Branson | First Baptist C
2911134,Canton,baptist,2,church_overture:d0645eaa-8d6d-4805-9c65-09de0d9ccccf|church_overture:eb6d05da-a8ad-4aa5-9de2-4ccf0f6730be,First Baptist Church
2911656,Carthage,baptist,2,church_overture:0d5ce572-f210-4c2e-a65b-55c847b8492a|church_overture:c4ae327e-394e-4330-a66e-386026732d49,First Baptist Church | First Baptist Church Carthage
2911692,Caruthersville,pentecostal,2,church_overture:5cc6e326-d9f4-4502-a959-192e6c567432|church_overture:db683859-0226-4c71-add4-555076085f4a,Caruthersville First Assembly of God | Caruthersville First Pentecostal Church of God
2913600,Chesterfield,baptist,2,church_overture:74395d59-7315-4972-9081-f2d3c7964503|church_overture:d397d551-3316-4ab6-9aa2-91ef68d298a7,First Baptist Church of Chesterfield | First Baptist Church of Creve Coeur
2914986,Clinton,baptist,2,church_overture:8b6ea2b3-814b-4117-8c15-97860f1e6cf3|church_overture:df2cfe0b-453b-45ed-824d-797eea314702,First Baptist Church
2919072,Delta,baptist,2,church_overture:7bead01b-2590-4e1b-b882-19420f4ec1e2|church_overture:abb37e7f-535d-45bb-b8d5-2503df30d6e2,First Baptist Church Parsonage | First Baptist Church of Delta
2919396,Dexter,pentecostal,2,church_overture:4c306db8-95f4-4f97-a9b6-184c3593fc76|church_overture:c4e1b3da-6f37-46f8-964d-a6541f8c9498,First Assembly of God | First Pentecostal Church of Dexter
2921052,East Prairie,baptist,2,church_overture:3f809a30-97c0-4077-9071-7b30468fdaef|church_overture:b2f7d668-a393-46c6-aa35-e7b80aec9f69,First Baptist Church | First General Baptist Church of East Prairie
2923086,Excelsior Springs,methodist,2,church_overture:2979fcd3-3d82-4974-a3dd-8acf1032bfe2|church_overture:c2cdae2d-e7dc-48c2-b290-651f9dff69c3,"First Methodist Church (Excelsior Springs, Missouri) | First United Methodist Church of Excelsior Springs"
2923752,Farmington,baptist,2,church_overture:b43087f2-b102-4079-a0da-e24b8ee4b21a|church_overture:f07f1b71-a214-48cd-9afd-d8287c672c2b,First Baptist Church of Farmington | First Free Will Baptist Church
2925768,Fredericktown,baptist,2,church_overture:05f2f5a8-c871-4e44-8fdb-e8f1bce9d2ea|church_overture:67c8c76c-ca81-4b12-a6cf-75fa8f8ec81f,First Baptist Church | First Freewill Baptist
2926182,Fulton,pentecostal,2,church_overture:2ecb65b0-708f-4936-994b-4baf0f8e87e1|church_overture:751a6a65-4ce8-4765-88f4-58832d058498,First Assembly of God Church | Fulton First Assembly Of God
2933238,Houston,baptist,2,church_overture:757d8add-5892-4b53-9769-6aa0a0d407e0|church_overture:f37de2ab-7fbf-4494-8ce2-3697a3a064f0,First Baptist Church | First Free Will Baptist Church
2935000,Independence,baptist,2,church_overture:36ffcd05-fd7a-473e-a200-64ac7c7753c1|church_overture:b819f473-b529-4e9f-bc12-9f600c550d8e,First Baptist Church | First Baptist Church Blue Springs
2937790,Kahoka,baptist,2,church_overture:911118ec-40a6-44fc-b271-9b24c3475b9d|church_overture:a4add775-34ae-44a2-bb13-26f34496e790,First Baptist Church Kahoka | First Baptist Church of Kahoka
2939764,La Grange,baptist,2,church_overture:2b1b4d57-88e4-4607-862f-160249620674|church_overture:3abfd5c7-edb3-4579-89b3-93468dade367,First Baptist Church | First Baptist Church of La Grange
2940376,Lamar,baptist,2,church_overture:81b87b91-fa44-41e7-a156-0965ea21a050|church_overture:e6510d3d-919f-4fda-8337-fdcd189537e1,First Baptist Church
2941132,Leawood,baptist,2,church_overture:22e9c8c3-a554-4d44-b3d3-df5896e1d529|church_overture:9771a977-c3e2-4fdb-834a-b8ed25de0835,First Baptist Church Family Life Center | First Baptist Joplin
2941168,Lebanon,baptist,2,church_overture:b320e815-ecd8-4ced-9ec0-f694f415673f|church_overture:f62c1361-a958-4684-b43e-fc7250780c90,First Baptist Church | First Freewill Baptist Church
2945614,Malden,baptist,2,church_overture:6e22a32a-c30b-432d-859c-c70ea592ef01|church_overture:fc923f49-c517-4e29-a7bf-9e435ff3f2f0,First General Baptist Church | First Southern Baptist Church
2947648,Mexico,pentecostal,2,church_overture:73e4dfde-08a4-4e40-a35f-ddfd0fe783f7|church_overture:af0dcd42-a821-45ff-ba61-8719a7b7ac81,First Assembly of God Church | First United Pentecostal Church
2948062,Milan,baptist,2,church_overture:b321c232-7e2d-4045-add3-5c21d7d0b287|church_overture:c181f17e-df36-4415-bd85-9e35b4d50f7b,First Baptist Church | First Baptist Church of Browning
2949196,Monett,baptist,2,church_overture:3bcb0e58-8988-4c3b-9b29-9b4aa40310d2|church_overture:f4059ff1-5071-4408-b9d3-c2a6b5d37505,First Baptist Church | First Free Will Baptist Church
2950402,Mountain Grove,baptist,2,church_overture:4707fd8b-c709-4ea3-b559-6180c6fee681|church_overture:c46fd046-6284-4708-bca0-9e1d127c41a9,First Baptist Church | First Free Will Baptist Church
2954758,Oran,baptist,2,church_overture:34cb8877-2338-4df7-8fb2-61832fcfd0d9|church_overture:408342d2-2e02-4a79-879a-353acce91c95,First Baptist Church of Oran | Oran First Baptist Church
2955766,Ozark,baptist,2,church_overture:33be2a6a-f88c-4c65-bd7f-38f2f147fb4b|church_overture:d074dd82-3d41-48c4-91e3-ea745c8604d5,First Baptist Church Of Ozark | First Free Will Baptist Church
2956272,Park Hills,baptist,2,church_overture:c1f9a7b8-84c7-4242-aa42-322370e7c6b6|church_overture:c67e3163-1311-43dc-a99b-3a90570d3eea,1st Free Will Baptist Church of Park Hills | First Baptist Church
2957080,Perry,baptist,2,church_overture:1981ae58-c735-4645-b29f-85761a4867a9|church_overture:4c1206c7-a67c-4a70-9d43-4e748fdbd9e1,First Baptist Church
2957116,Perryville,pentecostal,2,church_overture:0eb6e074-49fa-4bcc-a1c2-4b8ac60b3e20|church_overture:f0221ffb-73fe-4da9-aec9-2e2d6f934954,First Assembly of God | First Assembly of God Church
2959096,Poplar Bluff,baptist,2,church_overture:1f53a41b-68a6-4bb6-9cff-12ba12ccd68a|church_overture:543417bb-6258-4678-841a-84a0af911ce2,First Baptist Church | First General Baptist Church
2960176,Purdy,baptist,2,church_overture:c893f2d2-5d8b-4d44-9acd-0bead30dd93d|church_overture:ef553aa1-c3cc-46e7-93cb-98939d83a8c2,First Baptist Church | First Free Will Baptist Church
2960284,Puxico,baptist,2,church_overture:d1bd7fb6-0212-4fa9-8101-09b22c84b732|church_overture:ea4afa00-8e22-480d-b4e5-6b7e55a16fa0,First General Baptist Church | Puxico First Baptist Church
2962912,Rolla,baptist,2,church_overture:84fc1bac-8f5b-456d-b434-31765e0de243|church_overture:da27bb3a-ad0b-4e7e-b648-0a8328916f6e,First Baptist Church | First Freewill Baptist Church
2965000,St. Louis,baptist,2,church_overture:707af467-4f12-4ee7-8431-6f2f146d0bd8|church_overture:d0fe91f9-9b14-48db-839a-857d5a563f7b,First Baptist Church | First Free Will Baptist Church
2965126,St. Peters,baptist,2,church_overture:68647340-7d32-4bc0-a8c3-ba0edf2811c8|church_overture:93992312-650c-4e4c-bbef-3a51d88a4b22,First Baptist Church of Harvester | First Baptist Church of Saint Peters
2967232,Shell Knob,baptist,2,church_overture:0717df48-2be3-4615-b656-f29fd303d46f|church_overture:e3c82c4c-dc88-4561-81a4-a7f526634952,First Baptist Church
2970000,Springfield,baptist,2,church_overture:40d3dea7-1be9-4d5b-803b-6dab29a6da52|church_overture:513fd7f0-9717-46f3-aa76-120e771e83f5,First Baptist Church | First Free Will Baptist Church
2971512,Summersville,baptist,2,church_overture:4756e1b1-5883-47e4-a74c-ed77fd997a7d|church_overture:5ab76ac0-8be2-405f-b4e1-7e4f2b79e6fb,First Baptist Church
2976012,Viburnum,baptist,2,church_overture:bed59136-8b59-4f09-ac1e-be36d27981a7|church_overture:ea3d76ff-7b5a-4b6e-9237-e214a3153fb6,First Baptist Church
2977992,Waynesville,baptist,2,church_overture:1c71ceb9-0fdd-4019-81cd-092853f72f98|church_overture:5c29b6db-f307-41b1-8582-304679e6cecd,First Baptist Church of Waynesville | First Freewill Baptist Church
2978928,West Plains,baptist,2,church_overture:0c7358dc-b0f5-45de-8984-e67224c4b8e3|church_overture:b645f901-2cb7-4c94-9a7e-5375e2558551,First Baptist Church | First General Baptist Church
2979820,Wildwood,baptist,2,church_overture:2cad00f0-3790-4a42-a1a9-8298993470fd|church_overture:c233a9ff-572d-4181-b188-f12cc53cff3f,First Baptist Church | First Baptist Church of Wildwood
3032800,Great Falls,baptist,2,church_overture:639beda4-3f38-4482-9d52-57550b0d8145|church_overture:bc0b99c3-572e-4350-885f-23a8a7df4024,First Baptist Church of Great Falls | First Southern Baptist Church
3047875,Marion,baptist,2,church_overture:0ca53425-15bc-4b3d-b550-1058b23e9afe|church_overture:3bf244c7-52a0-4477-8698-a19b207912e1,First Baptist Church | First Baptist Church of Marion
3110110,Columbus,methodist,2,church_overture:8a5646c9-ce7f-453e-bb4b-9a28c5077b97|church_overture:96f0a64a-0354-47df-aaf1-6de1df182c54,First United Methodist Church | First United Methodist Church Outreach Center
3117670,Fremont,lutheran,2,church_overture:63758754-eb10-465f-8ab8-bba0aa66fb2b|church_overture:65e3ee1f-e727-4445-bb62-2cd19091721a,First Lutheran Church
3128000,Lincoln,baptist,2,church_overture:3a4c1dcf-2d32-4705-8176-982ed95cb573|church_overture:fc6eb6dd-02d6-4f4b-aabd-8626f60b4d3b,First Baptist Church | First Slavic Baptist Church
3151840,Wayne,presbyterian,2,church_overture:18976053-7201-4f9d-8beb-f176a0601b02|church_overture:bd981454-2929-4fb6-b741-3cdba9c804ce,First Presbyterian Church
3231900,Henderson,baptist,2,church_overture:47b6ba3d-3ef3-42f4-8343-0e980db84010|church_overture:f060e830-eb68-4a42-b045-9894bbf86047,First Baptist Church
3246000,Mesquite,baptist,2,church_overture:8a128ce1-05a1-45fb-b9e3-61b46d579026|church_overture:a84935a1-491a-4383-bf08-5f1d7cec29fc,First Baptist Church
3301940,Ashland,baptist,2,church_overture:5457b597-5cb1-4319-af7c-39339e21024e|church_overture:6024c5e6-aa79-4b9d-a6e0-8aaaf41ae4e1,First Free Will Baptist Church | First Free Will Baptist Church And Vestry
3341300,Lebanon,baptist,2,church_overture:2db95a07-14a5-4af5-b5a4-969b2467a2d8|church_overture:8d4a892d-8978-477f-8dbf-cf5573b97e7b,First Baptist Church
3345140,Manchester,baptist,2,church_overture:9f6e3d6f-1b37-425c-a068-2c0fe841563d|church_overture:f623bc23-d4e0-412d-bd57-e64ed0799db6,"First Baptist Church of Manchester, NH | First Haitian Baptist Church"
3401960,Asbury Park,baptist,2,church_overture:4ac2ced4-c63e-4a8a-9951-73ee090412b5|church_overture:6f67f500-f1ac-4930-be53-a7bea96193e8,First Baptist Church | First French Speaking Baptist Church
3410000,Camden,baptist,2,church_overture:82bafd6d-35e6-4302-8f99-597ac8482b79|church_overture:cbcdd497-b8ca-44fc-952e-37de6d4d86e6,First Nazarene Baptist Church | First Refuge Progressive Baptist Church
3428800,Haddon Heights,presbyterian,2,church_overture:2e0149d5-1246-4c78-9457-89817cce90dc|church_overture:ce8b043a-9f6c-4dce-ae35-0d0263a8b3c1,1st Presbyterian Church | First Presbyterian Church of Haddon Heights
3429430,Hammonton,methodist,2,church_overture:3814fd54-c23a-4a3f-8e06-6f74a4f6b2df|church_overture:b8a0c4f2-e0dd-4fae-8bad-7cf6022aef8f,First United Methodist Church of Hammonton
3430420,Hasbrouck Heights,reformed,2,church_overture:12fd9033-bfd3-410f-86fe-a392c903e3d2|church_overture:aef25fd1-5b26-48e8-a67a-7cb83ad6ce85,First Reformed Church | First Reformed Church Hasbrouck Heights
3436000,Jersey City,methodist,2,church_overture:45fe4504-c7ab-46d3-8361-1b09d56902e0|church_overture:f7458374-66df-4461-8cd1-49ac8e48b11a,First Filipino American United Methodist Church | First Wesleyan Church
3456550,Passaic,methodist,2,church_overture:60e9a6ee-f072-4f5e-ada7-40d2cef16719|church_overture:caaf9703-fa6c-4caf-a0a0-bee4af67597b,First Spanish Free Methodist Church | First United Methodist Church
3459190,Plainfield,seventh_day_adventist,2,church_overture:987be8bb-220f-4a7e-96e8-9c017fdd7a1c|church_overture:a053cd7f-7a6c-476e-a72f-87673b5ddd65,First Filipino Seventh-day Adventist Church | First Indonesian Seventh-Day Adventist Church
3474000,Trenton,baptist,2,church_overture:ad3941de-6755-4e2e-abd7-8c9009509501|church_overture:eaaf9ef2-cc55-4597-a10c-2b1810a98095,First Baptist Church | First International Baptist Church
3506480,Belen,pentecostal,2,church_overture:16e496d7-f417-4ce8-80a7-143863cb8e87|church_overture:c858e739-a7de-44df-9ab9-4cf1d4d590b5,First Assembly of God | First Assembly of God Church
3512150,Carlsbad,methodist,2,church_overture:641ae156-22b2-4341-963d-a02ef273fc08|church_overture:b0c4b97b-2612-4966-b3ed-93497a2505a4,First United Methodist Church
3525450,Eunice,methodist,2,church_overture:702decda-e12c-4d4c-b899-385b84ef71d7|church_overture:e29f40ef-4d58-49ab-996a-177af345be16,First United Methodist Church
3525800,Farmington,baptist,2,church_overture:87d1e9f8-a225-43a3-bb26-fc483e5dba59|church_overture:9ac1f925-c80d-40fe-8a76-acdc4725d787,First Baptist Church | First Indian Baptist Church
3528460,Gallup,baptist,2,church_overture:06ed2916-0d7a-4b3c-81f7-8c3b71ebfdf9|church_overture:a0c8e3b8-1d59-47e1-b3db-79f422e2fe48,First Baptist Church | First Indian Baptist Church
3532520,Hobbs,methodist,2,church_overture:30573ef1-9096-4770-bb3a-0d8bf98be86c|church_overture:7cce45ce-3303-4e6b-8165-87c2081eff3d,First United Methodist Church
3539940,Las Vegas,baptist,2,church_overture:98571150-0f35-4e19-968c-90e46d7319e8|church_overture:a2a6ec18-74cf-4718-bf07-f9ddeaf65548,First Baptist Church | First Baptist Church of Las Vegas
3544490,Lovington,presbyterian,2,church_overture:2fb76199-103e-4f5b-bf47-0142d47ac6c5|church_overture:c2ec2e7b-cf4a-4a37-b398-1a26bacacefd,First Presbyterian | First Presbyterian Church
3576200,Taos,baptist,2,church_overture:ab59e605-fc37-420e-81a2-e1b9108ab227|church_overture:eca3766a-c76c-4379-a697-d8152dbb7680,First Indian Baptist Church Taos | Taos First Baptist Church
3579910,Tucumcari,baptist,2,church_overture:e59a663e-324d-48c1-ba8a-14c236ee6e26|church_overture:f063af5b-7f63-44a6-b42c-5cca05e26f6b,First Baptist Church | First Spanish Baptist Church
3608257,Brighton,baptist,2,church_overture:145e2cc5-3d2c-4047-af8a-857431289a3f|church_overture:823c2cc1-63dc-4533-b0e2-85789728c394,First Baptist Church | First Rochester
3637583,Inwood,baptist,2,church_overture:41d9b249-2373-475e-9a61-4ed78a5d4d9a|church_overture:e97fb02c-55f5-46a4-b3ed-ade5cfe4f7ea,First Baptist Church | First Calvary Baptist Church
3651000,New York,church_of_christ,2,church_overture:bf19c684-e037-4cd9-b659-2cd6b1592467|church_overture:f1220bee-2a48-4f05-a45e-02bd4188fe00,First Church of Christ
3651000,New York,nazarene,2,church_overture:c8a8c1ad-353f-4cc4-a9a1-efa41f0ded51|church_overture:c9a8c388-d0b9-4e14-a616-5403d4e94eaf,First South Asian Church of the Nazarene | Flushing First Church of the Nazarene
3651055,Niagara Falls,baptist,2,church_overture:11ff7f91-50f1-4d8a-bab9-ece40b81523a|church_overture:19a06aa5-af88-418e-8d58-e66d17def21a,First Baptist Church Of Niagara Falls | First Baptist Church of Niagara Falls
3654881,Oneonta,presbyterian,2,church_overture:55940e97-eb19-4acd-8731-65dbce43f256|church_overture:ca8a2588-3f81-42a9-96a4-7375513039c9,First Presbyterian Church | First United Presbyterian Church
3659641,Poughkeepsie,baptist,2,church_overture:0e55371a-d5e6-444e-b43d-f72e5856f65b|church_overture:c6a93d4c-319c-4091-a63b-a6aaae6cfdea,First Baptist Church
3663000,Rochester,baptist,2,church_overture:9a5cf11b-4735-4a51-86c3-9ac3edde527d|church_overture:cb9e941f-1011-4b34-b34e-aad34c590dd9,First Genesis Baptist Church | First Spanish Baptist Church
3663000,Rochester,pentecostal,2,church_overture:dd430b0f-ca60-43ae-a9fd-980b8db95e61|church_overture:eec429cf-ae44-4b52-89b7-09358347a17f,First Assembly of God | First Pentecostal Church
3663000,Rochester,unitarian_universalist,2,church_overture:120c2824-5c81-46f8-922b-9bf73eb8c52f|church_overture:a7b4ae21-4156-42a5-9c0e-5e6d2fa5eeff,First Unitarian Church of Rochester | First Universalist Church of Rochester
3675506,Trumansburg,presbyterian,2,church_overture:3e28f797-5808-440b-a1a3-2598c3afe0fd|church_overture:c591c179-5a09-4359-8ea9-3b3167d3230b,First Presbyterian Church | First Presbyterian Church of Ulysses
3700680,Albemarle,baptist,2,church_overture:32a4763c-4dee-4c75-91f7-61682b40f8ff|church_overture:55338996-7f00-4c9f-8e43-b7a9ed9865dd,First Baptist Church Albemarle | First Hmong Baptist Church of Albemarle
3702080,Asheboro,methodist,2,church_overture:98327f62-080b-412a-8751-3d2c78933e25|church_overture:d510055e-686b-4d17-8755-8f8357a2001f,First United Methodist Church | First Wesleyan Church
3702080,Asheboro,united_church_of_christ,2,church_overture:1abbc762-46c9-461b-aca8-000cb40d7c8e|church_overture:b045074d-b15d-4ef7-93df-4fdcbec1825f,Asheboro First Evangelical and Reformed United Church Of Christ | First Congregational United Church of Christ
3704260,Beaufort,baptist,2,church_overture:109a2164-dede-4c60-8545-82c4873da0a1|church_overture:1dff8c3e-4e78-41b7-b4a0-19f47d889bf3,First Free Will Baptist Church | The First Baptist Church of Beaufort
3705220,Bessemer City,methodist,2,church_overture:6249fc84-b456-4ede-ba83-9ec4e3ce73e0|church_overture:fc30ef7d-f73f-4c61-b386-ee0fbfcd5c35,First United Methodist Church | First Wesleyan Church
3706240,Bladenboro,baptist,2,church_overture:8b581754-1c44-4432-acd3-2c7b023dafad|church_overture:b4a0b0fe-99d6-409c-9394-32d7f67cdd22,First Baptist Church
3709060,Burlington,presbyterian,2,church_overture:4cf64819-5b9a-4dbf-a81a-f97c6be969a0|church_overture:c1b89eab-9a65-4616-82f0-c06b39bc7687,First Associate Reformed Presbyterian Church | First Presbyterian Church
3710740,Cary,baptist,2,church_overture:0669eb4d-9f18-4048-b2b2-e9d75f686ad1|church_overture:605f3a00-b623-4905-b0fd-5a22fa301789,First Baptist Church | First Baptist Church of Cary Missionary House
3711800,Chapel Hill,baptist,2,church_overture:67a79047-1407-49da-92e5-eefd6cad618a|church_overture:f839695f-eb76-405a-92a6-8a064ff3e375,First Baptist & Manley Estates | First Baptist Church
3712000,Charlotte,presbyterian,2,church_overture:33595471-b959-46cb-b33d-4340c18a000a|church_overture:9df79f36-bc16-440a-a443-be84b1a55fcd,First Presbyterian Church | First United Presbyterian Church
3712340,Cherryville,methodist,2,church_overture:11f947b9-403f-4fb2-a505-9b426b6983bc|church_overture:ddd3d598-b4c8-4641-8dee-c0a40a28e2ac,First United Methodist Church | First Wesleyan Church of Cherryville
3712480,China Grove,baptist,2,church_overture:6c531c66-1cf0-42b9-9605-251b18b59734|church_overture:da185bc0-58c2-4ab6-a466-96278a4056f5,First Baptist Church of China Grove | First Freewill Baptist Church
3712480,China Grove,methodist,2,church_overture:416ac8bc-d2b3-4fe8-8cdf-2e7e42e3bb32|church_overture:f1b45ac0-8062-490b-bcf8-18aed2424637,First United Methodist Church
3713240,Clinton,baptist,2,church_overture:71e4c474-b444-4d79-8ebf-8bf0063df7ac|church_overture:9f43d0c1-7311-4d3b-a079-5675deba615e,First Baptist Church
3713240,Clinton,methodist,2,church_overture:32efd37b-0abe-4c5d-9912-08e96c7e1147|church_overture:7b60e660-d26c-4f66-82f2-309a8c1f48b9,First Methodist Church | First United Methodist Church
3719000,Durham,baptist,2,church_overture:a2844f77-ded8-4d13-94ab-f4d38ad86c20|church_overture:a57749dd-c6f2-4a73-8b18-d3c730c2905a,First Baptist Church | First Calvary Baptist Church
3719000,Durham,presbyterian,2,church_overture:7553183b-8b19-423a-a765-04db2d4695bd|church_overture:77e03e79-3391-4f45-b268-e67a20a93b2b,First Presbyterian Church | First Reformed Presbyterian Church of Durham
3720080,Eden,baptist,2,church_overture:56626b0a-7086-453d-b51e-1b1825b3788b|church_overture:e48ba318-4f68-4f19-8323-77d86aafc004,First Baptist Church | First Baptist Church of Draper
3720080,Eden,presbyterian,2,church_overture:43ffe2fe-97e9-4c83-accd-adaaf6096387|church_overture:edd15976-7d06-49c7-a0d0-7ce082cb7619,First Presbyterian Church
3721095,Elon,baptist,2,church_overture:0dd3589e-98ce-4951-b8e1-5178cd689d54|church_overture:2a7ef7eb-61a4-4c39-9d11-4b8e0e2bc934,Elon First Baptist Church | First Baptist Church of Elon
3721740,Erwin,baptist,2,church_overture:88b55340-86eb-4269-aecc-47b2f500bcde|church_overture:b891a707-7292-4d39-ad70-503116b16eca,First Baptist Church of Erwin | First Free Will Baptist Church
3722360,Fairmont,baptist,2,church_overture:8934a1ea-8977-4509-8002-2ccdce1e062b|church_overture:9d6c55f0-be38-404b-a476-6da78e114e88,Fairmont First Baptist Church | First Baptist Church
3724080,Forest City,methodist,2,church_overture:3d49a4e3-ad89-49e4-bab3-8b388e628aba|church_overture:d375f8d6-80dc-4b79-a2c0-72cf9798fa16,First United Methodist Church Forest City | First Wesleyan Church
3725580,Gastonia,baptist,2,church_overture:7f47246f-81da-477e-9726-a766a17becc3|church_overture:f5038d17-2827-4810-8a59-f454f4ad2852,First Baptist Church of Gastonia | First Free Will Baptist
3725580,Gastonia,methodist,2,church_overture:5922f7ed-992e-4a10-af15-05de28922bf6|church_overture:75f87b70-9fdb-40ae-9575-5ce5d6f955c3,First United Methodist Church | First Wesleyan Church
3725980,Gibsonville,baptist,2,church_overture:67b85703-3396-4fc8-a7d1-deae4bfc1130|church_overture:ba58a544-426a-4354-aff8-ab370f09a37b,First Baptist Church
3726200,Glen Alpine,baptist,2,church_overture:2f271eae-9d1a-498e-8b25-b9cdeed7c591|church_overture:d7d65082-269f-4ba2-858a-fa5e45e33ca6,First Baptist Church of Glen Alpine | First Free Will Baptist Church
3727280,Graham,baptist,2,church_overture:560a9c01-c78e-4d2f-91e9-b9c01a217857|church_overture:e1eb3493-9749-4ce3-bc83-d1d4e13751cc,First Baptist Missionary Church | The First Baptist Church of Graham
3729160,Hamlet,baptist,2,church_overture:0d58cf33-c276-4c47-a055-fa1fb11c0fc5|church_overture:83f06035-9e5c-41f1-b681-ca5baadbe901,First Baptist Church | First Baptist Church of Hamlett
3730120,Havelock,baptist,2,church_overture:d2efc894-f69c-4c48-957b-697148979513|church_overture:df88580b-61a5-4fb7-aa45-8b3d44b3b2c2,First Baptist Church | First Baptist Church of Havelock
3730660,Henderson,methodist,2,church_overture:74d7aa5f-e6ce-4928-87b2-e92c73aa4ff3|church_overture:ef76febf-8e57-4a5d-aa01-76828b7a19e6,First United Methodist Church
3730720,Hendersonville,methodist,2,church_overture:24548cf0-00b1-4cfb-a251-50f9fc5dc07e|church_overture:265162d0-18e1-4006-8734-73432b90f4d8,First United Methodist Church | First Wesleyan Church
3731060,Hickory,baptist,2,church_overture:a01aee87-6f1a-4cea-a764-f8c1146077ed|church_overture:b7298ed0-02ee-4467-b78e-d411a754c9c6,First Baptist Church | First Baptist Church of Rhodhoss
3731620,Hillsborough,baptist,2,church_overture:4b6202f2-6286-46a8-91ed-4be13fae3cc1|church_overture:64159447-c8bd-4a5f-ad81-b8c6e7f49e2c,First Baptist Church | First Community Missionary Baptist Church
3732260,Holly Springs,baptist,2,church_overture:6a425800-df25-4505-be5a-b67dd4c65bc3|church_overture:c6c8a77c-9176-40c4-bc89-3c499852a1dc,First Baptist Church of Holly Springs | First Freewill Baptist Church
3733320,Icard,baptist,2,church_overture:9f566865-7482-46a8-9dc3-4d07a2ad10bf|church_overture:fec6af3b-abee-40cc-a034-a85858c14bb8,First Baptist Church of Hildebran | First Baptist Icard
3733560,Indian Trail,baptist,2,church_overture:ad7f4d20-349a-447a-aeea-50e762bb7ea2|church_overture:bb798871-cf8d-48f7-9806-b35e3b8efac3,First Baptist Church Of Indian Trail | First Baptist Church of Indian Trail
3734840,Jonesville,baptist,2,church_overture:a8e808f4-6f6e-4262-a638-3a7feb9cf652|church_overture:d89ee665-6270-49ae-8826-59c4f71df51f,Arlington First Baptist Church | First Baptist Church of Jonesville
3735200,Kannapolis,baptist,2,church_overture:75eb792f-1136-4572-bac1-c702fc39ae78|church_overture:c1b11791-61c8-4380-9cd9-45f654ed797d,First Baptist Church | First Baptist Church of Kannapolis
3735200,Kannapolis,methodist,2,church_overture:5bdca9c8-1f84-4b1e-96b1-85a882c00b68|church_overture:769340a3-1aa8-40c1-974b-79b09615e2b5,First Evangelical Methodist | First Wesleyan Church
3735920,Kinston,baptist,2,church_overture:44e1499a-6baf-43cc-b885-c96cef68e196|church_overture:f8f99f08-7582-42cb-a716-00cb99957f1a,First Baptist Church | First Missionary Baptist Church
3737220,Laurinburg,baptist,2,church_overture:05092382-4c97-452f-b771-71c9294c3fb9|church_overture:ffb2a224-90bc-482d-961b-9d3cc317aacc,First Baptist Church | First Baptist Church of Carolina Park
3737680,Leland,baptist,2,church_overture:08392570-3d93-4e15-bfa4-6ae90c4c2006|church_overture:7da747d1-f323-4cff-a9cb-4995082567da,First Baptist Church of Leland | First Baptist Church of Woodburn
3737760,Lenoir,baptist,2,church_overture:6cb0c934-8e7f-4880-b3e5-8f3228a6b67c|church_overture:d1839038-19a3-4f4a-8f40-5bb1bea33729,First Baptist Church of Lenoir | First Baptist Church of Whitnel
3737760,Lenoir,methodist,2,church_overture:7acbf9ad-5463-4490-b530-ea1134c5fed1|church_overture:b2802a04-f61c-46fe-95fb-32755b615364,First United Methodist Church | Lenoir First Wesleyan Church
3738060,Lexington,baptist,2,church_overture:408266a5-d0a7-4cf2-aabb-2eaf860a4358|church_overture:4e1ebb42-0010-4d60-bbf4-491c7a92e1e1,First Baptist Church
3738320,Lincolnton,methodist,2,church_overture:7ae016ee-5ce9-48b0-bf98-818be624bfe7|church_overture:dc28d4df-9bc3-4f31-a484-c29aeea63adb,First United Methodist Church | First Wesleyan Church
3739700,Lumberton,pentecostal,2,church_overture:169f81f2-e066-4dc8-b32f-0a85720a862d|church_overture:cae66880-a890-4848-af30-5b6c7df6c6ab,First Assembly of God Church | First Pentecostal Church
3741420,Marion,baptist,2,church_overture:a4fdbe17-5e37-4d5c-9b90-a7fd7cf00b47|church_overture:de726b4b-7dac-4a68-a91f-ba4a80298111,First Baptist Church of Marion | First Freewill Baptist Church
3742100,Maysville,baptist,2,church_overture:aaceef69-49ff-4026-a835-f79efa0715c2|church_overture:f126c38d-1546-4cb2-a815-3df33ee9b296,First Baptist Church | First Missionary Baptist Church
3742240,Mebane,baptist,2,church_overture:2cc707dd-3ee0-428d-996b-f45286aceacb|church_overture:db380725-7cc7-4a79-bea9-a7462b724dc6,First Baptist Church of Mebane | Mebane First Baptist Church
3743720,Mocksville,baptist,2,church_overture:8b36c12f-bbeb-4911-8317-20becc9c1a8e|church_overture:b5255cb2-1fb4-48b6-9f69-34b6cb7544e9,First Baptist Church
3745100,Mount Olive,baptist,2,church_overture:e6c74fb1-84c4-4c44-ad4d-63219cc261a7|church_overture:f0a40fd3-4af0-4849-ae0a-b942e1c93fed,First Baptist Church | First Haitian Baptist Church Mt Olive NC
3746340,New Bern,baptist,2,church_overture:662c0a5b-3c95-4eec-9e44-41ab62077c10|church_overture:9f053889-7197-474b-addf-1bb94bbaf6e6,First Baptist Church of New Bern | First MB Church Inc
3747980,Norwood,baptist,2,church_overture:274f88ad-53cc-42e0-a680-45cce5390de2|church_overture:5176c077-f084-4199-b3ba-080c1abb99cc,First Baptist Church | Norwood First Baptist Church
3748040,Oakboro,baptist,2,church_overture:2f924267-7c6e-4c90-a90a-02243e00b2d3|church_overture:754a0424-d8fa-4775-af10-6fec1e286e1e,First Baptist Church of Oakboro | First Baptist of Oakboro
3748920,Old Fort,baptist,2,church_overture:7d8aa116-dcca-424a-9bee-b9bf640464e7|church_overture:8e84f51a-acb5-476b-b484-a22902e2c542,First Baptist Church of Old Fort | Old Fort First Freewill Church
3755080,Randleman,baptist,2,church_overture:04654769-5644-401d-a915-a0b616971403|church_overture:aedf2d68-4d3f-4e81-a6c7-fb490227e416,"First Baptist Church of Randleman | First Christian Baptist Church of Randleman, NC"
3755080,Randleman,methodist,2,church_overture:4b97dbb9-6b94-4a05-abb8-67f78defb938|church_overture:5082a09b-4e8f-48e2-9476-9a39bb77d7e6,First Methodist Church | Randleman First Wesleyan Church
3755660,Red Springs,baptist,2,church_overture:1110c2b0-a6a9-41fa-b382-1f39282dc64e|church_overture:2dc43cf3-8b12-4d0e-9a44-7b1d2cc9cd83,First Baptist Church | First Missionary Baptist Church
3755900,Reidsville,baptist,2,church_overture:9ec12b8b-cfb8-4821-902b-5abbb179139c|church_overture:cc409b69-1ac1-477d-85a6-5cc28cfd35e1,First Baptist Church
3756900,Roanoke Rapids,pentecostal,2,church_overture:1cfa4177-54a1-40af-87f4-f4d8ae36041e|church_overture:58b55d1b-1825-4a00-b889-36154200064c,First Pentecostal Holiness Church | Roanoke Rapids First Pentecostal Holiness Church
3757700,Ronda,baptist,2,church_overture:6c6bcc03-de65-44be-8c2a-912898da8edd|church_overture:bedb7ca2-d793-4db5-8358-3d7ab46dc721,First Baptist Church of Elkin | First Baptist Church of Ronda
3758720,St. Pauls,baptist,2,church_overture:57d42487-c223-450a-83be-abcc519f564e|church_overture:e4d28ee9-0ba9-4a0a-9ba2-76bfb7678c23,First Baptist Church | First Baptist Missionary Church
3758860,Salisbury,baptist,2,church_overture:25675036-c6cc-4581-802b-27cab61cb116|church_overture:b914e22e-f897-4545-8bd9-262e45647581,"First Baptist Church of Salisbury | First Calvary Baptist Church - Salisbury, NC"
3759280,Sanford,baptist,2,church_overture:6ff36971-3db0-41ce-9977-b39636b40f5d|church_overture:b7f3a17c-7e97-40d9-80cf-a3664155a074,First Baptist Church | First Calvary Baptist Church
3761860,Siler City,baptist,2,church_overture:30821e40-d441-4f07-a016-384649f15280|church_overture:62dd5ee2-ff1a-458c-aec6-8be80f37e0e8,First Baptist Church | First Missionary Baptist Church
3761860,Siler City,methodist,2,church_overture:7d0e8986-fc38-4192-941b-62220f4f3e79|church_overture:ec4842bd-dbbc-4fa9-8906-c6d642ecd890,First United Methodist Church | First Wesleyan Church
3762520,Smithfield,baptist,2,church_overture:293175fb-64e2-4619-b0bf-84adafff0fee|church_overture:dd8bcacd-72da-4f77-b21e-331bb1165db6,First Free Will Baptist Church | First Missionary Baptist Church
3763120,Southern Pines,baptist,2,church_overture:0b5ec169-c7ad-49c3-bdfd-be2ac72c1f9b|church_overture:d6f9a2b5-a99d-4e32-88a5-63a5453ac55d,First Baptist Church | First Missionary Baptist Church
3764160,Spring Hope,baptist,2,church_overture:0e609242-3064-45dc-b3b6-8f7943c26e2a|church_overture:a55c5288-6ae4-4b00-b0ef-12039ebfdc0b,First Baptist Church | New Hope First Baptist Church
3764500,Stanley,baptist,2,church_overture:18dcfc24-a14e-43ee-b859-c3a42faa9739|church_overture:32d0be7e-d16e-4b59-b781-e43a46cfcdd7,First Baptist Church | First Free Will Baptist Church of Stanley
3766700,Tarboro,baptist,2,church_overture:0a41adbe-f7f8-4dd1-9952-61eac714890e|church_overture:bfaac654-4b36-493f-8701-1dfc353e3e46,First Baptist Church | First Free Will Baptist Church
3767420,Thomasville,baptist,2,church_overture:c892db5f-18dc-4490-a272-d58af9f1ea69|church_overture:f5ceee73-38a2-45c3-8b99-8307af1adcb3,First Baptist Church | First Missionary Church
3770380,Wadesboro,baptist,2,church_overture:67922771-a49f-413c-9951-18fc661a49f1|church_overture:6a117eed-f3c0-48b6-8bd0-e2a7e39d2da5,First Baptist Church
3771220,Washington,baptist,2,church_overture:75393ad0-5ac7-42f5-adfa-2587c8b2cd3f|church_overture:b265911c-28a3-4c70-a4a8-f2df5ea825c3,First Baptist Church | First Free Will Baptist Church
3771220,Washington,methodist,2,church_overture:0e82caf4-28b1-497a-b728-c9413f4dc95a|church_overture:e286d27d-71f4-4c23-9049-c160a274bbbd,First Methodist Church | First United Methodist Church
3774440,Wilmington,baptist,2,church_overture:820336fa-65ce-4eea-8f20-c0355a7e5e35|church_overture:8a128468-2c0f-4c01-9b10-819881fa14ea,First Baptist Church | First Baptist Missionary Church
3774540,Wilson,baptist,2,church_overture:0d4ea174-45bf-43e0-915f-3bc6aff7a2fe|church_overture:72af6ef5-9419-4a99-ac99-cb9719c9a73f,First Baptist Church | First Free Will Baptist Church
3775000,Winston-Salem,pentecostal,2,church_overture:2e292cc8-802e-43c0-9e6e-d94320114410|church_overture:7a8da46d-4176-411e-a86e-90a6397bf22c,First Church of God In Christ | First Pentecostal Holiness Church
3807200,Bismarck,presbyterian,2,church_overture:787d1796-fb2f-40a4-828b-caccb2494832|church_overture:afb71600-234e-428a-8e70-d4387bc14dd9,First Presbyterian Church
3901000,Akron,baptist,2,church_overture:4a5fdce4-1ae6-4969-a651-e013f8ed93f0|church_overture:bb4c0083-87b8-4546-a05c-4bac59c5bda0,First Baptist Church of Akron | First Baptist Church of Kenmore
3901420,Alliance,presbyterian,2,church_overture:1fc8f36e-9986-4434-88c5-57eb6b95e377|church_overture:2295f86e-46e0-43d6-af6c-358a240a21f4,First United Presbyterian Church
3909792,Bryan,baptist,2,church_overture:499c82aa-b614-4fba-91a2-05f764761480|church_overture:90f7cc65-6f71-44ae-893f-ae2c3fc62481,First Baptist Church
3910996,Cambridge,methodist,2,church_overture:48c3c1a1-d298-4e48-9bbe-2b9d26d36db6|church_overture:8272bd3b-9f55-4ba4-b976-ceb89f6b1ff9,"First United Methodist Church | First United Methodist Church Cambridge, Ohio"
3914184,Chillicothe,methodist,2,church_overture:16e9b6cb-0c37-4280-afb9-742ab75d255c|church_overture:1b65b862-68e8-46c5-8d6e-625ae653b834,First United Methodist Church | First Wesleyan Church
3915000,Cincinnati,unitarian_universalist,2,church_overture:3ac10988-a377-4b15-b984-4f7a2a44901a|church_overture:bc6d2314-fb59-4ffa-9409-8cbad2789a5e,First Unitarian Church of Cincinnati | First Universalist Church
3921000,Dayton,methodist,2,church_overture:2cb68bf1-f83b-4051-b8ab-a085d1042462|church_overture:5834519a-c1d7-47af-b956-1ffaa38e3b56,First United Methodist Church | First Wesleyan Church
3922624,Drexel,baptist,2,church_overture:8e024904-18d0-4026-8dd9-5193c6f23d7f|church_overture:9fca97cd-914c-4efd-860f-74cc6ef00540,First Baptist Church | First Thessalonians Missionary Bapt Church
3924234,Eaton,baptist,2,church_overture:08882090-0ef8-4795-9fb6-a7d8a34602da|church_overture:18375b73-a732-436e-9ef1-9086107c5641,First Baptist Church | First Baptist Church Eaton
3925914,Fairborn,church_of_christ,2,church_overture:7d52d436-68cd-4b91-804d-f5171269d3ee|church_overture:7f54f933-3202-4888-82b4-47274795dca3,"First Church Of Christ | First Church of Christ - Fairborn, Ohio"
3929932,Germantown,baptist,2,church_overture:557894c3-dfb1-459c-8141-87b78cad132a|church_overture:6b2aed34-400d-4e56-a1f0-80b212855848,First Baptist Church | Germantown First Church of God
3940390,Kingsville,baptist,2,church_overture:46cb55ad-842e-4a07-bcf8-4d878cbcd5e8|church_overture:7f1f089c-15e2-46c5-b2ca-b406c148b6cc,First Baptist Church
3941720,Lancaster,methodist,2,church_overture:7f50e676-03a0-47d5-b846-9a5246a0ef76|church_overture:bef4a26f-752e-4089-8699-9c734e28948e,First United Methodist | First United Methodist Church
3944674,London,baptist,2,church_overture:1c3fc3f5-dfb1-4233-92c9-2685e99678f4|church_overture:d3810390-724d-4d41-a019-0d809ca40da5,First Baptist Church
3945108,Loveland,baptist,2,church_overture:264b1b7e-93fa-491f-a4ce-782e4b8f4115|church_overture:bce6c2c0-a34a-4fca-a677-a35cc6f82c98,First Bapt Church of Loveland | First Missionary Baptist Church
3947754,Marion,united_church_of_christ,2,church_overture:6b718700-5f55-4330-9492-e7b948f4ea25|church_overture:f27a761d-968a-44c0-8823-b0c4e10113eb,First United Church Of Christ | First United Church of Christ
3957302,Norwalk,methodist,2,church_overture:e7319a20-cdeb-4556-a8b1-11da4255bd6b|church_overture:fa773c4e-f8b8-430d-a982-fbd6c085534e,Norwalk First United Methodist Church
3958730,Oregon,baptist,2,church_overture:5d270fb6-be97-418f-b041-0d703ab0b63e|church_overture:a60a9bad-e2b5-4e17-8d3e-08ca3573577f,First Bapt Chr-Oregon Prsng | First Baptist Church
3961000,Parma,baptist,2,church_overture:c9ee6021-454f-4a6e-84e9-3c89c638696e|church_overture:e6dacc8c-efa0-49dd-adae-bb10c7c09799,First Baptist Church | First Ukrainian Evangelico Baptist Church
3967272,Ripley,baptist,2,church_overture:17e1dd10-ea32-4121-9cc6-b73fed812b03|church_overture:5292efdf-dbfd-4b7f-be4d-035bb8a7e1d2,First Baptist Church | First Southern Baptist Church
3970380,Sandusky,united_church_of_christ,2,church_overture:54a8a7df-a2d9-4505-a43c-8fc02a2d0349|church_overture:c122f8f0-9f00-4a0c-92b8-62335c2194ee,First Congregational United Church Of Christ | First Congregational United Church of Christ
3973670,South Point,baptist,2,church_overture:0306a702-a746-41eb-bbd3-62bdcd6d6d64|church_overture:726cfed6-0b1a-4eeb-b59e-5ec4fc3f05bd,First Baptist Church | First Southern Baptist Chapel
3974118,Springfield,baptist,2,church_overture:111e9c64-06ac-47c9-baf2-4ea48ba8a74f|church_overture:ef726901-8908-4979-9390-ac194b977b11,First Baptist Church | First Free Will Baptist Church
3975098,Strongsville,lutheran,2,church_overture:670d5820-b3b2-400c-a099-02a195206bc3|church_overture:f7a32bfb-bf42-4897-bd4b-e6b7a954e9ec,First Evangelical Lutheran Church | First Evangelical Lutheran Church Youth
3976876,Tipp City,baptist,2,church_overture:83e708e8-0592-4fa4-9a4e-f282d29b28ac|church_overture:c4ced7cf-4d14-4c9f-b2ba-7ede0cbc7ea9,First Baptist Church
3977588,Troy,baptist,2,church_overture:da47e783-bfed-406e-9a8b-5a615ddf4264|church_overture:fb53ed76-ca4c-40ca-826f-4359401349df,First Baptist Church Troy | First Baptist Church of Troy
3986366,Woodlawn,baptist,2,church_overture:27a0a5d5-f1a9-4d62-9150-90d6550d73e5|church_overture:3e454475-7619-4b4d-a3f1-f7a3f77a89e9,First Baptist Church Woodlawn | First Liberty Baptist Church
3988084,Zanesville,pentecostal,2,church_overture:7a514995-c975-4dec-9ebc-2105171a38e5|church_overture:fc8a7abe-bec4-42ef-ae1f-52e8d9f72779,First Assembly of God | First United Pentecostal Church
4000200,Ada,pentecostal,2,church_overture:9963244c-fd04-4323-82ec-099925ede606|church_overture:a456144a-6d0d-43c3-bead-5051f6f5c476,Ada First Assembly of God Church | First United Pentecostal Church
4001700,Altus,methodist,2,church_overture:8975824d-a235-42dd-84cf-b5153868ae4c|church_overture:c5234335-7879-4d57-be40-93b3dfd32488,First Methodist Church of Altus | First United Methodist Church
4002050,Anadarko,baptist,2,church_overture:406a2c60-92ef-40c6-b751-786dbfec0387|church_overture:c327e2ef-99bf-46e2-8cc1-aa33c41a45f0,First Baptist Church | Ola First Baptist Church
4002600,Ardmore,baptist,2,church_overture:68a45435-3aa3-4c4d-afe9-29a7396a0597|church_overture:e68f7557-1957-44db-810a-ff9448684629,First Baptist Church
4005000,Beggs,baptist,2,church_overture:4fbdb4d4-a931-48c9-b0b9-6b14b61d682e|church_overture:993d2b5e-7c82-425d-9b3c-8830b44ce006,Beggs First Baptist Church North | First Baptist Church South
4009050,Broken Arrow,baptist,2,church_overture:07e30a66-afa9-4d02-bf7b-50fdb57d6c5e|church_overture:80c3e728-1bd7-40fb-b55f-7d1d8ab578f6,First Baptist Church Broken Arrow | First Free Will Baptist Church
4009100,Broken Bow,methodist,2,church_overture:4025fd8a-fd5f-4df0-a691-414d00f8d138|church_overture:be45c85b-9553-4887-aa0e-2d61b9e60391,First United Methodist Church
4010250,Burns Flat,baptist,2,church_overture:7251a1d9-3c2a-4358-8790-719ae43a39ad|church_overture:92fc58a2-f4ae-4485-b5b8-60441dc4623b,First Baptist Church
4013950,Chickasha,baptist,2,church_overture:82b40dbe-7808-44e9-a771-5092e0a727c7|church_overture:fa7c8af7-f973-4324-9af5-029427f17f30,First Baptist Church
4014300,Chouteau,baptist,2,church_overture:09359dc0-22e3-4f05-88f9-27141374bdb4|church_overture:4744ec45-361d-48fa-b7f2-82372efead55,First Baptist Church
4014700,Claremore,methodist,2,church_overture:580ee15c-537a-476c-9c7a-356ed2a07da3|church_overture:c5541759-cac9-4524-9cd5-35d769c57c50,Claremore First Methodist Church | First United Methodist Church
4016350,Collinsville,pentecostal,2,church_overture:aa0530ec-1fb4-4e48-be56-b4132ffd2c23|church_overture:fcc8ad16-f373-4975-ad59-5f1b8a8ec3f6,1st Pentecostal Church | First Assembly of God
4017800,Coweta,baptist,2,church_overture:12e178cd-6786-49a1-b26f-7b342c0fd571|church_overture:60ec7cb7-813f-4198-aa1b-5c7e32d26553,Coweta First Free Will Baptist Church | First Baptist Church
4019350,Davenport,baptist,2,church_overture:0ac337d3-beee-40a5-a157-a7b3915a0f06|church_overture:72c11e6a-339b-406a-b99b-7618d6ae4667,Davenport First Baptist | First Baptist Church
4019900,Del City,baptist,2,church_overture:1e1e6bbd-be78-41f9-8d9b-30b4c8795c2b|church_overture:b40e2032-9b49-4ae4-a714-218284d9a376,First Baptist Church of Del City | First Christian Missionary Baptist Church
4021900,Duncan,baptist,2,church_overture:243eec06-9ba9-4f1e-be2d-c145d4e6515c|church_overture:8c504b55-ccb8-4e06-b7b4-77a483204a2b,First Baptist Church of Marlow | First Free Will Baptist Church
4022050,Durant,methodist,2,church_overture:156c7786-7200-490c-ba01-89d628f9bbcb|church_overture:73d477c5-0e3e-46ac-ad9f-228f555bfa37,First United Methodist Church
4023500,Elk City,baptist,2,church_overture:814aba59-209d-4070-838b-4558949ec2be|church_overture:ba9bfc12-58d0-4046-aaf8-0cdb4fe000ee,First Baptist Church | First Baptist Church of Sweetwater Oklahoma
4023700,El Reno,baptist,2,church_overture:53ece826-e6ca-4715-95d7-4ace78d0bc4f|church_overture:6893f7fd-8328-400d-8c2d-e010545d1b84,First Baptist Church of El Reno | First Free Will Baptist Church
4023950,Enid,baptist,2,church_overture:156749b3-61e8-422e-916e-280279e5b5ea|church_overture:2ad3f956-2849-461f-a0d0-4689803a0c56,First Baptist Church Enid | First Missionary Baptist Church
4023950,Enid,pentecostal,2,church_overture:2a728b59-9ec4-4759-81e0-ce1ad7700b2f|church_overture:6fc1e331-9af7-4e06-8c7b-49013f55ecf2,First Assembly of God | First Church of God In Christ
4024650,Eufaula,baptist,2,church_overture:3fb3d124-ba7b-4c62-9002-230f28726755|church_overture:e39dac72-9f9c-42bc-8f62-2fe3f8dc4d5b,First Baptist Church | First Free Will Baptist Church
4027800,Frederick,baptist,2,church_overture:7620d110-ecee-45ef-8328-dda763bf7694|church_overture:880f588d-3521-402e-9554-0052ffff5b60,First Baptist Church
4031700,Guthrie,baptist,2,church_overture:320f3e3c-ee41-4ac8-be56-6858adbf9783|church_overture:bb45918d-38ad-4c33-9213-f2067f09e1b9,First Baptist Church | First Southern Baptist Church
4031750,Guymon,pentecostal,2,church_overture:394cbaf6-58bb-475c-a544-a679574eab9f|church_overture:f98a8ce1-b11a-4b0f-b53c-46a044b235f5,First Assembly of God
4033350,Healdton,baptist,2,church_overture:7ed419f5-9fc5-4450-beda-d45a3fc81e7c|church_overture:fb853e25-c2ef-4d05-ad98-2789e321fe65,First Baptist Church | First Missionary Baptist Church
4035000,Hobart,baptist,2,church_overture:6856b841-dddc-442f-87bf-14120771c0d6|church_overture:fdc37b70-3f46-4782-9ecb-6a2bb47aca70,First American Baptist Church Hobart | First Baptist Church
4035400,Holdenville,baptist,2,church_overture:3ecbcd14-c571-453a-bb7b-089724c08ce9|church_overture:9a3da165-c4c0-45bf-ba38-460b1d2c2e55,First Baptist Church | First Indian Baptist Church
4036300,Hugo,baptist,2,church_overture:88010df4-cde1-44f0-9a2a-142e065edeb6|church_overture:95620cc3-ec17-4771-8d0c-854351177c83,First Baptist Church | First Baptist Church Of Hugo
4036750,Idabel,baptist,2,church_overture:10c2802d-a46b-4afc-a6ac-9eac931b4776|church_overture:c18f2eff-4867-4f0b-ab7a-aaff0b51e230,"First Baptist Church | First Baptist Church,Westside"
4036750,Idabel,methodist,2,church_overture:059cc597-0bd0-4245-b19c-e2d6d72608c8|church_overture:196461bd-1df5-4a1f-915c-6b325c8c8324,First United Methodist Church
4037800,Jenks,baptist,2,church_overture:15dc3de6-cf63-4ceb-8366-6ca3e81cade1|church_overture:ce633ae6-9ca5-463c-a5fd-f685a92bc820,First Baptist Church Sapulpa | First Baptist Jenks
4039850,Kingfisher,baptist,2,church_overture:2e938f61-24ef-4bf3-9d3b-8e45bd165519|church_overture:389170c0-d4a0-45f7-84f6-85c32d06a23c,First Baptist Church | Kingfisher First Baptist Church
4043150,Lindsay,pentecostal,2,church_overture:49c8323d-2291-47f6-93fe-b2412fd0d27b|church_overture:f78b2771-5424-4e18-9f88-16b9d7c4fda1,First Assembly of God | The First Church
4046050,Mangum,methodist,2,church_overture:13d03e23-9cfd-4d4f-820b-556b2c6c9c29|church_overture:a8f0b2af-c1f3-44ab-9d93-c0e8f7d869d7,First Methodist Church Of Mangum | First United Methodist Church
4046200,Mannford,methodist,2,church_overture:be0fc868-4a1f-4e74-b035-3389eab0163f|church_overture:c3cedef4-ee3c-4ebc-b8d4-00e33a525821,First United Methodist Church
4046600,Marlow,baptist,2,church_overture:15d0f922-ff1a-40ee-a855-a85854a654ea|church_overture:6956e152-3388-48de-8b3b-c890f648989f,First Baptist Child Dev Center | First Baptist Marlow
4046600,Marlow,pentecostal,2,church_overture:2a617a64-535d-4acf-9d3a-f5cc34c2f59e|church_overture:ea097d85-9271-455e-9351-5e50ddfa7199,First Assembly of God | First Assembly of God Church
4048000,Miami,baptist,2,church_overture:5d9add43-6e65-4166-ac62-89501f0648fb|church_overture:f27c9e24-ae97-4a7d-b3bd-436c94d0be0b,First Baptist Church | First Free Will Baptist Church
4051250,New Cordell,baptist,2,church_overture:6fa2c78f-ca59-4c3b-898f-335c084f3649|church_overture:eff6b8ea-5114-456d-8650-7178823d4ffe,First Baptist Church
4052500,Norman,baptist,2,church_overture:7ac20d22-1e34-41fa-b991-280c4fea025b|church_overture:aa454d26-43cc-462c-b386-d2b589853712,First Baptist Church Norman | First Baptist Church Of Norman
4052500,Norman,united_church_of_christ,2,church_overture:377691ac-38b7-4621-8191-9a4a98901a0f|church_overture:bd5d9acd-be35-45e7-a4df-d8609cccc29d,"First Congregational Church Of Norman, Ucc | First Congregational UCC-Norman"
4052900,Nowata,baptist,2,church_overture:7bfbfd33-2cb1-4b4c-9d5e-680a69aacbde|church_overture:7c51cced-88a5-4749-872e-5212cc9c2e1a,First Baptist Church
4055000,Oklahoma City,presbyterian,2,church_overture:0b60b2bd-57ac-4fbd-803d-5126ffe99281|church_overture:2fe588f6-a963-46f1-910c-db411ba0239a,First Presbyterian Church
4055150,Okmulgee,baptist,2,church_overture:0ae9e6be-d5f0-47a9-b3fd-ab165f6555b8|church_overture:a12a0186-4633-4420-a6a4-300592e6e124,First Baptist Church | Okmulgee First Free Will Baptist Church
4055450,Olustee,baptist,2,church_overture:36291dca-264a-495a-bbf8-692078eca3f2|church_overture:c865693c-5f1e-4f0f-a359-c3abe11ee9e3,First Baptist Church | First Baptist Church Olustee
4056650,Owasso,methodist,2,church_overture:551e8d77-0300-4ba3-9c72-69e09707deb2|church_overture:b2f8c291-dbe2-4dae-8cdc-fe9477024df9,First United Methodist Church of Owasso | Owasso First Methodist Church
4057650,Pawnee,baptist,2,church_overture:945b0108-8773-4bcb-b765-3df6b83441b2|church_overture:c0a12296-7f39-4506-897e-3c31b5902f62,Blackburn First Baptist Church | First Baptist Church
4058150,Perkins,baptist,2,church_overture:3974984e-4151-4874-affc-accfae58ec39|church_overture:b31244c1-6acc-4884-9cfd-a4cfd71df042,First Baptist Church | First Baptist Church of Tryon
4058250,Perry,presbyterian,2,church_overture:0a9a834f-dd82-49e9-aa00-e3ab20dcad85|church_overture:5ac2cf42-d862-488a-93fd-712132bc5d89,First Presbyterian Church | First Presbyterian Church of Perry
4059850,Ponca City,baptist,2,church_overture:4cc4189c-3831-473f-8710-aaa18436b985|church_overture:b9254be0-aca5-43b1-82c0-d4d510ae05de,First Baptist Church | First Free Will Baptist Church
4060350,Poteau,baptist,2,church_overture:4cc06ae4-995b-426e-bd2e-55574b4d4261|church_overture:c38fd259-712b-4eaa-9964-a7520813e17f,First Baptist Church | First Free Will Baptist Church
4061000,Pryor Creek,baptist,2,church_overture:823c269e-3794-43ae-9eef-2ffaf3ee0e80|church_overture:f0db1bd8-6c8e-463d-8c06-8fa5202e9824,First Baptist Church Pryor | First Free Will Baptist Church
4061150,Purcell,baptist,2,church_overture:822f3fda-a2f8-431f-a393-9ab97d7a7bb6|church_overture:dfd9f635-6b5d-4c5f-b498-dcc0151b5658,First Baptist Church | First Baptist Church of Santa Fe
4064600,Ryan,baptist,2,church_overture:2fae3f8d-978f-4393-90de-5d4305b9244b|church_overture:f0650216-eb36-4439-bf3d-a12ec9201d86,First Baptist Church
4065000,Sallisaw,baptist,2,church_overture:7751117b-7061-4d13-a44c-a986ad5337b1|church_overture:8caa7931-665a-49b3-9416-916365324fb6,First Baptist Church | First Missionary Baptist Church
4066800,Shawnee,baptist,2,church_overture:c11c049c-f429-43d9-b9c4-7fa069faed18|church_overture:c4e91e2c-5cd2-4097-801f-f6fe9d83c486,First Baptist Church | First Indian Baptist Church
4070250,Stigler,baptist,2,church_overture:8e95c837-9e63-4da8-b5f4-d3c83a601f5b|church_overture:fa1636e9-69f2-43b3-9334-5c2146a6efe3,Stigler First Baptist Church Hispanic Ministry | Stigler First Free Will Baptist Church
4070300,Stillwater,methodist,2,church_overture:365c0eb1-477e-42a1-9a08-d25605d6654e|church_overture:76945b14-1b36-4c7c-b31b-58998698ff7f,First United Methodist CH of Stllwtr Ok | First United Methodist Church of Stillwater
4071000,Stroud,baptist,2,church_overture:aee428f1-3a1e-491a-9716-c27417a6c6eb|church_overture:bfd149ee-8726-474e-a093-26316f6c9012,First Baptist Church | First Free Will Baptist Church
4071350,Sulphur,baptist,2,church_overture:40b95f49-530a-4ef9-869d-e58ecb3a4548|church_overture:a2c4b8ae-d782-4a81-bdb3-c199dc40b11b,First Baptist Church | First Free Will Baptist Church
4072100,Tahlequah,baptist,2,church_overture:307ecc3a-9228-461d-9778-651764532016|church_overture:f9ed8348-9280-4b02-832a-8fda8b506ce9,First Baptist Church | First Indian Baptist Church
4073450,Thomas,baptist,2,church_overture:9453e7f5-4004-4936-89a7-e8a072ebe99d|church_overture:9b7a9c9f-2147-4337-8af8-9ec7a478e5d9,First Baptist Church | First Baptist Church Thomas
4077000,Verden,baptist,2,church_overture:44f84296-4e2e-40b7-bb82-af2f050178f7|church_overture:b6b75aca-9605-4bd9-afa6-52a324171e9e,First Baptist Church | Verden First Baptist Church
4077850,Wagoner,baptist,2,church_overture:8626e69a-6438-444a-8bdb-c9f805972bea|church_overture:d589eeb4-cbd9-4d75-a1cc-fa2ecc435011,First Baptist Church
4079800,Weleetka,baptist,2,church_overture:3acd7a80-e7fd-4cdc-adb6-276c8cd3cd0b|church_overture:a032d65a-989a-450f-8af0-b7d12eef3c87,First Baptist Church
4080550,Wewoka,baptist,2,church_overture:2f9bf74b-15eb-41d3-9c5f-f04c62ef8838|church_overture:3117d004-3671-41d8-a918-4933d5f2162c,First Baptist Church | First Free Will Baptist Church
4081000,Wilburton,baptist,2,church_overture:08cd5898-9cb8-4c4d-9e20-d20b36084230|church_overture:f5549087-fc60-49da-beb4-14efe3fef7e9,First Baptist Church | First Freewill Baptist Church
4082150,Woodward,methodist,2,church_overture:c5e863c3-cbed-4a47-96d9-d247bbc39ac6|church_overture:e61e598d-2a51-482e-90d0-e88b0ed20ae9,First Free Methodist Church | Woodward First Methodist Church
4115250,Coos Bay,baptist,2,church_overture:60646ddc-b268-4ffa-9d24-50b0459aa9ca|church_overture:67f0b8f3-7a93-4140-afb6-eb19c3fb0cbb,First Baptist Church | First Landmark Missionary Baptist Church
4118250,Dayton,baptist,2,church_overture:a06a201e-4360-4ac9-8c6d-850126ac1e79|church_overture:fb3a081d-db71-468b-9207-70cef927500a,"Dayton First Baptist Church | First Baptist Church (Dayton, Oregon)"
4140350,La Grande,baptist,2,church_overture:79fa6205-6e25-442a-b566-1ac38bd9fd2a|church_overture:b1c97ee8-a6a9-44d8-b26f-995e0d3ef42c,First Baptist Church | First Landmark Missionary Baptist Church
4155200,Oregon City,baptist,2,church_overture:42640e45-9854-45d3-bb55-97837efca20f|church_overture:c60d3841-916a-4bd5-b003-95f4d9ed42c3,First Baptist Church of Oregon City | First Slavic Evangel Baptist
4159000,Portland,pentecostal,2,church_overture:1b57d3c8-9022-402f-99a8-eb43a791ac80|church_overture:bb26709f-e1e6-4a43-8491-e30dee27640e,First Church Love | First Samoan Church Assembly of God
4169600,Springfield,baptist,2,church_overture:44aeeb46-cfc5-4fe3-8f7a-a8450a43735f|church_overture:85b81f2c-395f-4233-aec5-71393dd19284,First Baptist Church of Springfield | First Landmark Missionary Baptist
4210912,Cambridge Springs,methodist,2,church_overture:027044ba-5a43-4801-9e22-7737b6e573b5|church_overture:c5c35c6d-aad3-4d4e-97c5-fde23dde9297,Cambridge Springs 1st UMC | First United Methodist Church
4252320,Munhall,reformed,2,church_overture:4b2fa644-52f1-44e5-8e1c-9ed1f45e457c|church_overture:58f0ee4b-b100-425b-ba0b-cf8cdb0d744c,First Hungarian Reformed Church
4254656,Norristown,presbyterian,2,church_overture:14bcc758-a4c8-43e1-a415-1e2028602f0c|church_overture:292fa804-b3f5-4c71-ba7d-501a63973595,First Presbyterian Church | First Presbyterian Church at Norristown
4259384,Perkasie,presbyterian,2,church_overture:72b3b619-759d-4b63-b924-01b09e894a68|church_overture:8897111e-7346-4875-99b2-041ad0c56c24,First Presbyterian Church
4260000,Philadelphia,methodist,2,church_overture:03b0a1ea-5e31-46e6-b83d-bcca06c909e9|church_overture:19773461-f680-4467-bfc1-0b622ba5744c,First Colored Wesley Methodist Church | First United Methodist Church of Germantown
4260000,Philadelphia,pentecostal,2,church_overture:4831d043-6bdd-4418-95b6-95924249206f|church_overture:a85533fa-6ccd-4e9d-8f77-5308a011d071,First Pentecostal Christian Church | First Pentecostal United Holy Church
4261000,Pittsburgh,baptist,2,church_overture:a06f6136-a3c6-49cb-9e76-692e8453e2df|church_overture:faba9064-e590-47f7-bc33-10e9df9d5616,First Baptist Church of Pittsburgh | First Galilee Baptist Church
4261000,Pittsburgh,lutheran,2,church_overture:11175cf6-7e7d-4aa7-95e2-1371ad902488|church_overture:e0af8ca8-f920-452c-a354-7ca6da7c6fb1,First Lutheran Church | First Trinity Evangelical Lutheran Church
4262736,Progress,baptist,2,church_overture:a42076d8-fb89-40bb-8a84-54fb7b0e9a16|church_overture:f20e8cfc-dd89-4ef0-ae16-6f03b16308c9,First Spirit Filled Missionary Baptist Church | First Zion Baptist Church
4264376,Reynoldsville,methodist,2,church_overture:d4c1b870-0a09-472c-8781-42090c404c18|church_overture:f659e86f-2c3a-4d4f-9e26-747c3d853e0e,First UMC | Reynoldsville First Methodist Church
4276904,Titusville,pentecostal,2,church_overture:5ba97a71-ea96-4e3f-81c2-58ea689096bf|church_overture:e30be46d-5409-46a3-b93c-3124a28407da,First Assembly of God | First Pentecostal Church of Titusville
4286288,Woodlyn,baptist,2,church_overture:9dd469d6-031d-48d0-948b-09b199df4fa5|church_overture:cae73de1-462c-46b6-9e15-615b0f781b9c,First Baptist Church Of Crum Lynne | First Baptist Church of Fairview
4459000,Providence,baptist,2,church_overture:2bf80c7d-7598-4d10-baab-0ad111db1b4a|church_overture:f25836ba-849b-41a3-b0ba-93c53aeaa2e3,First Baptist Church | First Baptist Church in America
4459000,Providence,unitarian_universalist,2,church_overture:11d8d2b3-baf2-4d07-a715-406324b1d5e1|church_overture:b716b80c-6590-4d84-8b79-b3efa0d6bdce,First Unitarian Church of Providence | First Universalist Church
4480780,Woonsocket,baptist,2,church_overture:7aa9a03d-6861-4581-833e-901e14ba0588|church_overture:b7455cfa-f6ca-4e61-b4fd-2af6757c585d,First Baptist Church | First Baptist Church of Woonsocket
4501360,Anderson,baptist,2,church_overture:3df68d79-72d5-45d5-b735-cc9c3fb93f64|church_overture:5c18bde7-b2c8-424d-8db8-dca472ac9521,First Baptist Church | St Paul First Baptist Church
4503790,Bamberg,baptist,2,church_overture:bbe39c1f-cb02-4dca-9417-8c82498313c9|church_overture:d6555ae2-e5c8-4e5e-a220-433bbc190d56,Bamberg First Baptist Church | First Peter Baptist
4504300,Batesburg-Leesville,baptist,2,church_overture:1d67ffc4-f8bf-4181-a0f9-acd2035ceec6|church_overture:37d6a42b-f4d4-451f-8dcf-7c39e718e4cd,First Baptist Church | First Baptist Church of Batesburg
4507210,Bluffton,baptist,2,church_overture:366dd18f-01bb-4148-ad84-d58e74c6c650|church_overture:c963b2cb-51de-4a55-bdf6-ecbb96060357,First Baptist Church | First Zion Baptist Church
4510270,Burnettown,baptist,2,church_overture:e4af83f5-52c8-4276-a856-8aacd82ba114|church_overture:f890b1bf-c1e5-4c7d-aefd-616e54e894dc,Bath First Baptist Church | First Baptist Church of Burnettown
4515295,Clinton,pentecostal,2,church_overture:7b5fcb16-f833-4c6b-a34f-d4103a35881d|church_overture:95461127-57da-41d1-b286-21c3bb8f9b6b,Clinton First Assembly of God | First Pentecostal Holiness Church
4515355,Clover,baptist,2,church_overture:b9be9dc4-fba7-4ae1-a7ed-fd7d1e49f81e|church_overture:fdb17e4d-9bf3-4e50-8cc4-95c5ce41dd90,Clover First Freewill Baptist Church | First Baptist Church Clover
4518565,Darlington,baptist,2,church_overture:04af0efc-4334-4ee6-99ac-29ade471d972|church_overture:f47bab99-1ddc-4188-993a-082143d7aed1,First Baptist Church | First Original Free Will Baptist
4527070,Fountain Inn,baptist,2,church_overture:92d8ffb3-fcb6-452f-a247-338e8fddcc3c|church_overture:e02919f9-bd10-446d-b537-39f4b55cdf15,First Baptist Church of Joanna | Fountain Inn First Baptist Church
4530490,Great Falls,baptist,2,church_overture:742359a8-e41b-426b-8f8d-15f057afad4b|church_overture:be346fb9-0620-4f04-ad1b-f89b8c4ccc95,First Baptist Church | First Baptist Church Family Life
4530895,Greenwood,baptist,2,church_overture:556966d2-8481-4f1b-b20f-20e910251217|church_overture:a9bef44c-76ff-4d1e-9217-2471a32c6836,First Baptist Church of Greenwood | First Free Will Baptist Church
4531885,Hampton,baptist,2,church_overture:03f5c41f-50ef-49a5-960e-11bee303b81e|church_overture:78bfd0b7-9070-457b-a5ba-b1c159ab4a8b,First Baptist Church
4534045,Hilton Head Island,baptist,2,church_overture:1e42d476-0a14-4c4b-bc52-3b560e0070d1|church_overture:60dc0157-ba37-40d8-bc90-97f2f57d9416,First African Baptist Church | First Baptist Church
4535755,Inman,baptist,2,church_overture:9ff15592-f437-4dd1-878a-cf24f8e87d3b|church_overture:d7c757fc-7ddd-4eb8-bb21-dd6431c2574e,Inman First Baptist Church | Inman First Free Will Church
4536160,Iva,baptist,2,church_overture:1c7c8fa0-b0f1-4143-a6dd-76e6f03f067e|church_overture:c953d4cb-7caa-441a-8df6-96c593112bbb,First Baptist Church Of Iva | Wilson Creek First Baptist Church
4538095,Kershaw,baptist,2,church_overture:71b8ef64-db16-4c18-b9a3-1b4fdbfee9b1|church_overture:96251166-7b4d-4a17-a8a6-e9813a81697f,First Baptist Church-Southern Baptist | First Kershaw Baptist Church
4539895,Lancaster,baptist,2,church_overture:a3ed815d-3885-46aa-88ac-0023b114fc39|church_overture:c538452a-e885-4946-b1b4-c33e286d7f16,First Washington Baptist Church | Lancaster First Baptist Church
4540615,Laurens,baptist,2,church_overture:1a461a15-94b5-46b2-9f67-210abe4bc9fd|church_overture:bb6d63c8-e2a4-4452-b9d4-506160614126,First Baptist Church | St Paul First Baptist Church
4542730,Loris,pentecostal,2,church_overture:36711be6-c855-494f-945a-0755b472c532|church_overture:9ccb05c7-a746-4e7c-9e09-c07fdc930e4e,First Assembly of God
4545430,Mayo,baptist,2,church_overture:8324526d-7328-46eb-9e6b-be9f87a81962|church_overture:fbfddb19-dd62-4758-bdf9-e74442dcd9a1,First Baptist Mayo
4548535,Mount Pleasant,baptist,2,church_overture:1081dc19-b389-4a33-b1d6-a6c8d05b4503|church_overture:f4f3e145-d2fc-4f6a-bd16-da0605790260,First Baptist Church | First Baptist Mt Pleasant
4548805,Mullins,baptist,2,church_overture:73d1c7a6-a483-48e5-966a-9575d1a7dc18|church_overture:d901a99c-6d36-401a-bc47-caadca904297,Mullins First Baptist Church
4549075,Myrtle Beach,methodist,2,church_overture:17b7b7c2-6538-40e3-8aee-de554d8b7d7d|church_overture:24aa361b-e714-430f-bdee-fae36bc3f7b4,"First United Methodist Church | First United Methodist Church, Myrtle Beach"
4549075,Myrtle Beach,presbyterian,2,church_overture:0f53ec6f-c1a0-445e-a238-98810f0d0349|church_overture:215a7bcd-ac21-4426-b514-b485f68dd01c,First Presbyterian Church of Myrtle Beach
4550290,Ninety Six,baptist,2,church_overture:314a074f-3b61-4fac-a516-f6174b26ba4a|church_overture:ea07b7ae-c928-4bff-88ea-120ff2c1c575,First Bethany Baptist Church | Ninety Six First Baptist Church
4550695,North Augusta,baptist,2,church_overture:7cfdeb0e-23ec-45f4-95e8-bb6176cb0c8c|church_overture:c9e43706-753f-40ec-918d-9e5461d2acd3,First Baptist Church of North Augusta | First Providence Baptist Church
4551280,North Myrtle Beach,baptist,2,church_overture:1c541e94-182b-41a0-86a7-14affceacf90|church_overture:d7b5fb00-faaf-4759-923a-52901a9fb5e5,First Baptist Church North Myrtle Beach | First Baptist Church of North Myrtle Beach
4553080,Orangeburg,baptist,2,church_overture:0f1bb2b5-880c-4dea-8de9-577b5ed3f7f7|church_overture:7cf5b39b-fb88-403e-8fb1-2d22b141e819,First Baptist Church
4554535,Parker,baptist,2,church_overture:6c534a7a-267c-472c-8093-ebfe0f49f10e|church_overture:8af5592f-7c55-4e36-9faf-b912a9a3be92,Berea First Baptist Church | City View First Baptist Church
4560280,Ridgeland,baptist,2,church_overture:365a1c19-9f8d-4ff8-9bc1-0405381c15ff|church_overture:8c820c00-9bf6-4b27-b68f-1a6ca4ae92e3,First Euhaw Baptist Church | First Heyward Baptist Church
4561405,Rock Hill,baptist,2,church_overture:d7956954-c7a8-4a66-b600-153777ac2a4a|church_overture:e3cef2d2-09e3-435a-ac07-2294df3149a2,First Baptist Church of Rock Hill | First Calvary Baptist Church
4561405,Rock Hill,presbyterian,2,church_overture:0c0d80b3-d2bf-4b08-b996-7b7dd17ca57c|church_overture:e2957940-1433-4110-80d8-dee45f5a935b,First Associate Reformed Presbyterian Church | First Presbyterian Church
4562620,St. Matthews,baptist,2,church_overture:01f77a46-0575-496f-8f4d-22d0a8cba0fb|church_overture:68110717-b875-43e8-99b5-74c89b2d0dd3,First Baptist Church | First Baptist Church St Matthews
4568290,Spartanburg,baptist,2,church_overture:21b24cfa-025d-4eaf-9e4f-823ae5cba7e4|church_overture:260581be-2b79-4a67-82ff-2a107483959d,First Baptist Spartanburg | First Baptist of Spartanburg Cobb Hall
4568290,Spartanburg,pentecostal,2,church_overture:02714983-8338-4274-ae2b-97b1e403f690|church_overture:2b908d58-443b-4681-9ffb-3dfb44e79ec5,First Assembly of God Church | First Pentecostal Holiness Church
4570405,Sumter,nazarene,2,church_overture:07c79600-02d2-4757-a1e7-de4a7b25d468|church_overture:3c678dc5-2cad-4abd-8f57-1d0f825e6481,First Church of the Nazarene
4570405,Sumter,pentecostal,2,church_overture:69fe6a52-cfe3-42ed-9573-436d396a85dc|church_overture:a04ac3da-d242-42ea-bf6a-dbdd54cdab58,First Assembly of God | First United Pentecostal Church
4571395,Taylors,baptist,2,church_overture:55d438f3-ee68-4ef5-9e35-0bfef6a76395|church_overture:f71c83d4-8079-4cf6-934b-4083f5983b40,Taylors First Baptist Church
4572745,Turbeville,baptist,2,church_overture:963a5b36-13d6-4177-a5a1-d06a7020c420|church_overture:c3cf84ad-f751-4d68-9844-6fa6f3575ddc,First Baptist Church Parsonage | Turbeville First Baptist Church
4574050,Wagener,baptist,2,church_overture:9102c595-a404-41e6-984f-066d17d1d0e3|church_overture:e23ca5c5-1f1c-43c8-b63a-434aad6a2e4f,First Baptist Church | First Baptist Church Wagener
4600100,Aberdeen,baptist,2,church_overture:17c44097-4815-45f1-9b26-c4a225bf438a|church_overture:73afb24d-48e2-4179-a127-723e59fcac89,First Baptist Church
4631060,Huron,baptist,2,church_overture:392ef70f-c5dd-407d-b12e-3c2a8668a331|church_overture:b55ec031-ea2a-4fb1-a33e-d2602e9c95d4,First Baptist Church | First Karen Baptist Union Church
4659020,Sioux Falls,baptist,2,church_overture:7208a61e-80f0-46c8-b079-ee6f19627f6b|church_overture:afa66a8f-3f81-40ac-8f6e-58d335319c92,First Baptist Church | First Baptist Church of Sioux Falls
4659020,Sioux Falls,reformed,2,church_overture:73b0154d-630d-4d88-a015-debf7ae49a59|church_overture:9d6959df-dbe3-4c40-b7e0-2bfa7a6dd449,First Christian Reformed Church | First Reformed After School
4662100,Sturgis,methodist,2,church_overture:67f502ef-2287-4259-8770-350f6226c8bd|church_overture:89b45330-c435-420d-8cf5-8cba0135edae,First United Methodist Church | First Wesleyan Church
4666700,Vermillion,methodist,2,church_overture:4b3713ef-29fa-4b33-98d8-3795f33dd70b|church_overture:8b370f70-4a50-401a-b3b8-819ce561f4a7,"First Methodist Episcopal Church (Vermillion, South Dakota) | First United Methodist Church"
4700440,Alamo,baptist,2,church_overture:80b9fae0-0c3c-4d6d-a0d4-4f75f5f107af|church_overture:8f0f16a8-8f09-4080-95d0-d111aba0ba85,First Baptist Church
4700440,Alamo,pentecostal,2,church_overture:5f88bbaa-244f-47b4-9553-318074572c05|church_overture:833d4297-43b5-4689-a536-71baf767e23c,First Assembly Of God Parsonage | First Assembly of God
4702340,Atoka,baptist,2,church_overture:40fb118f-5e25-405f-8385-b7c058041d64|church_overture:faa87adb-4592-4459-9fdf-528ca42acaeb,First Baptist Church | First Baptist Church of Atoka
4714000,Chattanooga,methodist,2,church_overture:562cf8ac-2e25-42c1-936c-337e5e176576|church_overture:b907ab81-35d1-4eaf-8262-e5cc0e2a0973,First Wesleyan Church | First-Centenary United Methodist Church
4714000,Chattanooga,nazarene,2,church_overture:014f9b07-3c37-4289-94dc-3cec01038d81|church_overture:2a0259d2-4ebe-4f27-87e2-1f2fcff08f9d,First Church of the Nazarene
4714000,Chattanooga,presbyterian,2,church_overture:f25e173d-efd3-4fc6-a1c6-b34e64e5846f|church_overture:f8191e3f-ef68-4625-b7df-127329031aca,First Cumberland Presbyterian | First Presbyterian Church
4714860,Christiana,baptist,2,church_overture:e8ae237a-51d2-4e6c-a6ed-8e88fa35dc6b|church_overture:f40213e9-c514-4b47-ad00-6902f883c1cd,First Baptist Church | First Korean Baptist Church of Murfreesboro
4715400,Cleveland,baptist,2,church_overture:3ae80e73-448e-430f-88f3-7975b4ee0e9d|church_overture:acfef8b2-2816-4a55-83d5-0884337dc89e,First Baptist Church | First Baptist Church Student Ministry
4715400,Cleveland,presbyterian,2,church_overture:6781a7b5-8447-43a0-b9bd-ada9ad8d1ce6|church_overture:99a9d759-a805-4b6d-bb90-76663b69fb7e,First Cumberland Presbyterian Church | First Presbyterian Church
4716420,Collierville,baptist,2,church_overture:26d0c4da-3531-49f3-a646-a8c791b87b67|church_overture:a8a61b44-a22a-45f9-b165-45b0c5eb3d6e,Collierville First Baptist Church | Collierville First Baptist Church Missions
4716540,Columbia,baptist,2,church_overture:6df61e1f-b52b-4b42-8f84-41571ca8df61|church_overture:b152edc6-163d-4587-918a-7de58db26445,First Baptist Columbia | First Missionary Baptist Church of Columbia
4716540,Columbia,presbyterian,2,church_overture:183d4f00-fa9b-4407-8900-3dedca9c0418|church_overture:9810fe87-c961-486c-83be-73e0074c96d1,First Cumberland Presbyterian Church | First Presbyterian Church
4716920,Cookeville,pentecostal,2,church_overture:90141351-6aaa-4dc2-a6a9-1e446974b2b6|church_overture:9c741b31-2205-4406-856d-e3a93fbb4909,First United Pentecostal Church - North Campus | First United Pentecostal Church Of Cookeville
4716920,Cookeville,presbyterian,2,church_overture:28fef411-ecef-4b00-82dc-cc935fc3d24c|church_overture:ad4e3e38-ba59-417b-b323-ec82348cb2df,Cookeville First Cumberland Presbyterian Church | First Presbyterian Church
4718540,Crossville,baptist,2,church_overture:2f9ceb65-99ab-4a1a-b910-08b2c32b1b45|church_overture:d7bd8a84-585a-414f-a8e9-c18a55097b85,Crossville First Free Will Baptist Church | First Baptist Church
4722200,Dyersburg,pentecostal,2,church_overture:6e8668b5-e08d-46f7-b27a-6acbdf2fc447|church_overture:72abc2eb-3ec3-4f39-8f68-242797ea5a2e,First Assembly of God | First Pentecostal Church
4724320,Erin,pentecostal,2,church_overture:0f9a6f9e-7061-445f-a4a7-a40ee2210cd3|church_overture:29dc612a-cf93-4b7d-b185-5f0c0c9746fd,First Assembly of God | First Pentecostal Church of Erin
4725760,Farragut,methodist,2,church_overture:732ec6d5-ce01-4d29-81b9-3aff47941835|church_overture:79d0ee13-be88-4a8b-9011-b1c69a0ebdc0,First Farragut United Methodist Church
4725920,Fayetteville,baptist,2,church_overture:65fd13ef-2dae-4149-a2da-b4b47b3330d9|church_overture:e3915831-b322-427b-a1f4-6bd641f486a3,First Baptist Church | Mulberry First Baptist Church
4727740,Franklin,baptist,2,church_overture:b96242da-4d9e-487b-acdf-5d484911756a|church_overture:cc741e31-06a2-4e5e-87c7-b3ebba7f12e4,First Baptist Church | First Missionary Baptist Church
4727740,Franklin,methodist,2,church_overture:08b21408-7d6e-4c90-80b4-be8c6c3723f2|church_overture:a7c37e53-2e09-4446-badb-4863b1a95bab,Franklin First United Methodist Church
4729920,Goodlettsville,baptist,2,church_overture:2559b806-7167-4160-b2f4-963e3a35f04f|church_overture:eeaccd92-292c-4d02-83d6-6e59fa86ad3d,First Baptist Church | First Missionary Baptist-Goodlettsville
4730760,Graysville,baptist,2,church_overture:7309cbbf-d2a0-41eb-b1cc-72d016f022f7|church_overture:f0a5b94e-dc78-49ee-a438-628f0dbe0bff,First Baptist Church | Graysville First Baptist Church
4730980,Greeneville,baptist,2,church_overture:1e596a25-3ee8-4a63-b0b5-b8c47efab3b5|church_overture:9d16c89b-727f-4e46-ac72-ed1d23558e55,First Baptist Church | Greeneville First Free Will Baptist Church
4736460,Humboldt,presbyterian,2,church_overture:05107bc9-d092-41a6-a3b9-d37f15c63377|church_overture:35f417cc-9eb2-4026-b256-083fa63cc7df,First Cumberland Presbyterian Church | First Evangelical Presbyterian
4737640,Jackson,pentecostal,2,church_overture:a997f22e-089f-4708-8069-5c04676de5c0|church_overture:c95d032b-df0a-451d-9da2-438e90fa68ad,First Assembly of God | First Pentecostal Church
4737640,Jackson,presbyterian,2,church_overture:7dd094e8-e734-476f-94ca-c6ddf1e17d00|church_overture:e166f99e-2f13-413d-bc8b-341d35a06798,First Cumberland Presbyterian Church | First Presbyterian Church
4739560,Kingsport,baptist,2,church_overture:5a6f3557-fc11-4587-b923-7e4d6390e8c2|church_overture:af8ad899-b27a-47b1-b578-a0da0ba07964,First Baptist Church | First Free Will Baptist Church of Morrison City
4739560,Kingsport,methodist,2,church_overture:513268c0-d236-41ab-9195-5271cf1d5736|church_overture:b85b2952-f4ec-4376-b55f-8b757379d48b,First Broad Street United Methodist Church
4740000,Knoxville,presbyterian,2,church_overture:9dfeb611-fe51-45f7-905d-6e82a0549eab|church_overture:b20fefb9-147c-4ab0-94eb-d089d98ca684,First Cumberland Presbyterian Church | First Presbyterian Church
4740180,La Follette,baptist,2,church_overture:4892b1f6-4290-4758-b652-c79e36c635a7|church_overture:b771308d-21bf-473e-9b05-af8c4c1d93c1,First Baptist Church | First Independent Missionary Baptist Church
4741340,Lawrenceburg,pentecostal,2,church_overture:221e40d2-cbca-4d80-a37c-5d0267810239|church_overture:e9dbcafa-d7c4-4f78-84d8-3acf97af2810,First Assembly of God | First United Pentecostal Church
4741760,Lenoir City,baptist,2,church_overture:1edac622-c61d-4129-9ae6-36002f8ef333|church_overture:65d7855b-2563-4f50-bffa-02d06dfcfbf7,First Baptist Church | First Baptist Church Lenoir City
4741860,Lewisburg,presbyterian,2,church_overture:40523eb0-d3aa-4cec-8ec4-b3d04abf98bf|church_overture:a747bfcb-23fd-4d3e-b1b5-06ce37ed2051,First Cumberland Presbyterian | First Presbyterian Church
4743140,Livingston,baptist,2,church_overture:51f21929-e706-4924-80f0-d274dc5a985f|church_overture:ecb47b88-f3e6-4d5e-881e-718a303f506f,First Baptist Church of Livingston | Livingston First Freewill Baptist Church
4743140,Livingston,pentecostal,2,church_overture:db2e98be-062a-474a-85ea-3adfbb4d855a|church_overture:e8acb772-e7e6-451c-9c38-d797e5e73a39,First Assembly of God | First United Pentecostal Church
4744382,"Lynchburg, Moore County",baptist,2,church_overture:9cbd8525-5d95-40f8-bd0e-19b47ebb6d1d|church_overture:ea60434b-6ec2-40e6-bf36-20f39d268821,First Baptist Church | First Baptist Church of Lynchburg
4744840,McEwen,baptist,2,church_overture:a6514d0a-146e-4b6d-8c61-0d9b0e9f66b7|church_overture:f73504d0-9c67-4a27-b45b-f13bc075ed53,First Baptist Church | First Freewill Baptist Church
4745500,Manchester,baptist,2,church_overture:a8152de4-d64d-4f6e-8afd-bfb8fb867e7d|church_overture:d6be6bbb-81a5-4877-a107-12d5fcfcab45,First Baptist Church | First Missionary Baptist
4746240,Martin,pentecostal,2,church_overture:eb4c8634-cb99-4c77-bd23-5fde59962eac|church_overture:f85fc6dd-b46a-4bf5-a913-829415d81751,First United Pentecostal Church | Martin First Assembly
4748000,Memphis,methodist,2,church_overture:6ad4c1cd-5d64-4e63-b9b3-c304a3d1ac05|church_overture:bbaaae5c-7d88-4ee0-a7df-467cb39bc517,Memphis First United Methodist Church | Munford First United Methodist Church
4748660,Milan,baptist,2,church_overture:9ca05b3e-feac-40c5-87e1-765d1471bd7d|church_overture:f22161f5-9e49-439d-ba3c-df0dd22f60e3,First Baptist Church of Milan | First General Baptist Church
4751560,Murfreesboro,baptist,2,church_overture:0c972de7-d175-460a-8f8d-63860360618d|church_overture:78ba541d-c6f1-4231-8b1c-a3e16bd3f30e,First Baptist Church
4751560,Murfreesboro,presbyterian,2,church_overture:034aaa98-7ddf-4ad5-a10d-97b9086a567f|church_overture:f5ca87a1-5c2d-472b-85b5-83a49eba7dce,First Cumberland Presbyterian Church | First Presbyterian Church
4752006,Nashville-Davidson metropolitan government (balance),methodist,2,church_overture:2a49781f-e9bb-4436-842b-a14ac5901ed5|church_overture:b3433f43-128b-451a-9e37-d047e4085336,First Southern Methodist Church | First Wesleyan Church Nashville
4752006,Nashville-Davidson metropolitan government (balance),nazarene,2,church_overture:152ea653-750a-48e1-bfc7-82e606316343|church_overture:e0eb9d01-bcda-4ce3-ade1-b233c5cfdb51,First Korean Church of the Nazarene | Nashville First Church of the Nazarene
4752006,Nashville-Davidson metropolitan government (balance),presbyterian,2,church_overture:3c8f0749-e31c-42b5-bcfc-6cbdf067a10e|church_overture:d655c696-5b45-4a1a-ae87-0eba224a5113,First Bible Presbyterian Church | Madison First Cumberland Presbyterian Church
4753000,Newport,baptist,2,church_overture:0c43d192-c556-4a58-899b-f88884a21049|church_overture:be99677f-7971-4fc9-ba2a-d2197768cc66,First Baptist Early Education School | First Baptist Newport
4755120,Oak Ridge,baptist,2,church_overture:4b52f82d-73ed-4ed9-ad31-c7f57a374c26|church_overture:c349da58-27c5-4509-8858-052b5e90717f,First Baptist Church Oak Ridge | First Free Will Baptist Church
4755120,Oak Ridge,presbyterian,2,church_overture:110bc506-08a3-4663-8fec-473b461d226a|church_overture:acf11ebc-4cd2-48b0-bf6f-6eca5a765f41,First Cumberland Presbyterian Church | First Presbyterian Church
4758120,Pikeville,baptist,2,church_overture:50371bc4-3163-41f9-b29d-c9b677a98b60|church_overture:fedbf485-1032-4c02-b181-4d4a0a0517fa,First Baptist Church of Pikeville | First Southern Baptist Church
4766720,Savannah,presbyterian,2,church_overture:046e7371-ad9c-4c7f-98b2-5a27b826f64b|church_overture:dc8121a5-3fb7-40c5-9dba-045e2606de6e,"First Cumberland Presbyterian Church | First Presbyterian Church, Savannah, TN"
4769420,Smyrna,methodist,2,church_overture:3f9942d2-8f6d-44d2-b18b-d78fd6c95a80|church_overture:eb27042e-d3d5-47e9-b699-f7ddaf5b564a,First Free Methodist Church | Smyrna First United Methodist Church
4769560,Soddy-Daisy,baptist,2,church_overture:d577ea10-e220-4aa7-b4f4-17f26aedbdb1|church_overture:f5a9a695-1319-42b2-adb8-6dd6fdfe6691,First Baptist Church | First Baptist Church Soddy Daisy
4770180,Sparta,baptist,2,church_overture:9dd1f761-1ea3-4eb5-a654-72d9f4a29204|church_overture:c7b8e05c-9b28-4334-91b0-c1319a09158c,First Baptist Church | Sparta First Free Will Baptist Church
4770500,Springfield,baptist,2,church_overture:063389d8-5b30-47c3-a5a7-562a37da9b10|church_overture:c557d88c-93e4-4a23-a3cd-952e866cfec2,First Free Will Baptist Church | First Missionary Baptist
4772380,Surgoinsville,baptist,2,church_overture:b84ca738-4574-44c0-b504-065202b72522|church_overture:ea8cee67-a637-459a-b8df-766be75c9f62,First Baptist Church | First Free Will Baptist of Surgoinsville
4775000,Trenton,baptist,2,church_overture:8d755063-8a8d-4c30-b2c8-94c089a2f3f0|church_overture:d8f75f7c-2959-4ae5-b928-618d8924d298,First Baptist Church | First Baptist Church North
4775000,Trenton,methodist,2,church_overture:c9361d56-6d00-45c4-92b6-0a1706064d0a|church_overture:db4ddd9b-79ee-486d-b20a-c5c8296e00b8,First United Methodist Church
4775320,Tullahoma,methodist,2,church_overture:3d040ce7-8042-45f9-a7bb-3f39bb70ac6d|church_overture:6396268f-ffd0-483d-a1c4-ae2728017510,First United Methodist Church Parish Nursing | Tullahoma First Methodist Church
4775940,Union City,pentecostal,2,church_overture:1ba7fa4c-10d4-4ee8-a3df-9c4e63f73690|church_overture:6f71f78b-b447-48e5-981b-71116f006171,First Pentecostal Church | First United Pentecostal Church
4778560,Waverly,baptist,2,church_overture:8fa4b0a3-bf25-43f5-9d02-41f4c549e9b4|church_overture:c1738ebe-d22b-4c2c-948c-5df275298dd5,First Baptist Church | First Free Will Baptist Church
4779980,White Bluff,baptist,2,church_overture:28060104-52cc-4ddc-9189-8b93d2819304|church_overture:ca6b8a02-cc4e-4c2c-8c2f-2570d88a0111,First Baptist Church | First Baptist Church White Bluff
4781080,Winchester,baptist,2,church_overture:9896b90c-89dc-4975-baae-60d511f97c75|church_overture:dc1ac8e4-0e76-47f6-a6eb-ee8de6272620,First Baptist Church | Winchester First Baptist Church
4801000,Abilene,baptist,2,church_overture:86282f0a-3f15-4d3f-b44b-1e3c3774b36c|church_overture:e007b04c-0788-4753-9163-e8acf621cf1f,First Baptist Abilene | First Baptist Church
4801000,Abilene,methodist,2,church_overture:39a1c3e0-859c-4646-8f8d-d495e5cf7e21|church_overture:aa05de2a-ce72-4905-986a-c2240ccf1283,First Evangelical Methodist Church | First Methodist Church
4803144,Anahuac,baptist,2,church_overture:1e882423-5923-4546-9bd0-9a5357218c32|church_overture:e25564f6-5d98-4938-8715-546660f9f9f1,First Baptist Church | First Missionary Baptist Church
4803216,Andrews,pentecostal,2,church_overture:c1cc254a-be2a-45e1-8eba-f7e4faf0e890|church_overture:ef8f50cb-c392-4de9-bee0-dac366fa9028,First Assembly of God | First United Pentecostal Church
4804408,Aspermont,baptist,2,church_overture:c71f7d9e-0d0b-4269-a49a-1044030a0100|church_overture:cbc5ff2e-be13-4eaf-80ff-24c0abac58d9,First Baptist Church
4804504,Athens,presbyterian,2,church_overture:559adcad-d7d6-4cb5-876c-1fe22beb4e64|church_overture:8f816ea0-c043-48a4-9aac-6bbcd1b7e91a,First Presbyterian Church | First Presbyterian Church Fellowship Hall
4805168,Azle,baptist,2,church_overture:6ce63581-d26b-4bff-b3c4-d57d88dcb537|church_overture:a379709f-482c-446f-8091-7c3be8d70cfd,First Baptist Azle | First Baptist Church
4805732,Bartlett,methodist,2,church_overture:4d123527-e3a3-4c63-a954-ad0d45810ddd|church_overture:87bfb823-be96-41da-9ca9-2e776b2cae81,First Methodist Parsonage | First United Methodist Church
4805864,Bastrop,baptist,2,church_overture:665063ea-721a-4df5-944b-88a912ca5aaf|church_overture:8174a394-e844-4c66-8b06-6ab42ff92f2b,First Baptist Church | Macedonia First Baptist Church
4806128,Baytown,nazarene,2,church_overture:3faaa825-07d8-4325-ab88-f0f279853a7e|church_overture:e8e79c15-dcc4-4d1c-a070-814594bdd349,Baytown First Church of the Nazarene | First Church of the Nazarene
4807000,Beaumont,baptist,2,church_overture:8500e920-bea3-44ec-9f68-e65ed54ef6ca|church_overture:abf01211-3763-4482-a05d-5d742519a992,First Full Gospel Baptist Church | First Full Gospel Baptist Church of Beaumont
4807492,Belton,baptist,2,church_overture:6231c6f2-71dc-47df-9c5e-7511246ada60|church_overture:b8d3a327-39a5-4346-934f-e1b29e5e375e,First Mexican Baptist Church | Magnolia First Baptist Church
4808812,Blossom,baptist,2,church_overture:3b11c4a4-7079-490b-af12-41c7fa50662b|church_overture:6d55ddc6-6f5c-4fd3-95a2-692dcca1905f,First Baptist Church | First Baptist Parsonage
4809160,Boerne,baptist,2,church_overture:e44e8300-78a4-477e-b798-fe0c37ff8d46|church_overture:fc6aa522-4290-46b0-86fc-ef4906a1d04e,First Baptist Boerne | First Baptist Church Boerne
4809250,Bolivar Peninsula,baptist,2,church_overture:5538d09c-b42f-4e57-85bb-e09507700df1|church_overture:e3398f78-37c7-4d8d-87a6-f238dcf7c6e3,First Baptist Church
4809328,Bonham,methodist,2,church_overture:0c099b7e-7431-44ee-9bea-5bde96705144|church_overture:84720abc-059a-4a0a-afb3-90f3caf30635,First United Methodist Church
4809640,Bowie,baptist,2,church_overture:74bfef00-c62f-4501-ba9b-82c500741c9c|church_overture:bea54b1a-2fc7-4a15-8ce7-ac9d195e1188,First Baptist Church | First Free Will Baptist Church of Bowie
4809748,Boyd,baptist,2,church_overture:8bf198b6-374d-47b0-9a0b-478da631b9d5|church_overture:ff972e2b-e7fb-4058-80af-b8dd251f3978,First Baptist Church Boyd | First Baptist Church of Boyd
4810132,Breckenridge,methodist,2,church_overture:a0a42190-3cd9-4cb9-afb2-ecf12799360f|church_overture:a3f07f26-1df9-4529-962a-a9d1f95b070b,First Methodist Church | First United Methodist Church
4810156,Brenham,pentecostal,2,church_overture:78f10908-5ab2-4d28-813d-2e3bd43f5c07|church_overture:bf8ea247-a92c-4f17-ae10-bc2ab50ff833,First Assembly Of God Of Brenham | First Pentecostal Church
4810780,Brownwood,baptist,2,church_overture:d4ed054b-c553-45f8-8eff-30414c55a312|church_overture:f74d593d-1921-429e-a24c-eb302bc8ac86,First Baptist Church | First Mexican Baptist Church
4810912,Bryan,methodist,2,church_overture:001789e5-2255-4281-852d-9f6401641245|church_overture:55f76c0f-46bb-443c-8e68-b9fc396c9ec9,First Methodist Church | First United Methodist Chr-Clg Saint
4811368,Burkburnett,methodist,2,church_overture:29259b54-a409-487c-84bd-516756d78a4e|church_overture:572896c8-194e-4fb6-ba7d-0ad4d1022db8,First United Methodist Church | First United Methodist Church Of Burkburnett Parsonage
4811428,Burleson,methodist,2,church_overture:32022f25-7154-4496-800b-8d1e7bc53441|church_overture:4498fd1f-0f1b-4279-9a1e-4b1b4e64e594,First United Methodist Church | First United Methodist Church of Burleson
4812040,Cameron,baptist,2,church_overture:2b3aeb6b-3c1f-43bb-aefa-17505134ea7e|church_overture:7ab0c8c5-db54-4fd8-9087-ed904cfe834b,First Baptist Church | First Baptist Church of Buckholts
4812532,Canyon,pentecostal,2,church_overture:e93154da-e2a2-4528-9089-66520002692e|church_overture:fd7f2391-b14e-4f7a-b232-b1401e4c59cc,First Assembly of God Church | First United Pentecostal Church
4813024,Carrollton,baptist,2,church_overture:0816d943-5da8-4dce-a094-bfca03ec2640|church_overture:91c8ea7e-0b8d-4714-9cc2-3bd680ee75aa,First Baptist Church | First Baptist Church at The Fields
4813108,Carthage,baptist,2,church_overture:18316a00-c45c-4c83-978c-4438cc6bd559|church_overture:669e824e-0fe8-4632-8b84-e3da7d01c0f8,First Baptist Church | First Free Will Baptist Church
4813108,Carthage,methodist,2,church_overture:38773829-74fa-455a-96c2-f6ba5183bb66|church_overture:820efede-a942-4e80-a4f9-19bf6ce9c8b3,First United Methodist Church
4813108,Carthage,pentecostal,2,church_overture:cb34cd09-69a4-4440-8e15-cf9a01dec1cf|church_overture:f264cd14-404b-4515-9473-577af47fb0f0,First Assembly of God | First Church Of God In Christ
4813684,Celina,methodist,2,church_overture:4aea3946-2ca9-4fd0-bde7-cf220bbb8fd6|church_overture:65969fda-daeb-4a9f-ac72-464a509ee40a,First United Methodist Church | First United Methodist Church of Celina
4814260,Channing,baptist,2,church_overture:6d070cbe-62f6-49c2-9007-ecb1945d1f42|church_overture:72cbbe0f-0159-4d11-89cd-5d0a2a6b2b88,Channing first Baptist | First Baptist Church
4815364,Cleburne,pentecostal,2,church_overture:8c0bdec0-8ded-4a03-bb3f-73c2789ae201|church_overture:90ddb7f2-f4ea-4fca-bab9-1f144aac3602,First Assembly of God Church | First United Pentecostal Family Church
4816432,Conroe,baptist,2,church_overture:95d3a39e-41ac-4429-a54b-a3b76089ca7c|church_overture:e637489a-2bfe-4326-a878-83330fcc7187,First Baptist Conroe | First Missionary Baptist Church
4816432,Conroe,pentecostal,2,church_overture:cba28857-c036-494b-8bbd-8195b26091fa|church_overture:f57db22f-c4c3-4bd5-a3b6-32db4c49e294,Conroe First Assembly of God | First Assembly Of God
4817060,Corsicana,baptist,2,church_overture:1fdbf386-1e67-4f5f-853b-5bf1d392cda5|church_overture:9d1797f8-f87b-4af4-976e-93b422b1ed3b,First Baptist Church | First Independent Baptist Church
4817768,Crosbyton,methodist,2,church_overture:4d4d1141-7773-4040-a601-8a04746ac546|church_overture:d43de573-2f6e-46ce-94f2-88ffd74fe905,First Methodist Church of Crosbyton | First United Methodist Church
4817960,Crowley,baptist,2,church_overture:200421e0-2605-48f8-ab54-2ff92a68b522|church_overture:d87c326c-df38-48ae-8483-0ad04440e924,First Baptist Church | First Baptist Church of Kennedale
4819000,Dallas,pentecostal,2,church_overture:83826228-01ac-42e3-a5f7-384ad2327678|church_overture:e48f0d46-e40a-49a5-a980-7afaf954dd84,Dallas First Assembly of God | First Pentecostal COGIC
4819420,Dawson,baptist,2,church_overture:1412c413-6772-40ae-9c59-fc625528493e|church_overture:9f7ce34b-4958-44f5-95ab-32f47e010687,First Baptist Church | First Baptist Church Parsonage
4819432,Dayton,methodist,2,church_overture:1fe27860-771d-4943-a92c-492480b2a0be|church_overture:9b14f7c0-e4fc-4472-aa61-4563e90c68a9,First Methodist Church | First United Methodist Chr-Dayton
4819972,Denton,baptist,2,church_overture:04ed6874-72fd-4200-b466-33875ef97165|church_overture:7ec55b81-5531-400a-8202-f9c1566dea25,First Baptist Church Denton | First Mexican Baptist Church
4819972,Denton,presbyterian,2,church_overture:69b345d1-49cf-4e0a-9f0f-37ab9755520c|church_overture:f3881485-68df-4fa7-ba01-40e53d57d80d,First Cumberland Presbyterian Church | First Presbyterian Church
4819984,Denver City,baptist,2,church_overture:4b358226-45f1-4078-a279-45b791194b58|church_overture:d569fe0c-bc70-45de-b53e-5a6ed904e501,First Baptist Church
4819984,Denver City,pentecostal,2,church_overture:32041744-396d-4768-8a4b-6a063a478928|church_overture:b2bf72cb-f566-480e-99b2-47a3de522e77,First Assembly of God | First Assembly of God Church
4820020,Deport,baptist,2,church_overture:e53ebb59-a874-428d-8390-7e79f95ded24|church_overture:e5ff3363-f44b-4db1-9d7c-01bd97a7fe37,First Baptist Church | First Baptist Church of Deport
4820308,Diboll,baptist,2,church_overture:0b371f49-c466-4311-ae59-7f65ff2b473d|church_overture:732c9297-d4ec-4023-824f-b211746f811e,First Baptist Church Diboll | First Shiloh Missionary Baptist Church
4820308,Diboll,pentecostal,2,church_overture:1fe25759-045d-4122-83a9-56cb11f9fc1e|church_overture:79093204-c7e2-46a0-b1cd-4117578a8018,First Assembly of God Church | First Pentecostal Church
4820464,Dimmitt,methodist,2,church_overture:3d332372-108d-475a-8839-a05bd1a39b2d|church_overture:eadcf862-b271-47a2-88e5-667f5b05961c,First Methodist Church of Dimmitt Texas | First United Methodist Church
4821484,Dublin,methodist,2,church_overture:56e73ae1-b47e-4b6a-b9fe-14fc3c58b822|church_overture:f787c69e-69e8-4789-9ae7-cd29865cede2,First United Methodist Church
4821556,Dumas,methodist,2,church_overture:db44d846-d3e5-49c6-8795-4e3b3c71932e|church_overture:f2ba35c9-a90e-437d-9d9c-5ad94c1c8577,First United Methodist Church
4821628,Duncanville,baptist,2,church_overture:8e4979a5-9000-40c2-b379-ff7d04b8f201|church_overture:9bba691d-2ebf-4b1b-99df-b62044d43fb0,First Free Will Baptist Church | First Missionary Baptist Church
4822720,Edna,baptist,2,church_overture:14b43bc4-8944-45fa-976a-c26542eca9bf|church_overture:c0673d7f-8de9-4901-9e04-8cf98d6cfdc1,First Baptist Church | First Baptist Mission
4822720,Edna,pentecostal,2,church_overture:9eb2ef68-6a08-4ed4-83e6-8504c3c4b935|church_overture:a22e0ece-2118-4ef2-a41b-3e3eb585ee67,First Assembly of God | First Pentecostal Church of Edna
4823140,Elkhart,methodist,2,church_overture:22a4da05-5082-49f1-91f8-203a29822115|church_overture:bf926138-8cdf-42ba-a799-c24a7c448e57,First Congregational Methodist Church Elkhart | First Methodist Church
4824348,Ennis,baptist,2,church_overture:1860ab53-7e28-4df4-bf82-19d1b94a57e2|church_overture:c90d1191-aa55-4b3e-b096-c9f6335e8e64,First Baptist Church | First Baptist Church of Rice
4824768,Euless,baptist,2,church_overture:98d67984-d7e0-4de1-9bd2-96ef07338039|church_overture:c56ddf15-9f6e-4366-971d-22da4bb9d94f,First Baptist Church of Grapevine Mission House | First Baptist Euless
4826328,Follett,baptist,2,church_overture:3f33470b-5266-4f7e-8c14-99056272a864|church_overture:584671b7-3afb-4dc6-aa8a-20adeaf71128,First Baptist Church
4826604,Forney,baptist,2,church_overture:c553e714-bd64-44db-bf26-0a8a9847557a|church_overture:e6d68220-6073-4530-984e-0d32c7ba9280,First Baptist Church Forney | First Baptist Forney
4826808,Fort Stockton,baptist,2,church_overture:1844eb8a-0406-434b-940e-50dcd5a9c04e|church_overture:42c6249f-18e9-4f7d-b465-ca8056dd7b09,First Baptist Church | First Baptist Church of Fort Stockton
4827000,Fort Worth,methodist,2,church_overture:365516e2-5669-47be-9802-132676eacefe|church_overture:c03de22f-7e6b-46db-a477-2f26faf0c1e2,First Methodist Church of Fort Worth Foundation | First United Methodist Church
4827432,Freer,baptist,2,church_overture:5faedf21-d90a-4aeb-a90e-2b2fde6cb0b6|church_overture:d9de9593-d261-4c2d-8d5b-8d018d5352fb,First Baptist Church
4827696,Fritch,baptist,2,church_overture:947b3fb5-16f4-4075-afcf-a6dfb57f05ca|church_overture:eb7325ce-1ee7-4211-96a9-ffa43512fd1a,"First Baptist Church of Fritch,Tx. | First Southern Baptist Church"
4827984,Gainesville,baptist,2,church_overture:79367963-fd44-4ba0-9980-2e073216ad0f|church_overture:b3ad5099-735d-4345-99eb-3f5213ee3167,First Baptist Church | Mount Olive First Baptist Church
4828068,Galveston,baptist,2,church_overture:636ccbd2-2100-415d-a8a3-0347fe4f4f36|church_overture:b0f27e9e-d4a4-4aed-a803-9062b20633b6,First Baptist Church | First Union Baptist Church
4830416,Granbury,methodist,2,church_overture:249c6a56-546c-4773-b6ac-58b27566a237|church_overture:a487ea7a-eaaa-458f-9a8e-7fd44e76993c,Granbury First United Methodist Church
4830464,Grand Prairie,baptist,2,church_overture:475d2c07-cd99-4710-b0be-f52123385783|church_overture:ab695a48-83bf-451b-8b19-541767ed6981,First Baptist Church | First Baptist Church Grand Prairie
4830632,Grapeland,methodist,2,church_overture:49040a46-28e0-43eb-a91e-75a1afc8281c|church_overture:8c42197b-ba90-4775-beca-54f61f757b6f,First United Methodist Church | Grapeland First Methodist Church
4830752,Grays Prairie,baptist,2,church_overture:6e3af1fa-5571-4a0f-b8ed-06f5a2421c62|church_overture:f1dc6bdf-487b-4f20-9cb5-1932f22f7b48,First Baptist Church of Gray's Prairie | First Southern Baptist Church
4830920,Greenville,pentecostal,2,church_overture:34bb6376-c73b-4abd-aeb5-fef91e4839b2|church_overture:aab38eb0-6d79-4f79-9c77-cab865dc474d,First Pentecostal Church of God | Greenville First Assembly Of God
4831280,Groesbeck,methodist,2,church_overture:521fffbe-b143-41ee-9b60-26d49a0ede4f|church_overture:fe5c280c-f0ca-44b4-9398-58d118f9fc09,First Methodist Church | First United Methodist Church
4831340,Groveton,baptist,2,church_overture:427ca6e5-d0b8-4d6c-9527-beb910121ddb|church_overture:8ed5c153-af71-4084-9fc2-306d3267b710,First Baptist | First Baptist Church
4831820,Hale Center,baptist,2,church_overture:74306a40-2910-49b0-900b-8cc7ff45acb2|church_overture:de50e359-37fb-4d91-bde7-a2e221fcc3e4,First Baptist Church
4831928,Haltom City,baptist,2,church_overture:137e521f-56cf-48c0-90d9-89cdb9145f0d|church_overture:55428cb3-7202-4cb4-87b7-63bdb4cbc589,First Baptist Church Haltom City | First Baptist Church of Fort Worth
4831952,Hamilton,methodist,2,church_overture:404a0a5e-0997-4af5-932f-b6cdb16c833a|church_overture:68047850-e965-4091-b9d7-f39369ad0406,First United Methodist Church
4832372,Harlingen,methodist,2,church_overture:67a09801-eb28-4909-b75e-10555a709948|church_overture:fd0e399f-85f0-46ea-96fa-c9ea75427b8c,First United Methodist Church | First United Methodist Church In Harlingen
4833212,Henderson,methodist,2,church_overture:1098670e-04d4-4256-a336-9c28d8c2be6b|church_overture:fe225d21-8128-441d-9afc-299a17681638,First United Methodist Church Parsonage | Henderson First Methodist Church
4833320,Hereford,methodist,2,church_overture:3ae78faa-99dc-4972-adc4-2d8a2ac94322|church_overture:80d0203b-724a-4b02-8a19-15a44bb305c3,First Methodist Church | First Methodist Church Hereford
4835000,Houston,lutheran,2,church_overture:3b6d14e3-6da9-44c7-8824-44f67d12036e|church_overture:fd62c26c-8345-4a68-adff-24d1d5ff1ccc,First Lutheran Church | First Taiwanese Lutheran Church
4837168,Jacksboro,methodist,2,church_overture:e022421b-ea95-48c0-9228-19aa31c46b0c|church_overture:ffe32438-d32e-4e11-85e0-2cfeebe3bd98,First United Methodist Church
4837420,Jasper,pentecostal,2,church_overture:949b6b52-b4ff-451d-82a1-45d87635a2dd|church_overture:b9c5c9af-2d03-457a-8b53-3d58a2cfba61,First Assembly Of God | First Church of God In Christ
4838860,Kenedy,baptist,2,church_overture:10c8b3f4-0a02-4a3f-9a51-376f6843728d|church_overture:a4ef109b-21dc-4187-bf12-a852d3f616eb,First Baptist Church | First Mexican Baptist Church
4838992,Kerens,methodist,2,church_overture:c007fad8-d1c4-4cf9-84a7-c49d00bfbeba|church_overture:e29e653e-3387-4c60-9fbb-28d6bd6c6084,First Methodist Church | First United Methodist Church of Kerns
4839004,Kermit,methodist,2,church_overture:6e95895d-96c9-49bf-94d1-86cba4001aab|church_overture:d073fdc9-fff2-42f2-8361-290eb494c07b,First United Methodist Church
4839040,Kerrville,presbyterian,2,church_overture:94b53609-38b2-4bff-972e-7d7f457f4b8d|church_overture:c9271332-2414-46e4-95c1-673250aa1af7,First Presbyterian Church
4839124,Kilgore,baptist,2,church_overture:a38c6ea6-4ce6-416b-bf06-5e8665787163|church_overture:f469225c-51c5-43a2-9be5-5a198dda7e9c,First Baptist Church | First Baptist Church of Danville
4839148,Killeen,pentecostal,2,church_overture:60303c56-a1c5-497f-9a1f-e918d264402d|church_overture:eb7adec2-742a-4d09-83cc-66097a8d88f4,First Church of God in Christ | Killeen First Samoan
4839148,Killeen,presbyterian,2,church_overture:93061032-3af9-4476-aba9-66149cfcadaa|church_overture:f328f946-189c-4478-84d2-7858565f8a46,First Presbyterian Church | First Presbyterian Church Manse
4841440,La Porte,methodist,2,church_overture:5fb1a0db-9498-4d82-9015-acb22c4972b1|church_overture:e2f205e6-007a-4f9b-86f0-cd7704d3d7da,First United Methodist Church | First United Methodist Church of Laporte
4842004,Leakey,baptist,2,church_overture:27004dfa-e68f-4ea1-af59-6f18c16a6955|church_overture:6dcc9367-73a5-4358-bda0-b9f9bb937432,First Baptist Church
4842352,Leonard,baptist,2,church_overture:65da5106-1bff-41a4-8568-d43e82c77240|church_overture:b52c9714-0fb6-43f5-b4a5-983a172b0dce,First Baptist Church
4843066,Little River-Academy,baptist,2,church_overture:831c92f2-ed88-4462-9194-d15e23cde62a|church_overture:864333fd-3d81-4cf4-9d1c-870e2af47602,First Baptist Church Academy | First Baptist Church Little River
4843132,Livingston,baptist,2,church_overture:0e068b8c-13e8-4fa5-af57-b5c23619172a|church_overture:cde315dc-42f2-4a6e-8ebe-6b0884172219,First Baptist Church
4843240,Lockhart,baptist,2,church_overture:145ea181-87e4-4372-9fdf-9a7399ccf8f9|church_overture:ef4a0359-7052-4224-b2e5-2bc3bb4c3250,First Baptist Church | First Lockhart Baptist Church
4843888,Longview,pentecostal,2,church_overture:3a11133f-b598-4324-a8a1-c77a6bd1c76e|church_overture:a8026449-0c8d-4195-aa3c-107d5d2f2f51,Longview First Assembly | Longview First United Pentecostal Church
4843888,Longview,presbyterian,2,church_overture:47325603-63ef-41bb-b866-b2ff6bf322ec|church_overture:c8e7f8f4-d0d5-49bd-bc2c-a7fbd4ee8429,First Cumberland Presbyterian Church | First Presbyterian Church
4845072,Lufkin,baptist,2,church_overture:6eb18125-01a2-4562-af3d-e73f1ff4ea16|church_overture:e9bd4d08-d601-4125-8f3d-e46ad5096eb4,First Baptist Church Lufkin | First Missionary Baptist Church
4845324,Mabank,baptist,2,church_overture:114e0d46-1949-452c-b039-a5cd1d714d30|church_overture:416ee753-02fe-4d47-b5c2-f4516c15a9ad,First Baptist Church of Mabank | First Missionary Baptist Church of Mabank
4845324,Mabank,pentecostal,2,church_overture:6cbaa1e9-afa6-470f-9228-f25cbcd6b650|church_overture:c7c3e4e8-18fb-4f09-99fc-ef0389953f56,First Assembly of God Church
4845384,McAllen,baptist,2,church_overture:6b61a243-c4fa-4442-9e01-724d2702c99d|church_overture:762988cd-cf26-40ca-9ebd-0d192a291406,First Baptist Church of McAllen | First Missionary Baptist Church
4845744,McKinney,baptist,2,church_overture:ac695561-cfc7-47f2-a770-1a92a7ac60d4|church_overture:bde9b6dd-63a8-4f4f-88ed-23fab07a04f0,First McKinney Baptist Church | The First Baptist Church
4846224,Malakoff,baptist,2,church_overture:5a52f21f-3ca5-4600-a015-42b6f55d1b9f|church_overture:e02a2c41-c084-4f48-b947-b81e1f813f48,First Baptist Church
4846452,Mansfield,methodist,2,church_overture:db6cf50c-1665-4638-876f-34434f6c624f|church_overture:ef953b4d-2de9-48f6-bb64-9a8c935696f5,First Methodist Mansfield | First United Methodist Mansfield
4846584,Marble Falls,baptist,2,church_overture:6ec1ecf0-6714-4f90-860f-5cad8f5bb5e5|church_overture:c38f8322-4566-4ced-9808-3bdf505598a1,First Baptist Church Marble Falls
4846740,Marlin,baptist,2,church_overture:10f3c4ba-bd1d-4854-98d8-c7308909e1ca|church_overture:a5e63c8b-3e50-4be7-a5c0-5cd393de5269,First Baptist Church | First Mexican Baptist Mission
4847916,Mexia,baptist,2,church_overture:95dfb043-8ff9-45cf-a720-e5d14eda3c8b|church_overture:d1ea636a-2bfc-40ae-a5c6-bbd46c3a98ec,First Baptist Church | First Baptist Church Mexia
4848072,Midland,baptist,2,church_overture:123ae685-8f5d-48a8-9d32-0289aa1566f4|church_overture:85fa0ad5-51f0-4b63-a1a8-ee90f9f62cf7,First Baptist Church of Midland (FBCM) | First Southern Baptist Church
4848072,Midland,pentecostal,2,church_overture:7b66bf34-5ed8-4d8a-b809-b4cbe4ccd99d|church_overture:e0cc4c16-2b63-4825-8a14-3be43b7b5c90,First United Pentecostal Church | Midland First Assembly of God
4848768,Mission,baptist,2,church_overture:10998c8b-c47b-4082-9f24-cec5f3fa5251|church_overture:2c327cd6-917d-4863-a199-b0f1644412d5,First Baptist Church | First Baptist Church of Sharyland
4849200,Moody,pentecostal,2,church_overture:2555e6e0-e66b-4b14-8e20-f345d3746876|church_overture:8dcb3897-6a64-42c4-aa6f-458ee4ffd933,First Assembly Of God | First Assembly of God Church Moody
4849464,Morton,baptist,2,church_overture:addf7137-3552-409b-9067-d3d8f635dd45|church_overture:f8394e4d-cbba-4ab6-a4a8-5c0c45d4adf0,First Baptist Church | First Missionary Baptist Church
4849968,Muleshoe,methodist,2,church_overture:45f4a863-c114-47de-8ef4-0c38f778ce96|church_overture:96b8dba6-61a0-459e-89c8-5ab21831217b,First United Methodist Church Muleshoe | Muleshoe First United Methodist Church
4849968,Muleshoe,pentecostal,2,church_overture:3093a47d-d52f-4ccf-9452-40f0e073a1f2|church_overture:6877b900-a306-497c-8a73-39a07c2965ad,First Assembly of God
4850472,Navasota,baptist,2,church_overture:10ab4a9c-a6db-4d35-a05e-a571fd524187|church_overture:8d76228b-b2c1-48ae-9fd6-2da09c772e02,First Baptist Church | First Hispanic Baptist Church of Navasota
4850580,Nederland,methodist,2,church_overture:3a04dc58-3300-43e7-be23-5f154238c55f|church_overture:f2c0cf57-842c-4585-b3ad-b9b914158a0e,First Methodist Church | First United Methodist Nederland
4850628,Needville,baptist,2,church_overture:7a5fba9d-3b75-4141-b31c-4a2596a6fb51|church_overture:9b601b09-2397-4c76-a7c4-eca02a74cc2e,First Baptist Church | First Baptist Church of Needvi
4850820,New Braunfels,presbyterian,2,church_overture:7429dbbb-d9f0-4a0c-822a-e5f02be7a0f1|church_overture:998c4973-198a-42dc-b7e4-7bbd15c6b815,First Presbyterian Church | First Presbyterian Church of New Braunfels
4851720,Nome,baptist,2,church_overture:39e31c1e-d806-4e98-8430-6a8a1b9a374d|church_overture:4b751842-e1c0-4790-8695-4e4109c686aa,First Baptist Church | First Missionary Baptist Church
4853388,Odessa,baptist,2,church_overture:72013674-303e-4d9d-ad96-e31c8966fb01|church_overture:8e15fc89-533a-4958-ab53-40917fc63f4a,First Baptist Church | West Odessa First Baptist Church
4854048,Onalaska,pentecostal,2,church_overture:62e83543-cb14-4f5d-b2e5-5df8612e54d2|church_overture:86fe4a8a-f39d-4718-b50d-caa675759022,First Apostolic Church of Onalaska | First Assembly of God Church
4854684,Palacios,baptist,2,church_overture:69772cae-de04-42f7-9491-f77c93261c64|church_overture:f86d3340-ed1f-4283-8ff6-94331c85bc84,First Baptist Church | First Baptist Church of Palacios
4854912,Pampa,pentecostal,2,church_overture:bea691a7-ff9d-40e3-a372-cc076d99797a|church_overture:e108c81d-97ba-44f5-b61e-ee04d360a8ae,First Assembly of God Church | Pampa First Assembly
4855080,Paris,baptist,2,church_overture:4a76b666-3438-436f-902e-bc21580bc155|church_overture:9520792e-4c35-4024-aaaa-6b72a14e7836,First Baptist Church
4855080,Paris,pentecostal,2,church_overture:0b3b6446-ec04-46b3-b074-3f9dba77ea24|church_overture:ca8e4c8c-1221-46dc-a997-f0a57c683cab,First Assembly of God Church | First Pentecostal Church of Paris
4856468,Pecan Gap,baptist,2,church_overture:c6c3f429-a250-464c-b826-1b3b16b9b904|church_overture:e1569695-b244-4365-ad64-2b7bdb8cadca,First Baptist Church
4856864,Perrin,baptist,2,church_overture:b582fe08-4847-4b33-9b25-663dc5a77c59|church_overture:dd08165c-c19d-4d89-bc69-0aec36412d1f,First Baptist Church of Perrin | First Baptist of Perrin
4857644,Pineland,baptist,2,church_overture:8495d471-8db3-4154-b585-81b0ed6b323a|church_overture:d0f3d742-bb46-4fab-9cfd-bfd4f8b16654,First Baptist Church
4857980,Plainview,methodist,2,church_overture:2c905d99-0b93-43c9-be8b-8135201322d8|church_overture:3c552e63-766d-44bd-a394-f2bc3b043400,First Methodist Church | First United Methodist Church
4858016,Plano,baptist,2,church_overture:27cbede7-f447-45d7-82b6-6abc1ed673d7|church_overture:6e7f9b64-de60-4be1-b570-0fcdf6080bfe,First Baptist Church Of Plano | First Baptist Church of Plano
4858820,Port Arthur,pentecostal,2,church_overture:1244efda-92b5-4c67-928e-9ade21b602fe|church_overture:1d74ca26-249a-471b-aea2-3089579a3c4a,First Assembly Of God | First Pentecostal Church
4860044,Quanah,baptist,2,church_overture:b673ce42-c9f8-4f33-bfd4-6fe33fa67657|church_overture:d6bc708a-5edd-49c7-a5aa-16e0bbd65ae9,First Baptist Church
4861196,Red Oak,baptist,2,church_overture:43551342-850f-448c-a357-99306e3c1b75|church_overture:ef0700cf-6242-4a75-bc50-a811c11c764e,First Baptist Church | First Red Oak
4861796,Richardson,baptist,2,church_overture:24bf3900-1f27-4e77-bbee-3684115b46cd|church_overture:9cddcd04-e7a8-4282-90be-287022576a76,First Baptist Church of Hamilton Park | First Baptist Richardson
4862168,Rio Grande City,methodist,2,church_overture:6542b1a6-70b4-46e3-aff2-05f7171bf666|church_overture:851b2566-902e-48ed-97b1-9918eae372f6,First United Methodist Church | First United Methodist Church Parsonage
4862672,Rockdale,pentecostal,2,church_overture:62b479d3-1986-4445-8954-76825dacf0f3|church_overture:c34fc09a-c16e-4b62-818d-bec747041f68,First Assembly Of God | First Pentecostal Church
4863284,Rosenberg,methodist,2,church_overture:7a6cdcc3-3ddd-4871-ac09-2b10f977b0cb|church_overture:dd113d0a-1ebc-4950-b33a-8aa205e47d9e,First Free Methodist Church | First Methodist Church of Rosenberg
4863464,Rotan,baptist,2,church_overture:7f53a0bd-46c6-4b6a-8f61-93a8bd18a178|church_overture:dfd01099-f1a3-428e-9cec-6f2aa5b36180,First Baptist Church Of Rotan | First Baptist Church of Rotan
4863572,Rowlett,baptist,2,church_overture:09ae752b-788a-4384-bf4b-7b3d83f218fc|church_overture:d2206f3b-a968-4d9c-8080-8b927a8364d9,First Baptist Church Rowlett
4864064,Sachse,baptist,2,church_overture:89a52c87-e8c2-4b3e-95d3-ddfd777b660d|church_overture:e5ea9e63-e0c3-4ba2-922e-1cff3761c0e9,First Baptist Sachse | First Sachse
4864112,Saginaw,baptist,2,church_overture:5f99a832-a2ed-4e52-98c3-1487ca4f8a95|church_overture:976df173-bcb9-49c9-9734-53b7d9875c4c,First Baptist Church of Saginaw
4864184,St. Jo,baptist,2,church_overture:64f4c29e-ff41-4a9a-9cb9-f9cd53b157c2|church_overture:f06943ce-285f-4129-9e87-c8ed0b52233f,First Baptist Church | First Baptist Church of Saint Jo
4864472,San Angelo,baptist,2,church_overture:3eafe2e8-b1b6-4dbe-b5b5-1b583422e244|church_overture:a793de79-4da5-4a10-84d3-42d8d94b4402,First Baptist Church | First Baptist Church Lakehouse
4864472,San Angelo,presbyterian,2,church_overture:11bc73d0-23d1-4217-a5fd-810e4f70296f|church_overture:733f1e69-bc8c-4aa8-a26b-b7bb36615800,First Presbyterian Church
4865000,San Antonio,pentecostal,2,church_overture:71768884-938a-4517-8e25-e906edaba6d7|church_overture:7b5ed297-aa1f-4e55-bac6-120187f22a56,First Assembly of God | First United Pentecostal Church
4865726,Santa Fe,baptist,2,church_overture:8a8aa81b-973b-4de2-93ad-698420795cd7|church_overture:bbf5ccfb-aafe-461b-9db7-3d4b87bb28a1,Arcadia First Baptist Church | First Baptist Church of Alta Loma
4866188,Schulenburg,baptist,2,church_overture:9bbf9d68-e14b-4562-97d8-9144393d5edf|church_overture:ad036a71-43cc-416c-b284-1ed804c1bf58,First Baptist Church | First Baptist Church Parsonage
4866764,Seminole,methodist,2,church_overture:0adddb9b-b0d2-4969-8573-b6be1ccfaa75|church_overture:ac69ef09-6238-4505-99e3-55561c01d5bb,First Methodist Church | First United Methodist Church
4867832,Silsbee,baptist,2,church_overture:27d691ff-4c7d-46fd-9462-bf38acb3f53e|church_overture:7157919b-a64b-43bf-acdd-6bcddb3aa6f8,First Baptist Church
4867832,Silsbee,pentecostal,2,church_overture:d158e4d7-5224-4a95-9ec5-c3cc86b5bf39|church_overture:ec76f4e7-af0f-44c8-8184-1be0025c1502,First Assembly of God | First Pentecostal Church
4867904,Silverton,baptist,2,church_overture:a1702774-cd48-4cc1-81fc-bccbb60db5a4|church_overture:de3f976b-c355-41ac-b9ef-4764b1efbdce,First Baptist Church | First Baptist Church Parsonage
4868180,Slaton,baptist,2,church_overture:41a2f2fe-ff05-47f5-9719-d2755c2460c5|church_overture:aaa03347-a6c7-45a1-a4e5-293fffeb235d,First Baptist Church
4869548,Splendora,baptist,2,church_overture:6b044f9a-5fb5-4c1d-b38e-20c778f9a8a4|church_overture:f96d92b1-127e-4395-a6b8-0162cf4b3ab8,First Baptist Church | First Baptist Church of Splendora
4871060,Sundown,baptist,2,church_overture:0bb8b369-61a1-4a72-9b00-bd23ed3df1ed|church_overture:8ad6c05d-82ad-4682-950b-97804b976d06,First Baptist Church | First Baptist Church of Sundown
4871180,Sunray,methodist,2,church_overture:9d5122a0-79e3-486c-890b-8ae02fc17aab|church_overture:9e0ea763-f67f-4382-90fe-a28895c75bbe,First United Methodist Church | First United Methodist Church Prsng
4872176,Temple,baptist,2,church_overture:0c97199f-f868-4aef-8397-e54dabf09146|church_overture:9a9c7040-88c2-4ce7-a72c-00638aa50794,First Baptist Church Of Temple | First Baptist Church of Temple
4872284,Terrell,baptist,2,church_overture:0bf2c4d7-87b8-4ad7-92a4-c04e3928942c|church_overture:e0d4c232-8025-41b3-9846-76edb1eb114e,First Baptist Church | First Baptist Church of Forney
4872368,Texarkana,baptist,2,church_overture:acc89e5c-0095-435c-8ea5-4abaae965326|church_overture:cb5d737a-2d14-4791-b8d5-533bb267613f,First Baptist Church | Mount Zion First Missionary Baptist Church
4872368,Texarkana,nazarene,2,church_overture:9b92cb59-da6a-43ee-b30b-2f7db5e7e7fd|church_overture:de1ca642-45c6-4de8-9618-714e20e8d1b7,First Church of the Nazarene | Texarkana First Church Of The Nazarene
4873076,Timpson,baptist,2,church_overture:287bb37a-409f-4f24-a2e3-c3773f3e1805|church_overture:63674979-40e7-46db-87b4-3694d551ea48,First Baptist Church - Timpson | First Smyrna United Missionary Baptist Church
4873316,Tomball,baptist,2,church_overture:8b99f11c-f5d9-4ade-a81d-01a9a8489794|church_overture:fc5cc0ba-c316-4c05-81b1-9f2fb7ebcba6,First Baptist Church Tomball | First Baptist Church Tomball Children
4873868,Tulia,methodist,2,church_overture:b625c7b4-b018-4537-a657-5a7e8b20ff3c|church_overture:cc80e0ec-ce2f-4bfb-90e0-1f60c9489064,First United Methodist | First United Methodist Church
4874144,Tyler,pentecostal,2,church_overture:7683240a-aefc-4688-9352-78d69b1c7ff3|church_overture:ee63a183-35e6-4dd7-8f0a-9985dc765445,First Assembly of God Church | First Bethel Temple Church of God in Christ
4875308,Vernon,baptist,2,church_overture:74ddc3d1-b67c-46d5-ad78-a6a250a257d6|church_overture:8f25a449-9724-48e6-bf04-4544c2ee9e75,First Baptist Church | First Baptist Church Vernon
4876000,Waco,baptist,2,church_overture:1aee90a6-501c-42ce-bc7f-d179e3b662c1|church_overture:b5c75acf-dbca-4f45-950d-dfeccadf6a53,First Baptist Church NBC | First Baptist Church of Waco
4876000,Waco,pentecostal,2,church_overture:5ee4b853-ec4d-4b27-a564-c06f32d0a1a7|church_overture:7d9459d0-759c-40fa-8271-d1393ffe86d5,First Pentecostal Church | Waco First Assembly of God
4876000,Waco,presbyterian,2,church_overture:46eabf20-f4cb-4391-9364-1f8a2fd88166|church_overture:5388b564-dc27-4cab-82e9-c8c616c27f07,First Presbyterian Church
4876672,Watauga,baptist,2,church_overture:2f843ec8-35c0-4d49-b92a-b62aee32bd28|church_overture:dbb2f52a-8f6d-4e76-bc7f-52c53e27f11c,First Baptist Watauga | First Saint John Cathedral
4877176,Wells,baptist,2,church_overture:a298102b-619b-415b-b31d-2705092b6934|church_overture:f9579fd5-0a62-425a-92d7-1ba2d4be7c22,First Baptist Church | Wells First Baptist Church
4877272,Weslaco,baptist,2,church_overture:2bebc4a3-815f-42e9-a925-96c860213a15|church_overture:544027d6-42e4-4241-b278-43aa78fe76ec,First Baptist Church | First Free Will Baptist Church
4877416,West Columbia,baptist,2,church_overture:09dd42ee-9438-4d0e-b67b-5a961b3aadc0|church_overture:b36654c7-7ceb-4f48-a6fe-3779cbd6ec2b,First Baptist Church | First Missionary Baptist Church
4878532,Whitesboro,baptist,2,church_overture:51231cb5-7b49-4ea6-bf8c-1ae9136f2f54|church_overture:67674140-3b79-4af9-a608-a54de4be2f1e,First Baptist Church
4878628,Whitewright,baptist,2,church_overture:95c3d3a4-1ebb-491d-bed7-0df094fbf4ea|church_overture:c8a02c65-b996-4c94-9f36-3e345a0932a1,First Baptist Church Whitewright | First Missionary Baptist Church
4907690,Bountiful,baptist,2,church_overture:17006c56-c9ef-495d-a91d-239a7d07ac5c|church_overture:d11bfc8b-8eec-4810-b6bb-af327b240c41,First Baptist Church | First Southern Baptist Church
4911320,Cedar City,baptist,2,church_overture:5718d68c-c7b9-46d1-b4bd-f57ae81ba6d0|church_overture:8b623a2a-20d5-426b-840b-0bd7c403103c,First Baptist Cedar City | First Baptist Church
4954220,Nephi,baptist,2,church_overture:7667781b-eac8-4762-8eb3-4ef303eb0d13|church_overture:d99b42b2-4b75-4bce-97e6-e40a1c2376e5,First Baptist Church
5061225,Rutland,baptist,2,church_overture:2313b450-c403-4b46-a43b-fa2331625644|church_overture:9192d988-1d87-458f-a9a5-fd7b1258b535,First Baptist Church Of Rutland | Rutland First Baptist Church
5107480,Big Stone Gap,baptist,2,church_overture:5d5a16f3-3a33-4cfb-8826-15d7884fb8f4|church_overture:d2e273c5-d398-4ad6-84b4-37538b4e71ea,"First Baptist Church | First Baptist Church - Big Stone Gap, VA"
5109816,Bristol,baptist,2,church_overture:9eaefefc-be08-418f-9181-ca9ad953c625|church_overture:c8fc156b-17a4-42bf-bfe9-e2b51541eca3,First Baptist Church | First Free Will Baptist Church
5114968,Charlottesville,baptist,2,church_overture:48905390-d0e3-401c-9d57-edbeea6ae6c4|church_overture:5e740b08-59ca-4ca0-b9cf-6ce624b0c5b8,First Baptist Church | Mt. Zion First African Baptist Church
5121344,Danville,baptist,2,church_overture:19418cf5-5268-4640-8112-17deda8696bf|church_overture:78a9d9c3-c983-4876-ac26-e0c27a435a5b,First Baptist Church
5121344,Danville,pentecostal,2,church_overture:9e2912b9-eda2-4237-bde0-31cff94e43a7|church_overture:acd42e50-b86c-446a-8a0a-e039becb0aa6,First Assembly of God Church | First Pentecostal Holiness Church
5135000,Hampton,baptist,2,church_overture:b84607c5-305d-4036-bc5a-4b3f15505832|church_overture:f1be28c7-5b10-4bdc-b0ed-97ab97584872,FIRST CALVARY BAPTIST | First Baptist Church Hampton
5135000,Hampton,methodist,2,church_overture:b91240d9-b4dd-4141-8362-f823914ef106|church_overture:bf8839bb-1237-4080-b629-f4fc5eb6ec71,First United Methodist Church | First United Methodist Church Fox Hill
5138424,Hopewell,baptist,2,church_overture:71885230-f338-4a2d-ac82-a9c9a5e3e9ff|church_overture:e13943cc-25f2-4719-8412-6ec71453bcd9,First Baptist Church | First Baptist Church of City Point
5139528,Independence,methodist,2,church_overture:1dcc7f0b-1216-450e-92ff-ae61ed3dd037|church_overture:4d04c991-c3f4-4862-b4e0-155f17e06545,First United Methodist Church | First United Methodist Church of Independence
5147672,Lynchburg,baptist,2,church_overture:d68dd93f-8d73-423c-8aa3-79378f73d9bb|church_overture:f78eb93f-a647-4454-9d88-23b1e073482e,First Baptist Church | First Baptist Church South Lynchburg
5149784,Martinsville,baptist,2,church_overture:9985dfe9-f9bf-4566-a4b2-368abd538e63|church_overture:e5d45f12-829e-41b4-a52e-9a604e02f01b,First Baptist Church | First Baptist Church of East Martinsville
5164000,Portsmouth,baptist,2,church_overture:07a492f0-d83f-4068-aa44-a2d77887e40b|church_overture:a5729540-e1d7-4743-be95-68ec4558f18c,First Baptist Church Elm Avenue | First Baptist Church South Portsmouth
5165392,Radford,baptist,2,church_overture:0fee7c70-e23b-437b-99d9-278f16af6b03|church_overture:555d4f5a-dacb-4c2e-a029-ba66360326dd,First Baptist Church
5167000,Richmond,presbyterian,2,church_overture:159e1186-9b3d-4480-9c05-daeb21bb795d|church_overture:6d51c24c-fbe4-4bc0-b97e-c7bb70feebf0,First Presbyterian Church | First United Presbyterian Church
5168000,Roanoke,baptist,2,church_overture:5d588230-0a75-4b56-bb68-64c08720e924|church_overture:b6d8fd89-fcc0-4314-906c-2b6ceee8d009,First Baptist Church - Gainsboro | First Kids
5173712,South Boston,baptist,2,church_overture:2ed375a6-fb13-449a-b7b8-ff8f815c6835|church_overture:ffd1399b-583b-4a68-a1f0-fc88296a7bae,First Baptist Church
5306085,Bingen,baptist,2,church_overture:0c4da105-c453-433c-b7a7-d9485a7c446a|church_overture:e24c4365-0303-4e67-8234-4fae1396ae2b,First Baptist Church
5337920,Lake Tapps,pentecostal,2,church_overture:4bbe8aee-e83b-4ab5-9480-27b72e93698f|church_overture:c149f5c6-0e8e-4051-a456-e16b274eb06c,First Pentecostal Church
5340805,Lynden,reformed,2,church_overture:d5177c96-8785-48dd-8416-7bf223d035a8|church_overture:f1cd8f5e-6b5d-4cc4-a010-8227c9ce6448,First Christian Reformed Church | First Reformed Church
5357535,Redmond,baptist,2,church_overture:71081e55-6c97-44ed-adab-a28bdf413344|church_overture:f4d1efd3-7a1f-4a0d-ad99-026eb184b228,First Baptist Church Rose Hill | First Baptist Church of Redmond
5357745,Renton,presbyterian,2,church_overture:bf18d4c1-9c54-40fc-b382-a284452d5e0f|church_overture:e360cec7-8a80-44e7-b23f-420d14092835,First Evangelical Presbyterian Church | First Presbyterian Church of Renton
5363000,Seattle,baptist,2,church_overture:23f5be3e-4caa-4c9a-b159-7c1d4cde5255|church_overture:95b5d4f7-834b-46f7-aaf2-a1d2487b5e8d,Beacon Hill First Baptist Church | Seattle First Baptist Church
5363000,Seattle,lutheran,2,church_overture:01f60a69-f029-4e8a-b771-9cf6db86fb08|church_overture:f5146463-77cf-4d65-857f-95b8198bf822,Ballard First Lutheran Church | First Lutheran Church
5370000,Tacoma,presbyterian,2,church_overture:1dea82e7-c2a1-4596-b4e2-e461afe3586a|church_overture:e16a1ee0-34e8-402a-8ea2-474f882b467b,First Korean Presbyterian Church Of Tacoma | First Presbyterian Church
5380010,Yakima,baptist,2,church_overture:15794075-e742-4ba9-b257-87943cedb54f|church_overture:e16a9db5-8bdd-4e88-be81-743734d50c87,First Baptist Church of Yakima | First Baptist Comunidad Cristiana of Yakima
5405332,Beckley,baptist,2,church_overture:52ebbaab-ffde-457f-80d1-a398446c53cc|church_overture:b79c0439-74f2-4fee-8f65-2970e25a52a8,Beckley First Baptist Church | First Baptist Church
5414600,Charleston,baptist,2,church_overture:9f678c16-73cf-4932-a1e2-6042b7f78578|church_overture:c884afc8-f4ab-43ea-ae5f-b71687f5b73a,First Baptist Church | First Missionary Baptist Church of Vandalia
5443180,Kenova,baptist,2,church_overture:05575c71-5b9f-4ac4-878d-f6d463c6e08c|church_overture:55ed1543-653e-4a4e-8303-ba304cd1d440,First Baptist Church | First Independent Baptist Church
5455468,Montgomery,baptist,2,church_overture:74f00fa8-e0f5-4942-aa79-236cec6a793b|church_overture:cf04defc-eff2-48f5-8dce-95d8c18c6563,First Baptist Church | First Baptist Church of Montgom
5459068,Nitro,presbyterian,2,church_overture:46ae36d9-da54-49d8-8db6-620bc9d4c4b6|church_overture:ac8b85d5-4541-46a4-a7d5-3028b261ee50,First Presbyterian Church of Nitro | Nitro First Presbyterian
5462956,Petersburg,baptist,2,church_overture:187c8305-342d-403a-8620-271bb990d530|church_overture:2320b1c5-089b-4b5a-8e92-8e52966832a5,First Baptist Church
5487556,Williamstown,presbyterian,2,church_overture:184ffc9f-7348-4d47-81f8-91a407d8c96f|church_overture:cb36bf6d-420f-425a-8071-1ec406aa4036,First Presbyterian Church | First Presbyterian Church of Williamstown
5502375,Appleton,lutheran,2,church_overture:507c33e4-e2e5-450d-b6cd-4e3f68b16f06|church_overture:f58a091a-c695-44aa-84dc-4027e8765e82,First English Lutheran Church
5548500,Manitowoc,lutheran,2,church_overture:34b95f25-1fc7-4274-a220-35b60e95b26b|church_overture:e3881e8f-d06b-4d97-8bc4-ceb2e81e60c1,First German Evangelical Lutheran Church | First Lutheran
5560500,Oshkosh,methodist,2,church_overture:1dd685a5-8245-4925-b7b4-0ec2dc2c72d5|church_overture:6ade7d6d-84e2-43d3-a0ba-75205f78bfc8,"First Methodist Church (Oshkosh, Wisconsin) | First United Methodist Church"
5584425,Waupun,reformed,2,church_overture:20b0f5d1-f1da-491f-bd41-5296789cfd5f|church_overture:5f87dd1a-442a-4f97-82aa-1fe583f20a70,First Christian Reformed Church | First Reformed Church
5662450,Powell,baptist,2,church_overture:5cf70dbc-4ab6-43e7-b09b-31c6f8eda175|church_overture:933b46d1-5fe1-4c50-b49a-86c39c1290b7,First Baptist Church of Powell | First Southern Baptist Church
5666220,Riverton,pentecostal,2,church_overture:282f620a-8499-449b-a0d3-83301e2cde63|church_overture:a13b830f-ac7d-4900-9083-3c99dbc50c28,First Assembly of God | First United Pentecostal Church
